Datetime,PM2.5,PM10,NO,NO2,NOx,NH3,CO,SO2,O3,Benzene,Toluene,Xylene,AQI,AQI_Bucket
01-01-2015,171.6,117.7,123.3,12.4,61.9,49.7,1.26,79.7,164.3,6.04,12.74,9.59,489.7,Good
02-01-2015,22.5,317.5,163.0,62.4,130.9,46.7,0.0,59.7,49.8,16.31,7.77,5.83,243.3,Moderate
03-01-2015,269.3,69.9,195.5,107.3,232.0,36.4,7.44,12.8,119.4,16.97,19.69,8.6,148.5,Severe
04-01-2015,56.1,295.7,121.0,146.1,53.7,39.8,6.47,59.1,109.1,9.4,6.11,9.56,423.3,Satisfactory
05-01-2015,263.8,321.1,21.4,40.5,48.0,0.6,7.3,56.2,14.2,2.78,13.53,9.62,119.5,Satisfactory
06-01-2015,432.2,500.7,162.0,80.8,6.5,6.5,0.34,90.4,113.1,14.17,21.22,1.63,120.7,Poor
07-01-2015,122.9,583.2,128.1,146.3,27.2,27.8,2.65,71.2,78.8,10.85,19.27,8.07,421.8,Poor
08-01-2015,409.8,237.9,71.8,41.6,101.0,31.3,4.41,6.1,66.2,18.02,20.92,4.45,487.3,Poor
09-01-2015,77.8,270.7,110.0,66.6,194.6,36.5,2.06,73.2,159.6,8.42,12.0,5.81,8.0,Good
10-01-2015,449.3,460.8,0.7,2.8,51.5,36.7,8.78,26.9,76.1,12.05,26.19,9.05,275.2,Severe
11-01-2015,470.4,237.2,9.3,49.5,137.8,43.0,8.68,92.9,158.0,7.26,23.36,7.0,418.5,Severe
12-01-2015,138.2,431.8,119.0,46.9,180.4,22.2,6.57,70.2,128.9,2.81,12.72,4.43,69.7,Very Poor
13-01-2015,146.7,59.5,48.2,32.7,222.4,14.6,1.0,50.5,101.1,2.43,14.68,9.41,100.7,Satisfactory
14-01-2015,487.0,70.9,173.6,53.5,249.2,5.6,6.43,75.5,24.0,10.78,8.46,2.15,374.0,Good
15-01-2015,415.9,429.8,76.9,140.1,147.9,29.8,1.46,30.9,135.4,12.97,19.4,1.14,499.4,Satisfactory
16-01-2015,198.2,108.9,139.3,102.7,238.4,7.9,9.48,8.2,59.1,16.69,24.27,3.22,261.6,Severe
17-01-2015,368.9,476.1,131.9,90.5,186.7,8.4,6.73,41.4,5.3,7.82,8.19,5.56,3.8,Moderate
18-01-2015,14.0,456.9,88.4,112.2,166.8,16.0,8.68,11.9,27.3,1.01,9.64,6.48,104.3,Good
19-01-2015,306.8,78.0,43.2,115.6,95.1,30.5,3.47,0.8,140.9,5.34,9.64,9.64,273.1,Poor
20-01-2015,465.8,185.2,172.6,75.5,71.7,2.2,6.13,49.3,127.4,9.68,22.04,5.16,38.1,Poor
21-01-2015,21.2,271.6,43.0,46.7,91.6,20.2,1.16,40.6,183.6,9.56,28.44,5.43,384.3,Poor
22-01-2015,180.2,53.0,90.6,132.1,226.1,9.3,6.29,2.7,125.7,11.67,13.21,0.08,22.1,Satisfactory
23-01-2015,469.0,122.7,156.3,104.5,94.6,34.2,6.35,84.1,151.6,12.98,11.71,9.13,286.9,Good
24-01-2015,172.9,579.7,80.7,21.4,93.2,6.2,6.28,50.8,159.2,2.45,19.54,0.63,105.6,Moderate
25-01-2015,219.2,22.7,7.2,121.4,75.0,31.6,6.53,95.3,58.6,5.56,28.63,6.24,390.6,Severe
26-01-2015,274.2,119.4,78.8,34.3,35.9,19.5,0.31,79.3,20.4,8.92,0.34,5.25,319.9,Good
27-01-2015,469.0,203.6,6.7,120.8,224.1,27.3,4.59,65.7,110.2,12.07,24.7,8.48,78.7,Satisfactory
28-01-2015,447.1,152.5,38.3,131.8,91.2,12.1,8.66,30.7,172.3,13.23,21.91,1.82,92.9,Severe
29-01-2015,258.8,95.3,145.4,77.9,13.3,13.3,6.48,16.4,150.5,8.11,12.56,2.22,232.0,Good
30-01-2015,17.6,418.7,166.1,62.8,46.6,44.5,8.19,85.4,94.4,6.85,24.57,6.15,493.9,Very Poor
31-01-2015,327.5,71.1,73.7,105.1,203.7,3.0,6.85,4.4,28.9,2.39,23.86,6.05,432.3,Satisfactory
01-02-2015,245.6,397.9,73.9,91.1,212.8,46.1,1.84,59.0,6.3,16.79,20.7,3.27,211.4,Very Poor
02-02-2015,265.2,8.8,63.5,97.5,21.2,15.6,1.71,41.5,85.7,3.61,12.65,7.08,480.9,Moderate
03-02-2015,413.9,371.0,153.5,37.8,117.5,6.5,8.55,56.1,132.0,7.34,26.49,5.17,235.7,Very Poor
04-02-2015,76.2,253.1,58.5,88.6,8.2,4.4,4.31,46.3,79.7,16.35,2.37,5.09,377.2,Good
05-02-2015,73.8,57.2,114.9,37.9,185.6,6.5,1.48,47.3,86.3,18.18,19.78,2.09,6.0,Moderate
06-02-2015,56.8,201.4,48.7,121.0,97.0,26.2,9.2,20.6,48.5,14.26,2.17,4.44,93.3,Good
07-02-2015,375.1,280.7,6.4,115.6,116.0,37.8,2.47,4.0,71.1,15.79,5.76,4.28,173.3,Satisfactory
08-02-2015,287.3,346.6,85.5,114.7,100.5,41.5,4.48,52.6,140.8,4.6,13.99,2.34,205.0,Severe
09-02-2015,270.0,331.6,6.9,4.6,157.0,22.1,9.34,63.3,174.6,18.11,19.2,4.93,64.4,Severe
10-02-2015,419.1,43.5,80.1,35.5,239.7,28.1,4.99,22.3,40.9,2.1,18.98,3.48,440.1,Poor
11-02-2015,127.8,526.8,179.1,134.0,0.3,33.8,1.79,91.1,14.8,5.96,25.3,1.86,367.5,Poor
12-02-2015,318.1,363.3,79.6,121.0,33.3,31.0,7.97,66.8,172.9,2.98,14.14,5.64,355.9,Poor
13-02-2015,98.7,170.3,76.9,102.2,218.9,36.4,1.24,98.6,72.7,19.58,29.62,7.93,330.6,Moderate
14-02-2015,308.9,324.1,62.1,77.5,111.0,32.9,5.28,91.4,124.7,14.66,21.18,4.01,75.0,Poor
15-02-2015,148.2,233.0,167.4,70.1,145.2,44.7,2.2,77.6,46.2,9.52,14.57,9.62,52.2,Poor
16-02-2015,63.0,58.1,73.3,61.6,249.8,8.5,8.63,6.0,86.4,5.22,23.03,4.67,274.3,Very Poor
17-02-2015,475.1,186.4,157.4,15.7,233.3,37.6,5.58,99.3,137.5,5.16,7.4,1.52,125.1,Moderate
18-02-2015,355.2,376.8,59.8,91.9,224.3,11.6,2.71,52.0,31.8,10.76,13.13,7.34,340.5,Severe
19-02-2015,460.0,531.0,30.1,40.0,53.6,48.3,3.97,46.6,58.9,16.99,19.27,3.27,290.1,Good
20-02-2015,345.0,217.8,151.5,115.1,219.8,7.6,1.17,32.2,174.7,10.56,16.06,2.97,110.2,Good
21-02-2015,438.0,510.7,160.2,43.7,65.1,46.5,3.85,23.8,30.4,4.62,8.7,4.95,253.4,Poor
22-02-2015,353.4,176.1,177.6,109.3,129.5,0.8,4.88,5.8,51.5,0.38,19.94,3.0,362.5,Moderate
23-02-2015,159.9,326.1,132.7,33.0,104.3,13.1,8.86,27.4,139.6,18.34,9.65,5.12,13.2,Good
24-02-2015,39.4,414.2,64.5,35.7,70.1,49.2,6.17,31.8,96.6,15.83,16.06,3.38,95.9,Poor
25-02-2015,448.5,581.4,8.0,60.2,57.3,0.3,0.18,13.7,44.3,13.71,27.37,2.6,227.2,Very Poor
26-02-2015,356.0,523.7,189.9,125.4,71.1,9.9,1.17,63.9,75.1,14.74,13.28,1.14,492.4,Poor
27-02-2015,463.2,535.2,82.4,121.0,10.5,3.8,0.31,33.7,149.2,9.34,27.58,9.02,160.5,Satisfactory
28-02-2015,234.1,286.6,145.6,66.1,74.8,28.1,8.78,93.3,45.0,15.9,8.5,5.65,408.3,Good
01-03-2015,320.5,471.2,31.8,100.4,231.9,45.1,0.47,64.8,154.7,3.74,4.51,8.82,464.8,Moderate
02-03-2015,197.2,61.7,155.7,13.7,67.4,44.1,9.96,25.7,172.7,14.04,10.09,0.09,123.4,Severe
03-03-2015,147.2,33.3,148.5,59.6,154.7,36.2,0.39,57.5,126.9,1.89,24.33,1.2,225.8,Severe
04-03-2015,196.7,278.3,71.3,44.4,68.7,4.9,6.02,25.0,108.7,7.43,26.71,5.58,12.5,Moderate
05-03-2015,217.6,545.8,93.6,144.5,111.2,17.0,6.82,5.4,120.2,19.13,24.61,0.4,275.8,Very Poor
06-03-2015,33.5,391.5,100.2,8.0,194.2,5.2,9.8,51.1,132.4,14.0,23.06,4.82,425.8,Very Poor
07-03-2015,72.3,384.2,17.4,100.8,4.1,13.9,6.22,47.3,198.9,14.33,19.58,0.43,204.0,Poor
08-03-2015,314.7,280.0,77.5,93.2,179.7,7.8,5.68,14.4,177.3,15.69,16.64,0.44,10.2,Severe
09-03-2015,362.7,110.1,154.6,83.8,90.4,6.0,8.65,55.8,197.9,10.45,20.14,0.79,498.0,Good
10-03-2015,361.6,470.5,74.0,141.8,34.7,45.8,6.89,92.3,95.9,16.07,6.96,6.86,472.6,Poor
11-03-2015,5.3,306.2,58.3,78.5,69.6,13.3,2.85,65.6,157.4,5.95,15.81,4.37,246.5,Very Poor
12-03-2015,156.2,558.5,22.8,8.3,193.7,3.0,8.97,90.2,136.9,7.93,21.42,7.63,183.3,Very Poor
13-03-2015,496.9,129.7,73.2,58.1,173.3,16.2,2.46,33.6,16.9,9.13,16.76,6.81,316.6,Severe
14-03-2015,60.6,186.0,53.0,59.1,200.6,22.1,1.03,48.5,102.2,7.74,2.64,4.02,391.4,Severe
15-03-2015,50.0,60.8,75.6,3.3,164.8,9.6,1.86,45.1,44.0,9.95,14.27,5.8,486.2,Poor
16-03-2015,493.3,567.3,64.2,8.9,173.3,5.6,2.08,57.4,85.2,17.23,0.19,0.07,157.5,Poor
17-03-2015,220.7,322.2,55.5,58.4,125.8,27.3,6.57,58.6,123.4,8.9,8.07,3.63,289.5,Moderate
18-03-2015,112.7,466.3,135.8,100.2,221.1,40.3,5.25,99.6,33.1,13.79,0.7,2.1,31.3,Moderate
19-03-2015,246.6,489.0,31.9,139.9,232.5,16.2,7.54,13.5,133.1,7.12,15.77,4.76,360.9,Poor
20-03-2015,17.5,395.7,59.1,143.2,60.5,34.7,9.41,1.0,69.0,15.79,0.98,8.5,84.1,Severe
21-03-2015,174.8,205.0,119.5,103.5,35.1,39.9,4.56,54.4,193.1,18.06,2.06,1.02,440.6,Severe
22-03-2015,24.7,417.5,185.4,149.7,32.5,11.1,1.61,82.5,120.8,19.67,4.56,1.4,81.5,Moderate
23-03-2015,331.9,16.8,164.3,118.1,48.5,48.0,2.06,30.2,20.4,19.65,20.37,3.37,299.1,Very Poor
24-03-2015,428.4,588.4,18.7,57.9,105.6,22.6,7.08,71.4,189.6,17.88,12.1,5.62,80.3,Satisfactory
25-03-2015,46.1,358.7,77.0,148.6,200.5,41.2,2.82,13.6,64.3,9.91,21.47,1.54,380.6,Moderate
26-03-2015,106.4,595.3,179.7,26.1,146.3,21.2,9.66,34.4,79.5,5.75,15.53,6.92,160.2,Poor
27-03-2015,200.3,304.6,155.9,132.0,213.8,25.6,1.29,16.2,36.0,19.76,10.69,4.24,41.5,Satisfactory
28-03-2015,371.3,579.8,199.3,116.1,47.5,46.0,6.35,51.5,54.9,1.59,6.93,2.67,7.1,Good
29-03-2015,100.6,241.9,108.1,10.0,127.3,15.5,6.28,45.1,24.8,16.09,16.92,7.66,202.1,Very Poor
30-03-2015,328.8,213.9,113.0,73.1,137.1,35.3,0.62,16.8,43.2,0.3,27.87,3.01,201.8,Good
31-03-2015,498.1,421.4,19.9,114.7,13.3,44.1,6.65,23.6,117.3,19.64,26.18,4.43,490.5,Good
01-04-2015,89.9,41.4,174.2,27.1,86.5,4.0,3.06,45.8,8.9,7.49,23.78,4.8,67.7,Poor
02-04-2015,303.2,328.1,160.1,92.0,124.5,43.4,8.15,30.3,80.1,0.99,14.69,2.44,16.6,Very Poor
03-04-2015,289.0,390.8,20.1,97.0,191.5,17.0,2.89,7.8,60.7,15.56,18.03,7.13,215.4,Severe
04-04-2015,62.6,454.7,155.9,133.9,226.2,9.5,9.23,29.9,118.6,3.38,24.52,9.89,435.6,Poor
05-04-2015,244.9,38.6,186.7,87.3,121.1,21.4,4.45,5.8,45.3,12.86,22.59,7.68,181.8,Satisfactory
06-04-2015,454.3,212.3,182.1,59.6,217.1,23.7,6.86,71.0,67.6,16.67,28.19,4.71,392.7,Moderate
07-04-2015,134.9,388.6,188.6,143.7,178.0,25.8,0.65,3.1,70.9,10.05,13.42,1.01,455.1,Very Poor
08-04-2015,148.1,365.9,136.7,57.3,14.2,22.3,9.5,91.2,197.0,9.88,20.24,5.3,96.6,Good
09-04-2015,412.4,227.8,21.6,34.7,138.8,33.7,8.77,3.1,97.7,0.35,9.2,2.18,453.9,Very Poor
10-04-2015,421.2,90.5,66.7,105.0,193.4,24.5,3.64,78.8,56.8,7.88,0.78,8.8,128.7,Very Poor
11-04-2015,446.6,551.3,43.6,18.8,149.4,5.6,3.25,90.8,37.3,0.52,25.59,0.41,408.0,Severe
12-04-2015,86.7,460.4,97.6,83.4,242.5,47.8,7.65,21.2,144.1,7.69,3.67,2.6,112.3,Moderate
13-04-2015,331.5,434.7,98.0,147.0,49.2,37.1,6.58,14.2,46.0,11.53,15.65,8.47,74.3,Severe
14-04-2015,121.0,349.1,97.3,108.5,77.9,41.6,0.5,56.6,70.6,16.46,11.57,8.17,397.1,Satisfactory
15-04-2015,79.2,575.0,178.9,53.8,246.4,17.3,7.97,83.9,93.7,3.25,20.04,3.05,387.8,Moderate
16-04-2015,365.7,54.0,19.9,122.2,136.6,49.4,1.24,29.9,75.4,18.13,20.53,0.67,478.1,Good
17-04-2015,225.7,575.8,48.4,77.6,202.8,5.9,2.54,87.5,64.4,3.15,15.42,6.32,146.0,Poor
18-04-2015,72.7,39.3,122.2,9.8,18.7,28.0,4.2,7.3,168.2,7.44,26.78,1.78,360.4,Good
19-04-2015,431.0,350.1,137.9,15.2,155.1,8.9,3.51,12.7,81.2,8.28,27.5,7.6,69.2,Very Poor
20-04-2015,140.6,23.5,117.6,20.8,231.9,16.1,3.08,79.7,169.6,10.89,12.11,8.22,44.1,Good
21-04-2015,2.7,68.2,28.5,66.1,152.5,0.6,8.01,98.5,144.2,0.2,17.15,7.25,321.2,Good
22-04-2015,246.3,114.3,120.0,10.6,160.4,12.5,9.33,3.9,84.5,11.72,26.67,8.29,138.1,Poor
23-04-2015,491.5,415.3,136.8,11.8,225.2,36.6,7.74,15.4,107.2,1.47,20.42,3.41,212.4,Moderate
24-04-2015,466.5,303.7,80.6,129.7,84.6,5.0,8.77,63.9,14.1,5.99,29.13,8.47,448.5,Moderate
25-04-2015,104.3,538.7,57.4,70.5,216.6,28.5,4.32,66.3,72.7,12.27,22.99,3.01,67.0,Severe
26-04-2015,285.2,420.5,9.4,7.8,12.5,17.0,0.57,8.6,54.1,1.15,26.46,8.41,273.6,Good
27-04-2015,18.2,554.7,85.6,48.9,107.3,40.1,8.76,68.2,48.6,11.89,10.1,4.91,185.8,Poor
28-04-2015,270.6,433.1,169.6,103.8,20.5,14.2,5.84,77.9,79.7,2.86,28.91,1.0,40.6,Poor
29-04-2015,328.3,14.8,166.2,121.0,44.2,42.4,4.29,39.4,141.0,7.1,27.56,2.86,395.5,Very Poor
30-04-2015,326.2,133.9,0.8,103.5,170.8,36.9,9.63,96.1,143.9,6.8,27.3,6.72,397.5,Poor
01-05-2015,55.2,545.8,145.9,144.7,132.1,49.6,4.96,67.8,81.6,13.85,15.74,5.55,338.0,Very Poor
02-05-2015,144.9,473.6,36.9,85.0,88.3,27.7,3.84,35.9,104.2,4.6,25.1,6.02,261.1,Good
03-05-2015,267.7,205.7,49.9,97.4,47.2,49.8,1.4,0.1,173.8,1.38,4.02,5.09,363.5,Severe
04-05-2015,498.7,77.3,83.4,114.3,102.6,49.6,0.79,39.4,174.7,12.56,25.61,8.11,236.3,Satisfactory
05-05-2015,449.4,173.3,59.0,22.7,172.9,33.2,3.47,27.3,27.7,14.12,3.49,1.11,59.7,Good
06-05-2015,436.4,105.4,46.1,85.0,5.5,45.2,8.36,2.3,170.4,10.96,23.11,8.29,416.8,Good
07-05-2015,171.6,370.3,1.0,100.5,189.7,35.8,8.12,77.1,93.6,5.37,5.73,2.84,245.6,Good
08-05-2015,285.6,330.8,123.5,122.6,66.6,12.6,0.81,98.7,51.6,14.27,12.61,9.63,386.8,Good
09-05-2015,25.4,76.7,9.6,27.6,205.2,33.1,1.8,48.5,177.8,15.33,29.62,2.83,119.5,Satisfactory
10-05-2015,285.4,436.6,16.8,100.3,141.7,39.9,3.13,13.2,67.1,7.28,18.7,0.65,409.1,Poor
11-05-2015,264.2,144.3,180.6,147.1,191.3,40.6,2.59,65.5,122.5,5.2,1.35,8.16,157.8,Moderate
12-05-2015,474.4,433.0,138.0,56.1,45.7,47.2,9.0,95.2,41.3,15.37,1.82,7.92,80.5,Severe
13-05-2015,260.6,471.1,197.0,136.5,112.7,6.4,5.0,35.7,46.4,6.11,17.02,1.17,163.2,Moderate
14-05-2015,354.6,582.1,72.1,120.8,238.4,47.3,2.28,76.2,185.0,2.68,22.27,8.36,421.0,Satisfactory
15-05-2015,14.5,529.5,177.6,40.6,21.9,36.0,0.11,16.9,26.9,17.77,20.45,9.38,370.8,Satisfactory
16-05-2015,470.5,53.0,131.7,58.5,243.8,13.9,8.38,8.8,52.6,19.71,16.38,2.62,184.0,Severe
17-05-2015,107.2,465.9,146.5,146.8,38.4,19.7,1.25,96.6,38.1,1.02,13.49,9.97,29.0,Poor
18-05-2015,137.5,446.2,42.2,113.9,77.1,28.8,6.57,40.4,177.3,6.61,10.59,4.53,23.6,Severe
19-05-2015,58.5,505.1,89.9,66.6,158.9,25.0,1.11,68.0,59.9,13.76,26.34,1.43,386.5,Very Poor
20-05-2015,302.6,440.2,189.1,64.9,246.5,31.5,5.94,62.2,123.5,8.26,21.12,6.91,415.1,Poor
21-05-2015,427.6,544.6,111.3,21.4,224.4,12.8,4.82,59.7,128.8,13.42,3.92,4.62,465.9,Very Poor
22-05-2015,209.4,196.1,30.9,13.1,174.1,26.8,6.47,17.9,72.9,13.69,5.15,3.16,155.6,Good
23-05-2015,23.4,298.2,134.7,147.6,151.5,44.3,2.51,8.1,150.6,5.44,1.19,3.1,141.2,Very Poor
24-05-2015,30.4,54.7,24.0,47.1,79.0,0.3,8.16,99.1,90.2,14.74,29.48,8.09,301.2,Very Poor
25-05-2015,346.8,589.5,75.4,53.4,91.0,40.4,1.82,37.5,144.4,9.22,25.64,0.48,66.1,Very Poor
26-05-2015,350.2,197.1,191.8,100.9,39.1,12.7,7.79,69.7,21.7,1.59,7.61,5.26,97.8,Poor
27-05-2015,468.9,556.6,26.9,84.1,221.5,44.5,1.14,13.4,116.6,1.65,10.21,1.75,90.1,Severe
28-05-2015,462.3,111.8,83.3,71.1,62.5,33.3,6.51,66.6,59.7,11.3,28.19,9.19,86.8,Good
29-05-2015,143.9,539.8,93.2,146.0,147.4,42.5,1.68,60.1,164.2,4.83,6.26,9.22,374.5,Satisfactory
30-05-2015,91.3,77.0,18.0,133.9,50.9,41.4,3.58,7.9,120.5,12.97,21.52,6.39,419.1,Severe
31-05-2015,417.1,202.2,76.9,142.9,239.1,37.1,6.42,46.4,118.3,12.27,5.99,9.89,455.2,Poor
01-06-2015,272.8,149.5,193.1,62.6,77.6,29.9,7.27,51.0,63.7,14.03,3.69,4.28,429.8,Good
02-06-2015,320.5,384.1,57.9,44.9,140.4,40.8,8.71,82.3,59.8,0.16,1.48,4.61,13.3,Very Poor
03-06-2015,310.3,110.5,184.3,68.1,155.9,46.5,0.13,65.0,145.7,0.06,4.48,7.35,40.6,Moderate
04-06-2015,124.1,317.4,22.0,101.6,78.7,34.5,9.87,64.0,118.6,16.84,1.35,4.56,220.4,Good
05-06-2015,9.8,468.0,0.5,104.1,169.1,12.1,9.29,93.7,24.9,9.58,20.94,3.73,403.5,Moderate
06-06-2015,371.4,274.8,93.4,118.8,84.7,47.4,7.8,63.8,130.0,1.16,28.75,0.23,366.9,Poor
07-06-2015,363.3,298.5,11.3,62.2,185.6,14.6,2.86,88.3,10.1,1.89,3.63,4.25,453.3,Severe
08-06-2015,42.0,432.7,189.3,108.5,86.1,30.7,0.88,1.3,77.6,5.41,15.03,1.66,405.5,Poor
09-06-2015,428.2,460.9,179.7,127.6,165.2,44.0,9.2,91.8,18.3,11.87,10.42,2.72,370.8,Poor
10-06-2015,342.5,365.6,27.5,23.5,175.3,29.8,2.52,46.7,52.4,3.71,28.75,5.07,240.7,Moderate
11-06-2015,181.4,409.7,5.3,43.3,169.7,37.2,6.2,36.4,183.5,4.83,12.28,9.07,98.3,Poor
12-06-2015,343.7,371.3,86.8,81.6,138.0,31.2,2.5,80.2,146.3,6.09,22.32,5.23,92.5,Good
13-06-2015,98.6,437.9,5.6,63.8,11.1,28.0,9.17,65.9,92.3,6.46,22.66,5.15,193.6,Satisfactory
14-06-2015,441.3,14.2,61.1,100.8,60.2,15.7,8.17,74.3,129.5,4.36,8.68,8.2,160.7,Moderate
15-06-2015,194.0,507.3,141.3,77.8,199.2,40.3,1.45,82.1,144.8,9.22,23.04,4.39,409.3,Good
16-06-2015,482.6,320.9,77.7,0.9,38.2,37.0,7.36,62.6,184.8,9.1,1.51,1.87,172.4,Very Poor
17-06-2015,147.4,186.0,112.6,145.4,20.7,45.4,6.2,15.8,84.2,7.05,21.84,6.74,194.8,Severe
18-06-2015,196.8,451.4,39.7,1.2,245.2,13.2,7.66,26.5,184.3,16.06,22.44,6.33,110.8,Poor
19-06-2015,227.3,169.2,49.7,114.0,64.1,25.2,0.12,99.6,64.6,19.02,23.55,6.89,203.8,Moderate
20-06-2015,481.3,470.6,3.4,18.1,225.7,6.3,3.67,25.9,75.8,11.24,27.91,8.98,58.5,Severe
21-06-2015,92.7,93.4,99.3,125.4,45.3,25.1,2.86,74.2,186.1,12.42,10.93,3.48,50.5,Moderate
22-06-2015,290.1,384.6,86.7,144.6,129.9,48.9,0.44,74.4,98.1,4.23,3.5,1.1,344.1,Poor
23-06-2015,479.7,346.6,67.1,80.6,37.8,35.1,7.4,31.4,132.3,1.68,12.56,6.76,404.7,Satisfactory
24-06-2015,375.0,525.8,22.3,19.0,216.1,17.6,6.39,94.9,91.2,9.26,4.31,6.97,121.1,Poor
25-06-2015,4.9,240.8,53.1,1.5,226.0,37.1,4.19,19.5,27.0,6.68,3.57,7.32,449.7,Satisfactory
26-06-2015,449.5,282.6,159.6,12.0,221.0,34.7,0.37,85.0,125.1,11.08,9.72,9.63,137.0,Satisfactory
27-06-2015,347.0,63.5,33.4,29.4,223.1,44.4,6.71,88.3,9.3,3.97,18.04,7.7,390.0,Severe
28-06-2015,494.9,408.0,46.9,119.8,94.9,23.9,5.71,99.0,140.1,11.53,8.47,6.08,193.1,Good
29-06-2015,374.9,129.9,50.9,143.7,244.6,16.8,7.33,9.2,21.9,9.21,15.64,6.7,210.7,Severe
30-06-2015,199.5,375.2,5.8,98.6,170.7,7.2,9.02,20.2,17.9,15.53,6.94,5.73,391.8,Severe
01-07-2015,338.8,227.7,190.2,100.8,40.7,17.0,2.87,39.5,19.8,3.72,26.07,7.72,115.4,Satisfactory
02-07-2015,140.0,278.5,52.6,106.0,52.6,42.0,5.35,24.8,155.4,4.08,2.73,1.96,295.9,Good
03-07-2015,334.8,166.6,174.0,26.1,204.2,42.9,8.67,87.0,197.6,19.79,16.6,2.99,436.6,Very Poor
04-07-2015,87.7,206.9,37.8,45.1,179.7,42.8,6.44,14.9,65.9,10.34,28.69,4.26,25.1,Poor
05-07-2015,425.2,231.4,112.4,71.5,8.4,12.9,8.12,69.9,17.6,9.21,15.09,3.29,451.4,Moderate
06-07-2015,443.0,599.5,158.3,33.1,126.2,38.7,4.67,13.5,135.4,19.92,10.93,7.93,171.0,Severe
07-07-2015,33.1,478.5,62.7,39.9,228.6,16.9,3.25,32.6,83.4,15.7,6.42,6.29,250.8,Severe
08-07-2015,248.6,542.7,54.2,56.6,176.2,37.1,1.22,61.3,69.6,12.69,23.37,8.56,455.2,Good
09-07-2015,126.5,138.6,70.0,127.0,84.3,48.8,7.6,3.1,17.0,19.53,20.59,3.79,404.0,Good
10-07-2015,316.7,130.3,142.2,67.2,88.2,38.0,7.52,85.6,42.4,9.08,21.5,4.35,231.7,Very Poor
11-07-2015,84.1,459.9,136.1,64.3,198.3,35.0,4.9,52.5,6.2,4.16,8.08,3.15,311.6,Severe
12-07-2015,17.2,54.5,48.7,41.7,129.2,30.8,7.63,28.5,63.3,1.64,22.22,2.06,84.7,Poor
13-07-2015,467.1,66.3,196.8,71.5,88.8,7.3,4.03,90.1,126.7,3.61,13.46,1.54,105.1,Severe
14-07-2015,252.8,103.9,187.5,81.5,199.2,20.7,6.58,66.7,27.2,12.74,5.97,1.3,166.2,Poor
15-07-2015,383.9,572.8,151.1,62.8,36.7,31.2,9.5,16.7,84.8,18.76,19.33,8.14,179.8,Good
16-07-2015,76.2,165.3,90.6,39.3,39.9,15.1,6.14,85.3,176.4,3.72,9.55,1.24,332.8,Severe
17-07-2015,410.2,64.3,21.8,136.8,145.0,39.9,1.58,25.5,165.9,6.53,24.42,2.24,200.3,Very Poor
18-07-2015,86.1,192.7,93.2,9.5,94.5,25.6,8.86,58.3,33.9,6.89,13.4,6.65,45.9,Poor
19-07-2015,129.3,363.4,150.8,24.8,123.3,1.2,9.35,52.7,25.5,1.56,4.41,6.23,22.3,Very Poor
20-07-2015,139.8,45.3,124.5,11.7,103.3,44.6,2.94,71.2,108.4,12.48,6.29,8.9,74.7,Poor
21-07-2015,83.0,230.5,196.4,24.7,189.3,7.1,2.1,44.3,112.0,11.83,5.97,6.67,257.9,Good
22-07-2015,308.0,105.3,77.6,21.4,219.5,5.1,4.87,33.9,35.4,14.96,22.92,4.82,376.6,Good
23-07-2015,214.4,593.2,23.6,54.6,27.6,0.5,1.05,79.2,154.0,8.94,22.54,7.92,432.7,Moderate
24-07-2015,430.4,554.9,55.4,145.3,117.1,38.5,7.6,76.3,191.4,19.41,14.76,2.47,238.6,Very Poor
25-07-2015,93.6,324.6,40.7,13.6,114.8,34.9,5.97,22.4,64.9,0.99,10.84,8.49,163.7,Poor
26-07-2015,193.6,424.2,26.2,142.5,43.9,18.2,6.36,98.6,57.1,16.55,24.77,3.22,215.1,Good
27-07-2015,35.8,568.7,196.9,117.1,19.7,32.1,0.19,85.9,170.7,16.07,11.67,9.31,40.7,Moderate
28-07-2015,374.2,190.8,24.2,27.1,217.7,2.8,3.95,34.7,111.4,14.41,20.99,6.95,34.8,Very Poor
29-07-2015,93.7,530.0,153.1,127.3,112.8,49.0,7.01,15.4,125.0,14.86,11.37,6.02,70.5,Very Poor
30-07-2015,479.3,177.6,134.3,97.9,177.2,26.8,9.99,19.2,111.1,3.27,29.01,5.28,44.9,Very Poor
31-07-2015,68.9,250.7,166.9,0.7,49.7,33.2,3.94,98.3,50.5,10.44,23.06,7.76,35.0,Moderate
01-08-2015,178.4,522.7,98.3,82.4,243.6,42.7,0.38,5.8,79.5,7.05,20.87,6.35,17.9,Severe
02-08-2015,460.8,255.9,70.3,123.3,211.5,42.7,2.59,49.2,71.9,4.3,1.83,7.7,433.2,Severe
03-08-2015,355.4,519.4,62.0,22.2,97.7,49.9,8.73,27.2,113.6,8.6,15.53,0.25,252.7,Good
04-08-2015,470.9,189.1,128.7,25.0,70.3,39.3,2.75,16.2,56.2,19.68,23.83,3.58,346.2,Good
05-08-2015,62.1,593.6,26.1,138.3,51.1,46.7,1.04,41.9,54.8,12.95,3.16,1.72,429.0,Poor
06-08-2015,484.7,591.3,90.8,4.6,218.5,38.3,7.27,22.3,90.4,17.05,21.29,8.63,178.4,Satisfactory
07-08-2015,328.0,510.8,17.7,30.6,80.9,37.9,2.52,67.5,126.0,9.41,1.07,6.73,282.2,Poor
08-08-2015,276.6,232.5,148.5,86.7,125.7,20.0,4.4,43.2,8.1,19.22,0.79,0.27,230.6,Poor
09-08-2015,236.4,301.8,191.9,47.5,72.5,33.3,0.34,70.4,58.2,10.29,26.51,6.25,162.6,Moderate
10-08-2015,227.6,203.6,172.2,136.9,114.5,9.4,8.49,0.6,180.6,9.57,18.53,3.98,184.6,Poor
11-08-2015,221.9,251.5,38.9,61.7,9.2,40.9,4.59,47.4,11.2,6.04,4.52,7.34,155.4,Poor
12-08-2015,305.5,247.0,29.8,95.7,53.8,12.6,1.64,5.1,70.8,6.59,5.75,9.51,491.4,Severe
13-08-2015,488.8,278.0,178.0,44.4,208.4,5.0,8.73,41.1,65.8,11.0,29.56,1.03,379.0,Moderate
14-08-2015,39.8,541.1,78.6,106.7,109.6,10.5,6.32,51.6,147.7,11.43,20.33,8.11,152.6,Severe
15-08-2015,305.7,223.0,15.1,66.8,245.7,7.0,5.33,1.4,112.6,4.36,25.74,9.14,82.8,Poor
16-08-2015,7.2,160.6,63.2,46.5,35.9,46.2,9.1,88.2,165.7,6.22,18.0,0.82,484.1,Good
17-08-2015,393.5,88.9,108.2,96.8,236.8,36.5,2.66,7.4,102.9,14.95,12.89,2.99,258.1,Moderate
18-08-2015,492.6,492.4,56.2,16.0,227.3,33.5,0.45,0.3,190.9,2.12,28.92,5.64,415.1,Moderate
19-08-2015,92.1,485.0,165.7,11.6,106.5,22.2,2.33,63.6,111.8,17.03,16.99,4.79,324.3,Satisfactory
20-08-2015,462.6,428.9,12.9,10.8,101.0,23.4,1.21,88.2,86.8,14.0,5.31,5.12,426.6,Very Poor
21-08-2015,154.1,105.4,175.3,40.7,96.1,4.3,2.32,65.8,97.2,11.17,9.16,8.31,388.4,Satisfactory
22-08-2015,82.2,178.0,138.5,145.7,28.9,16.6,9.92,94.6,182.0,19.77,24.79,3.0,314.6,Poor
23-08-2015,429.9,473.4,30.2,20.5,184.8,49.9,4.18,67.6,50.3,1.57,12.48,6.05,43.7,Good
24-08-2015,50.6,528.2,90.7,72.5,205.1,39.7,4.2,39.6,131.6,1.47,21.19,1.28,112.9,Satisfactory
25-08-2015,75.4,558.9,1.7,119.8,134.0,49.9,4.54,53.0,188.4,2.81,21.77,9.56,8.2,Very Poor
26-08-2015,409.9,348.9,66.5,99.3,215.6,19.1,9.63,64.7,145.9,9.14,13.49,0.86,314.4,Satisfactory
27-08-2015,382.0,503.0,192.5,121.2,233.8,25.4,3.11,93.3,89.6,8.13,15.51,1.02,450.8,Severe
28-08-2015,89.5,151.2,17.7,108.5,156.7,23.4,5.13,7.5,12.7,3.87,27.54,3.89,68.4,Satisfactory
29-08-2015,126.6,454.0,127.6,148.5,159.1,47.5,8.17,87.5,31.2,4.89,22.2,2.89,449.0,Poor
30-08-2015,394.2,307.2,3.4,34.9,248.9,7.1,8.32,52.4,72.6,17.34,13.55,7.62,436.2,Good
31-08-2015,22.2,578.9,25.5,71.6,236.1,14.3,3.86,63.5,46.7,11.42,16.39,2.96,140.1,Very Poor
01-09-2015,23.8,271.5,173.0,71.4,87.7,24.6,6.11,5.5,156.8,15.77,28.74,0.45,222.4,Good
02-09-2015,26.1,239.7,175.6,21.1,47.4,29.0,8.74,51.3,85.2,10.21,25.53,4.61,165.0,Very Poor
03-09-2015,230.3,511.3,155.5,84.1,20.7,5.5,4.91,94.7,188.9,4.56,19.11,5.57,135.6,Satisfactory
04-09-2015,308.2,241.5,174.9,33.6,5.7,5.3,5.91,14.5,109.9,2.84,7.5,5.43,402.8,Moderate
05-09-2015,67.0,593.4,41.0,51.2,205.8,36.8,4.62,75.8,143.1,1.49,20.25,9.02,241.0,Satisfactory
06-09-2015,343.5,563.0,196.0,52.0,58.0,11.4,1.42,10.9,70.1,10.08,14.26,4.36,152.9,Good
07-09-2015,298.2,180.3,175.7,26.5,187.3,18.8,5.03,83.2,6.4,15.06,5.6,7.02,210.5,Very Poor
08-09-2015,469.3,500.8,124.6,63.6,40.5,34.1,7.93,27.6,99.1,12.21,2.62,8.14,303.4,Severe
09-09-2015,160.6,596.0,32.6,39.9,197.1,41.6,6.0,6.1,25.4,2.51,29.6,3.87,289.7,Satisfactory
10-09-2015,151.6,166.1,137.2,117.4,68.4,32.5,1.67,95.7,116.2,4.01,18.18,8.19,351.3,Very Poor
11-09-2015,61.3,400.2,52.6,6.1,136.6,31.7,8.49,6.5,174.1,14.92,2.65,2.54,227.0,Very Poor
12-09-2015,6.3,276.9,90.9,15.3,65.4,48.4,4.38,76.2,51.6,7.65,22.52,5.52,228.8,Poor
13-09-2015,262.8,245.4,109.5,29.8,32.1,4.1,4.57,58.0,53.1,11.88,16.52,4.04,221.3,Moderate
14-09-2015,22.4,71.9,110.7,110.7,91.2,40.3,2.82,64.4,95.0,12.32,17.4,6.3,426.9,Severe
15-09-2015,132.7,298.7,62.0,80.1,7.9,47.0,1.15,18.7,40.4,1.95,15.97,1.83,97.7,Moderate
16-09-2015,70.1,442.5,15.5,146.2,120.1,27.0,2.66,29.7,25.5,19.78,28.25,4.59,0.6,Good
17-09-2015,494.2,410.7,163.8,32.5,192.6,12.0,0.42,42.8,135.0,4.75,23.99,4.5,193.9,Severe
18-09-2015,113.3,82.6,145.2,12.9,94.6,45.3,7.68,64.0,101.2,13.79,7.99,9.83,286.1,Satisfactory
19-09-2015,217.6,60.7,74.8,26.6,32.1,11.1,9.06,71.4,15.1,8.01,2.35,5.77,329.1,Poor
20-09-2015,352.3,286.5,185.8,140.9,166.2,4.2,3.4,71.5,169.5,8.03,14.33,8.79,441.1,Poor
21-09-2015,92.5,330.6,30.4,119.0,193.4,40.4,1.07,90.5,139.9,3.71,3.03,2.9,44.7,Severe
22-09-2015,254.4,258.3,57.7,50.3,18.0,45.4,1.26,92.5,151.5,7.53,8.34,5.66,320.2,Satisfactory
23-09-2015,338.0,435.4,116.3,49.7,17.5,4.2,4.0,22.8,152.8,17.16,19.55,2.24,121.6,Poor
24-09-2015,193.8,567.8,2.4,101.1,8.5,18.1,3.4,88.8,141.0,13.72,8.7,4.64,300.1,Poor
25-09-2015,414.2,489.5,94.2,113.9,58.8,41.7,1.81,21.8,133.9,4.39,8.43,6.36,144.5,Poor
26-09-2015,185.5,408.9,28.6,112.0,104.2,43.6,8.37,67.9,147.5,5.84,19.91,0.47,216.9,Severe
27-09-2015,210.3,166.7,149.0,101.6,26.7,15.3,6.71,75.4,64.2,18.26,7.85,8.76,132.6,Severe
28-09-2015,464.3,285.6,165.0,39.8,163.4,49.9,4.02,45.9,170.1,16.11,9.7,2.43,1.7,Moderate
29-09-2015,361.8,20.7,154.5,126.0,128.5,11.7,5.94,19.5,101.7,14.9,0.4,7.5,187.8,Moderate
30-09-2015,489.1,491.0,52.1,0.9,18.1,28.9,1.91,58.0,33.9,13.48,5.53,4.13,494.1,Severe
01-10-2015,470.4,535.2,37.9,91.5,144.9,45.0,8.38,60.2,50.7,13.44,28.85,8.61,229.2,Satisfactory
02-10-2015,132.7,103.3,147.0,53.8,150.6,44.8,5.94,66.1,105.4,5.06,15.27,5.42,58.4,Good
03-10-2015,402.1,472.6,37.4,101.4,210.9,33.4,9.47,22.5,142.5,4.88,25.62,0.65,5.6,Poor
04-10-2015,200.7,61.0,159.9,14.7,86.5,29.6,8.58,55.4,13.4,13.43,16.23,0.57,327.4,Very Poor
05-10-2015,179.8,91.9,0.5,148.7,155.2,18.9,6.42,28.4,146.4,9.05,7.01,0.24,64.7,Good
06-10-2015,245.5,245.3,76.2,128.5,52.3,21.3,5.77,25.3,52.7,18.83,10.57,2.07,379.9,Good
07-10-2015,412.3,409.4,65.1,33.6,188.8,38.4,7.4,22.1,171.5,4.09,4.6,2.58,106.4,Satisfactory
08-10-2015,301.8,209.6,100.3,103.9,153.9,2.8,5.34,85.2,186.1,15.55,13.79,7.11,447.7,Satisfactory
09-10-2015,115.8,181.9,22.2,102.0,73.7,4.2,7.72,20.7,45.5,13.46,6.75,8.14,98.1,Very Poor
10-10-2015,90.6,203.3,120.2,126.5,175.5,49.5,3.23,17.2,24.7,15.07,13.41,9.77,299.1,Satisfactory
11-10-2015,440.8,72.2,42.9,92.5,158.7,16.5,6.86,13.8,134.8,10.13,26.97,2.02,88.9,Very Poor
12-10-2015,260.7,207.5,169.1,112.9,102.1,22.9,7.79,16.9,62.4,13.29,18.27,3.57,22.2,Satisfactory
13-10-2015,108.9,531.6,143.4,74.1,136.5,29.3,7.99,83.0,3.7,13.6,27.03,2.51,123.3,Satisfactory
14-10-2015,240.8,138.1,109.6,51.2,141.5,27.1,7.91,69.2,40.8,8.79,24.68,3.98,40.9,Satisfactory
15-10-2015,273.1,67.1,129.5,80.2,186.2,13.8,5.31,53.1,86.2,6.72,18.94,6.99,352.7,Severe
16-10-2015,456.7,42.0,16.4,105.4,174.1,43.6,1.56,15.2,93.8,3.25,15.85,8.5,227.9,Good
17-10-2015,317.5,547.9,117.7,30.8,100.0,46.2,6.95,41.5,97.8,18.27,9.98,1.39,61.8,Poor
18-10-2015,181.4,40.9,122.0,1.9,154.5,32.7,7.49,34.6,67.4,17.24,24.27,2.43,34.0,Poor
19-10-2015,322.7,235.9,182.2,134.8,156.4,18.7,1.41,59.1,59.5,14.04,28.32,9.75,451.8,Good
20-10-2015,381.3,266.5,74.0,4.4,42.3,43.0,5.79,41.8,8.5,17.6,15.67,6.25,308.1,Satisfactory
21-10-2015,62.5,213.3,192.4,111.8,244.5,3.1,7.65,43.6,83.8,10.92,15.58,2.62,151.6,Moderate
22-10-2015,178.3,403.2,34.9,32.7,155.9,14.5,1.18,70.2,114.3,6.42,20.35,2.04,167.7,Severe
23-10-2015,166.7,311.8,26.9,73.9,211.9,31.8,2.02,15.2,174.9,16.41,8.34,1.83,273.7,Very Poor
24-10-2015,188.4,424.7,29.4,97.2,47.3,40.5,4.21,87.6,86.5,8.86,14.22,9.82,1.6,Moderate
25-10-2015,133.7,452.1,197.3,108.1,162.6,31.4,1.55,66.9,12.6,19.94,25.09,3.01,286.9,Poor
26-10-2015,176.8,268.1,154.4,58.6,106.0,30.7,3.21,22.2,140.6,5.78,24.64,5.16,122.5,Very Poor
27-10-2015,254.3,498.3,113.4,80.4,244.5,46.3,1.63,87.1,44.5,0.97,20.63,1.07,464.0,Moderate
28-10-2015,67.2,230.1,173.5,11.6,63.1,37.0,4.4,17.5,58.9,3.96,10.94,4.14,119.3,Severe
29-10-2015,179.0,385.7,115.2,82.3,64.5,46.2,1.25,7.6,171.3,17.43,8.86,5.58,288.7,Moderate
30-10-2015,361.8,184.8,137.2,15.5,177.3,11.1,7.37,87.4,153.1,11.26,13.0,4.21,73.1,Good
31-10-2015,398.7,70.4,186.7,74.6,40.2,31.3,9.27,4.6,28.6,12.2,26.85,0.34,412.6,Moderate
01-11-2015,85.0,153.2,117.3,78.8,67.3,30.4,6.1,19.1,131.6,13.27,25.66,0.89,76.5,Moderate
02-11-2015,144.5,324.7,17.8,8.5,7.9,48.7,5.05,36.7,137.5,15.57,22.34,1.73,50.0,Poor
03-11-2015,127.2,302.0,18.2,33.1,37.9,31.6,1.35,70.9,126.1,8.72,6.85,4.28,285.4,Good
04-11-2015,299.9,533.1,157.7,135.0,222.8,31.3,5.83,3.2,124.3,12.63,14.78,0.79,239.7,Moderate
05-11-2015,437.4,486.3,1.3,88.3,199.6,21.2,0.45,48.1,140.8,6.73,10.53,5.47,172.4,Poor
06-11-2015,329.3,138.9,107.3,85.0,84.2,32.0,0.52,39.3,78.4,15.79,29.75,7.14,371.8,Satisfactory
07-11-2015,133.7,344.4,108.0,17.2,1.9,34.5,0.2,82.8,4.2,19.5,14.66,7.29,422.8,Poor
08-11-2015,404.6,197.8,181.8,74.8,93.2,34.5,0.32,53.3,105.2,17.48,14.05,5.3,394.9,Very Poor
09-11-2015,71.2,8.6,79.4,25.3,90.7,35.9,2.13,93.3,116.1,18.78,2.23,6.03,466.3,Severe
10-11-2015,340.6,263.2,139.1,52.4,213.0,46.9,4.07,80.2,84.1,15.62,9.6,6.23,433.1,Severe
11-11-2015,387.9,381.0,120.3,56.5,245.3,37.2,2.95,50.6,38.4,10.4,23.74,7.24,112.8,Poor
12-11-2015,127.1,372.4,102.0,39.1,120.7,11.6,0.1,25.6,49.1,1.42,6.51,2.27,69.0,Good
13-11-2015,0.5,293.3,190.4,75.8,182.5,45.6,7.07,51.8,59.4,11.0,0.56,2.82,285.3,Satisfactory
14-11-2015,101.3,383.4,177.3,60.1,91.3,32.1,1.18,45.7,105.5,6.43,8.49,4.91,479.2,Poor
15-11-2015,335.8,147.0,1.0,120.7,57.3,12.1,2.86,15.4,148.2,3.69,11.75,4.64,185.5,Severe
16-11-2015,387.6,32.6,188.0,95.5,152.2,8.1,3.94,99.4,169.3,5.2,28.31,0.71,311.6,Good
17-11-2015,98.3,158.8,88.4,13.8,191.4,8.1,7.27,96.9,42.5,8.73,26.09,7.19,68.4,Severe
18-11-2015,185.3,357.5,57.1,20.1,110.9,34.9,2.55,23.3,5.6,0.35,14.04,7.31,123.8,Very Poor
19-11-2015,382.0,404.8,2.0,8.0,206.1,41.5,5.85,44.9,187.7,8.89,10.55,3.19,192.1,Poor
20-11-2015,136.4,488.1,140.5,113.2,188.9,30.0,0.13,57.5,167.2,6.95,24.35,2.85,389.1,Good
21-11-2015,2.5,219.6,58.9,81.0,229.0,48.6,1.33,79.6,111.3,8.73,3.0,7.61,430.9,Moderate
22-11-2015,111.1,501.0,80.6,12.6,207.5,6.9,3.14,41.6,147.9,13.1,3.45,1.82,289.8,Severe
23-11-2015,17.9,335.0,124.6,46.3,29.2,0.2,1.68,38.6,173.0,15.21,15.87,6.47,358.6,Satisfactory
24-11-2015,397.8,523.7,29.1,122.9,82.7,19.5,6.86,67.7,191.9,19.22,20.68,0.97,273.8,Poor
25-11-2015,157.3,301.9,115.3,99.4,169.5,42.5,6.39,27.7,98.6,15.73,22.88,6.69,340.7,Satisfactory
26-11-2015,243.4,149.4,15.4,127.5,218.1,20.7,6.83,14.3,161.6,5.19,9.61,4.5,462.9,Moderate
27-11-2015,359.4,112.1,194.9,11.4,140.8,17.7,4.91,67.7,151.3,9.39,2.79,3.76,203.9,Very Poor
28-11-2015,496.2,368.1,130.1,93.7,117.8,42.7,8.23,54.1,139.6,15.21,27.43,4.9,260.1,Severe
29-11-2015,174.3,561.1,91.2,147.1,112.4,4.6,4.29,12.8,5.0,14.96,24.26,8.02,463.9,Moderate
30-11-2015,187.4,409.7,18.4,107.4,241.4,17.8,4.43,47.1,1.8,3.7,7.02,3.63,365.6,Poor
01-12-2015,378.9,530.9,58.0,23.5,6.2,28.6,2.51,25.9,54.0,0.39,1.14,6.58,110.2,Good
02-12-2015,99.4,220.1,10.9,106.8,148.5,1.9,8.86,9.3,2.8,5.04,23.54,9.68,311.9,Very Poor
03-12-2015,482.4,483.0,141.5,120.4,98.5,14.2,5.95,21.1,14.8,18.64,9.6,7.3,336.1,Severe
04-12-2015,493.4,490.9,51.3,85.1,144.9,23.2,6.35,65.7,149.6,5.55,16.1,6.48,204.5,Satisfactory
05-12-2015,12.6,441.1,15.6,26.9,165.6,14.1,5.09,90.6,155.2,2.6,25.23,4.76,449.7,Very Poor
06-12-2015,491.0,435.5,98.8,75.6,227.2,5.9,4.54,51.6,155.1,7.42,29.41,3.12,82.8,Satisfactory
07-12-2015,389.6,559.6,163.7,138.4,207.1,32.2,7.35,77.8,156.3,11.0,0.57,7.92,410.7,Severe
08-12-2015,484.5,10.2,76.4,84.2,135.2,43.3,2.63,8.2,127.7,19.97,23.78,1.99,440.8,Satisfactory
09-12-2015,451.5,392.6,149.6,12.1,162.7,16.6,5.0,41.1,31.7,18.46,24.27,3.26,268.8,Very Poor
10-12-2015,328.0,437.2,180.8,127.6,34.9,32.2,6.46,86.8,180.1,4.37,7.41,6.73,315.7,Satisfactory
11-12-2015,418.1,245.6,77.6,35.1,245.4,2.6,0.58,14.9,7.3,18.47,1.97,6.6,200.3,Very Poor
12-12-2015,122.8,440.6,54.8,21.6,212.1,31.8,4.15,35.4,168.4,14.72,14.46,7.39,383.3,Poor
13-12-2015,236.1,475.9,67.8,132.2,229.7,49.6,5.42,62.3,58.0,1.42,14.54,5.13,244.4,Moderate
14-12-2015,407.2,195.6,14.6,130.3,181.3,32.8,3.47,98.4,197.2,0.13,9.76,5.92,496.5,Satisfactory
15-12-2015,393.6,50.2,50.3,43.7,69.9,31.1,7.13,75.1,117.4,18.87,0.04,1.41,211.5,Good
16-12-2015,11.7,354.4,41.7,8.0,236.2,33.5,0.27,5.8,43.3,16.38,24.28,5.39,429.2,Satisfactory
17-12-2015,197.2,184.8,39.9,64.5,26.9,50.0,2.6,16.4,30.9,6.96,11.54,1.99,496.9,Poor
18-12-2015,23.3,18.5,163.0,83.6,203.1,33.1,7.56,24.6,123.9,14.03,20.79,6.99,411.9,Very Poor
19-12-2015,401.9,158.8,163.7,30.8,192.5,24.4,2.17,67.6,72.3,15.82,29.18,0.77,349.4,Moderate
20-12-2015,0.3,181.3,22.6,2.4,165.2,37.9,7.18,27.8,182.7,4.16,20.02,1.68,399.0,Very Poor
21-12-2015,401.3,144.2,111.3,137.1,15.4,25.6,1.55,96.2,114.0,8.38,26.77,7.03,316.4,Very Poor
22-12-2015,416.4,565.5,31.3,129.6,114.3,1.6,5.0,71.1,151.8,4.06,16.32,5.09,125.9,Satisfactory
23-12-2015,124.6,241.2,42.4,26.5,65.5,15.6,3.68,41.3,195.8,5.8,24.05,4.0,346.2,Very Poor
24-12-2015,344.0,177.7,32.0,60.0,159.4,45.4,7.54,75.7,194.6,14.6,18.13,8.49,35.1,Poor
25-12-2015,200.1,361.3,159.7,58.0,190.9,33.1,2.2,99.8,131.0,13.9,10.86,6.66,293.7,Satisfactory
26-12-2015,330.6,327.8,59.3,136.5,209.2,0.5,2.62,89.7,109.5,16.37,4.94,9.86,425.1,Severe
27-12-2015,272.0,411.2,48.6,33.0,6.5,37.1,9.16,39.8,190.2,19.95,20.27,3.24,225.0,Very Poor
28-12-2015,386.5,315.6,140.8,73.4,231.7,20.2,5.92,57.6,65.1,11.96,11.5,8.9,238.6,Poor
29-12-2015,287.5,299.2,20.0,62.1,165.4,31.1,7.43,86.1,80.1,12.61,21.75,6.12,83.3,Very Poor
30-12-2015,299.3,242.3,37.7,4.3,128.2,47.9,3.21,50.8,41.9,2.44,16.56,5.85,1.4,Severe
31-12-2015,494.1,556.9,14.5,48.6,39.5,3.0,4.79,44.1,154.6,12.17,26.49,3.3,290.1,Moderate
01-01-2016,342.3,437.4,27.1,90.1,207.0,29.0,8.44,51.5,193.4,19.35,19.61,1.26,40.8,Severe
02-01-2016,373.9,546.6,114.3,50.8,39.4,9.0,4.93,72.0,142.2,5.29,22.91,7.39,283.3,Severe
03-01-2016,187.1,186.6,59.7,63.4,143.6,4.2,8.18,55.0,55.2,5.02,1.14,5.13,449.8,Severe
04-01-2016,340.0,283.6,42.9,126.1,18.9,3.1,2.76,54.4,117.2,19.36,6.45,1.42,352.6,Moderate
05-01-2016,124.1,388.1,39.4,61.6,92.9,15.6,2.15,15.5,163.8,5.5,9.78,9.86,22.1,Poor
06-01-2016,36.5,358.2,6.0,110.2,142.8,30.7,9.34,95.6,77.6,7.09,13.23,5.4,457.8,Severe
07-01-2016,356.8,202.7,45.8,145.4,122.2,36.0,3.98,35.1,148.2,3.3,28.77,5.43,366.9,Poor
08-01-2016,61.0,70.5,161.4,34.5,33.7,41.9,0.46,42.4,188.3,12.8,8.81,4.44,279.0,Severe
09-01-2016,183.1,303.7,92.7,149.3,199.4,15.5,2.44,21.5,187.5,12.08,15.88,6.95,179.9,Moderate
10-01-2016,16.4,328.9,112.9,109.2,166.8,16.2,2.9,51.2,186.3,2.51,21.31,1.64,192.9,Poor
11-01-2016,160.7,189.5,197.6,82.2,249.5,14.3,0.04,13.3,189.5,3.57,7.41,8.07,71.3,Severe
12-01-2016,372.6,405.0,164.3,4.8,98.9,22.0,6.84,15.8,68.7,17.01,24.04,9.2,296.9,Moderate
13-01-2016,470.4,0.3,181.6,144.2,182.7,46.0,4.32,13.5,195.5,8.53,6.64,5.18,183.4,Poor
14-01-2016,228.1,454.8,174.5,65.6,185.9,46.1,9.81,1.1,162.5,11.82,12.55,3.61,179.9,Poor
15-01-2016,342.6,26.8,154.7,114.4,132.9,13.2,9.24,7.5,161.9,1.87,26.29,7.46,208.7,Satisfactory
16-01-2016,259.9,303.1,43.5,23.6,215.0,26.8,2.78,18.7,168.9,3.28,12.28,7.48,92.7,Poor
17-01-2016,47.4,417.7,168.0,116.8,116.5,46.9,2.69,14.6,120.7,5.93,7.96,3.66,427.8,Good
18-01-2016,77.1,232.1,12.8,82.1,14.6,37.0,9.99,5.6,19.3,3.05,18.91,2.04,273.7,Severe
19-01-2016,224.5,363.9,170.8,94.0,62.6,29.2,4.47,33.0,19.4,15.23,1.64,3.75,233.5,Good
20-01-2016,187.2,96.2,3.4,55.7,227.1,45.4,0.09,12.0,174.0,1.48,14.12,0.79,130.5,Good
21-01-2016,180.6,220.1,164.2,36.8,48.7,45.5,8.51,87.9,84.1,18.84,16.14,4.51,283.6,Severe
22-01-2016,485.6,158.0,144.1,120.7,244.6,11.0,6.28,65.0,32.8,6.96,12.6,3.41,405.9,Moderate
23-01-2016,112.6,200.6,196.1,62.5,102.4,11.3,7.59,53.2,172.4,15.92,11.89,7.49,234.3,Severe
24-01-2016,413.1,343.5,20.3,109.7,18.1,34.4,6.52,26.2,137.4,8.77,23.32,1.58,431.6,Very Poor
25-01-2016,191.3,368.2,156.3,54.9,5.1,5.1,7.67,53.0,80.9,15.77,6.87,3.07,84.0,Poor
26-01-2016,280.9,501.4,112.1,48.5,177.9,25.9,9.86,33.2,67.4,4.6,4.93,9.51,301.8,Poor
27-01-2016,36.1,595.2,141.2,49.6,237.4,17.6,4.82,68.6,75.6,10.79,27.35,3.55,357.0,Poor
28-01-2016,33.7,563.1,126.3,102.9,196.5,25.9,6.63,1.0,74.9,10.1,5.33,6.53,335.8,Poor
29-01-2016,241.7,300.9,134.2,66.5,234.1,18.4,1.86,38.9,61.5,1.53,3.06,3.49,423.7,Moderate
30-01-2016,115.6,356.4,165.0,65.4,94.9,29.1,9.3,30.4,45.7,6.1,13.51,8.04,2.2,Very Poor
31-01-2016,408.0,498.6,169.3,8.4,115.1,38.9,7.29,74.5,157.3,9.37,19.46,9.37,316.3,Severe
01-02-2016,227.4,325.8,177.4,56.9,212.9,18.1,6.47,64.7,100.6,0.91,4.92,5.49,490.1,Moderate
02-02-2016,263.1,294.2,78.7,50.3,93.0,38.5,2.1,18.0,53.1,6.73,18.62,4.01,402.9,Poor
03-02-2016,363.2,524.1,135.7,61.7,59.9,27.8,4.88,64.4,156.2,4.28,12.79,7.41,147.5,Severe
04-02-2016,448.6,166.1,155.1,3.0,190.2,41.1,8.78,27.1,181.4,14.13,4.82,0.88,332.3,Satisfactory
05-02-2016,259.8,109.8,3.9,57.9,4.6,32.3,7.35,65.1,47.3,3.78,18.97,0.29,261.8,Severe
06-02-2016,343.9,161.4,132.0,61.1,81.3,10.3,5.63,68.4,153.0,8.87,15.5,5.43,210.0,Good
07-02-2016,199.7,37.3,69.0,23.2,243.9,21.5,1.64,72.0,124.1,4.41,2.26,4.35,292.2,Severe
08-02-2016,184.8,256.8,88.4,115.5,207.2,19.5,9.02,5.1,66.3,19.12,18.46,6.67,14.3,Poor
09-02-2016,233.5,232.7,39.2,30.4,134.9,39.8,6.99,61.9,105.0,7.73,17.47,8.28,369.5,Severe
10-02-2016,478.2,121.3,66.5,75.1,112.7,26.6,9.21,44.7,159.1,1.93,22.36,6.83,219.6,Satisfactory
11-02-2016,445.9,112.4,154.8,3.2,22.2,23.7,0.31,62.6,128.9,0.63,27.6,2.81,34.7,Severe
12-02-2016,5.4,306.8,177.0,37.2,156.7,40.1,9.43,85.7,42.0,15.38,10.64,3.33,293.6,Very Poor
13-02-2016,445.8,157.5,52.4,58.2,54.8,16.1,4.29,26.6,191.8,7.26,12.9,8.31,370.9,Good
14-02-2016,444.2,81.3,179.9,28.3,52.2,2.9,9.61,33.3,91.6,8.7,6.58,1.76,469.0,Satisfactory
15-02-2016,341.4,518.1,119.4,42.0,243.4,31.0,2.94,50.9,172.3,13.42,13.45,3.03,254.5,Very Poor
16-02-2016,73.7,502.8,48.9,81.8,110.8,44.2,2.08,45.3,4.7,11.93,22.3,3.6,441.4,Poor
17-02-2016,361.4,241.8,156.6,40.4,60.4,36.2,4.76,24.1,80.1,1.38,27.81,4.29,223.5,Severe
18-02-2016,113.1,516.8,170.8,3.2,160.0,40.2,4.85,38.8,12.7,15.18,12.03,3.96,31.1,Good
19-02-2016,429.7,125.7,94.1,131.0,13.4,14.3,1.75,51.0,29.3,0.83,11.69,6.89,29.7,Good
20-02-2016,318.0,430.2,132.5,51.6,40.7,43.1,6.15,98.7,11.7,13.77,1.04,3.01,46.6,Poor
21-02-2016,45.4,170.1,29.3,49.6,102.5,16.9,6.61,27.8,179.3,7.45,19.36,6.33,364.6,Poor
22-02-2016,143.0,556.4,175.5,144.3,205.1,1.0,2.1,3.3,28.5,11.62,12.29,5.72,171.2,Moderate
23-02-2016,87.9,455.3,152.4,101.7,91.7,2.1,7.95,87.8,11.8,5.29,28.58,5.16,79.3,Very Poor
24-02-2016,331.7,220.6,39.1,11.0,228.9,33.6,1.55,1.7,180.3,3.32,7.58,2.54,74.8,Satisfactory
25-02-2016,96.6,1.9,118.5,120.8,81.8,26.4,2.84,61.7,191.9,7.53,28.54,0.3,247.3,Satisfactory
26-02-2016,276.0,453.5,111.6,6.3,80.4,14.1,0.69,14.9,170.0,0.25,26.18,4.44,476.7,Good
27-02-2016,56.6,257.4,134.6,117.9,120.3,28.0,1.83,44.3,70.4,6.23,24.91,7.57,26.1,Satisfactory
28-02-2016,380.9,395.8,166.6,90.9,158.8,28.5,8.65,78.0,193.4,18.95,12.0,8.67,9.9,Satisfactory
29-02-2016,232.7,364.1,54.2,44.6,37.2,3.0,2.08,34.5,188.0,3.03,22.76,2.44,274.7,Very Poor
01-03-2016,128.1,475.5,55.2,13.3,79.1,12.3,7.12,93.2,158.0,8.43,29.41,8.57,446.0,Moderate
02-03-2016,280.4,108.7,6.5,96.2,163.5,8.1,8.19,24.6,52.9,4.96,20.65,8.94,85.4,Severe
03-03-2016,230.6,536.1,20.9,41.3,161.2,31.9,5.34,26.0,136.4,12.5,6.04,2.63,381.3,Severe
04-03-2016,270.8,336.8,107.5,140.7,8.4,47.3,4.94,74.2,183.6,17.64,22.82,5.34,4.7,Moderate
05-03-2016,120.1,22.7,162.7,76.7,178.2,41.5,8.61,21.3,192.9,5.98,27.31,6.62,498.7,Poor
06-03-2016,29.1,237.2,62.9,132.4,14.5,35.6,3.27,75.1,152.8,3.93,5.32,2.98,69.7,Good
07-03-2016,357.1,286.0,175.4,112.4,192.2,36.1,0.1,26.9,105.0,0.66,17.55,6.15,100.1,Poor
08-03-2016,0.2,399.8,143.5,95.4,34.3,10.0,2.96,9.4,97.7,14.22,0.4,7.83,463.3,Severe
09-03-2016,496.0,43.0,160.5,132.4,69.4,12.5,4.52,47.3,150.9,14.45,5.1,3.64,143.5,Satisfactory
10-03-2016,417.2,55.5,136.1,88.0,25.2,48.8,4.31,44.0,80.2,18.89,27.72,5.5,314.6,Moderate
11-03-2016,329.9,139.4,125.7,69.2,213.5,14.1,6.39,86.2,129.5,18.69,25.64,6.85,411.6,Moderate
12-03-2016,34.4,517.4,154.6,146.6,107.2,48.2,0.88,90.6,15.2,16.12,18.4,1.76,320.2,Satisfactory
13-03-2016,494.0,295.1,97.3,74.3,140.9,6.3,3.69,24.7,193.7,16.97,8.42,8.91,292.2,Satisfactory
14-03-2016,81.9,150.7,85.2,118.7,76.4,34.1,2.49,96.6,0.5,15.45,8.03,8.67,270.4,Very Poor
15-03-2016,140.2,432.7,65.4,46.1,85.0,6.2,8.04,9.1,179.1,5.96,14.69,2.57,197.2,Poor
16-03-2016,252.8,365.9,69.8,109.3,55.1,2.4,8.06,72.4,106.7,14.66,0.44,3.99,225.1,Good
17-03-2016,196.9,220.1,7.2,133.5,45.8,3.9,4.61,36.2,171.5,13.23,10.04,2.15,299.1,Poor
18-03-2016,181.4,535.9,167.9,74.4,128.4,37.5,8.39,36.2,124.7,13.82,6.49,1.52,237.6,Poor
19-03-2016,73.5,429.4,58.9,42.4,224.9,41.3,2.59,83.9,47.0,8.78,25.2,2.02,415.0,Good
20-03-2016,304.4,160.5,90.3,16.4,63.2,48.6,3.37,71.0,20.2,18.95,21.27,0.01,69.4,Very Poor
21-03-2016,304.5,127.9,188.3,4.8,20.7,45.7,3.33,14.6,164.1,9.7,29.49,7.51,242.8,Moderate
22-03-2016,91.5,567.1,130.8,100.5,87.7,34.2,7.38,33.4,49.7,8.31,14.54,0.66,27.7,Good
23-03-2016,300.9,314.5,69.0,42.1,91.9,10.9,7.22,46.4,99.4,19.44,21.08,3.88,47.8,Satisfactory
24-03-2016,425.7,125.8,72.7,74.7,147.6,37.3,4.94,45.7,95.8,13.19,26.45,9.24,274.7,Good
25-03-2016,310.0,468.2,110.9,129.3,211.4,18.6,2.61,58.6,21.6,2.75,6.85,6.57,488.2,Very Poor
26-03-2016,282.8,508.5,80.1,146.3,127.6,12.6,9.33,91.7,95.7,11.19,4.81,1.09,104.4,Severe
27-03-2016,185.3,180.1,11.2,144.5,210.8,14.6,5.78,37.7,32.5,9.27,18.65,4.65,259.0,Severe
28-03-2016,299.3,428.1,70.2,19.2,170.6,13.8,9.09,36.3,196.2,14.44,4.39,3.48,439.8,Poor
29-03-2016,116.2,233.0,35.9,77.6,16.3,36.4,7.74,95.0,32.9,9.23,6.35,2.51,435.3,Moderate
30-03-2016,138.9,106.6,104.3,100.6,48.8,20.9,1.02,83.8,47.4,1.09,26.93,8.59,347.7,Good
31-03-2016,35.2,303.1,35.2,109.0,135.1,37.8,6.12,82.1,171.8,16.25,16.1,5.84,260.8,Satisfactory
01-04-2016,62.6,218.7,146.4,56.7,83.6,8.1,7.56,12.8,94.6,18.17,2.13,3.04,49.8,Moderate
02-04-2016,419.9,11.3,32.7,26.9,61.8,14.7,6.49,62.1,49.7,7.61,14.5,6.68,98.2,Satisfactory
03-04-2016,75.0,189.6,183.6,142.2,163.6,29.7,9.32,67.0,78.1,11.75,16.35,7.38,12.7,Moderate
04-04-2016,116.9,126.9,93.2,105.3,91.1,7.8,2.28,65.8,73.0,2.12,18.86,1.44,472.5,Severe
05-04-2016,309.3,413.7,54.5,39.6,175.4,23.4,6.74,56.7,13.4,14.33,6.87,1.4,16.7,Very Poor
06-04-2016,313.9,90.3,193.3,92.8,241.6,46.3,10.0,81.5,78.4,2.91,11.02,7.35,53.9,Very Poor
07-04-2016,267.7,44.0,32.6,37.7,104.1,22.3,7.93,8.1,160.9,8.2,18.91,8.03,281.1,Severe
08-04-2016,32.1,375.4,118.8,18.4,97.3,47.6,1.04,80.1,140.8,18.2,10.15,4.03,320.7,Severe
09-04-2016,427.8,75.6,152.4,32.4,54.7,21.3,9.76,44.9,183.4,18.51,11.67,6.76,380.9,Severe
10-04-2016,235.1,117.3,0.6,71.5,27.0,23.9,8.99,98.6,188.6,10.2,20.21,8.58,149.2,Very Poor
11-04-2016,331.8,581.4,34.6,77.3,95.4,44.5,1.75,93.8,180.5,6.82,9.15,2.45,487.4,Severe
12-04-2016,453.6,133.9,46.8,135.3,147.1,34.9,7.91,14.3,133.0,5.03,0.21,9.4,264.7,Poor
13-04-2016,405.9,19.4,15.4,131.7,140.7,2.1,7.04,41.0,76.9,8.29,13.82,4.92,397.8,Severe
14-04-2016,61.3,74.3,132.7,107.8,132.2,20.6,0.51,12.7,126.7,2.93,0.66,6.11,25.7,Good
15-04-2016,483.2,85.5,187.4,57.8,95.2,26.8,4.51,79.9,87.2,9.13,13.5,8.71,405.9,Poor
16-04-2016,53.8,267.2,78.4,19.9,15.7,43.6,1.31,54.1,157.7,14.53,25.37,2.63,300.7,Poor
17-04-2016,150.3,573.4,76.0,23.2,59.7,15.1,3.01,85.5,20.4,0.66,14.52,7.39,206.3,Moderate
18-04-2016,2.4,225.8,113.5,20.6,218.1,8.5,5.63,93.3,161.5,19.18,7.5,4.23,445.6,Severe
19-04-2016,387.1,188.5,15.4,118.3,181.8,1.1,2.52,14.4,120.7,10.06,27.02,1.87,384.1,Satisfactory
20-04-2016,491.9,458.4,56.3,14.9,249.6,24.3,1.38,86.1,38.0,3.76,20.75,7.36,417.4,Very Poor
21-04-2016,27.9,429.9,0.5,83.9,224.5,3.9,0.55,95.6,84.5,0.91,16.29,4.02,410.7,Very Poor
22-04-2016,454.9,445.2,189.1,91.4,155.5,14.0,3.98,80.4,134.3,3.41,12.1,3.04,206.7,Poor
23-04-2016,271.4,336.9,104.3,94.5,39.4,22.8,10.0,66.0,116.9,9.88,5.76,4.48,69.4,Very Poor
24-04-2016,287.9,0.8,77.6,27.6,100.7,17.6,5.33,59.9,112.7,8.96,26.57,4.88,64.2,Satisfactory
25-04-2016,416.9,199.7,12.6,22.1,69.1,4.8,6.01,30.4,48.6,17.17,9.09,7.26,222.1,Good
26-04-2016,382.2,305.7,153.1,16.9,138.1,23.2,9.29,54.7,119.1,8.16,25.89,0.69,1.2,Good
27-04-2016,362.6,265.4,142.4,7.0,127.8,47.3,9.37,6.7,97.5,9.19,2.53,7.28,286.5,Severe
28-04-2016,172.1,468.0,69.5,36.5,110.0,19.3,0.9,94.0,168.3,0.67,19.47,10.0,476.1,Satisfactory
29-04-2016,365.2,539.8,133.4,53.1,200.8,12.5,7.2,35.8,63.8,18.77,25.83,9.18,429.5,Satisfactory
30-04-2016,184.8,241.9,147.3,22.6,243.0,5.1,7.71,20.8,183.5,7.09,13.11,4.73,404.0,Satisfactory
01-05-2016,461.8,440.3,91.6,21.4,10.4,27.0,5.84,73.7,88.2,1.14,13.06,0.5,278.4,Very Poor
02-05-2016,17.6,110.9,128.9,125.1,234.1,8.9,6.13,93.6,56.7,7.16,13.59,8.45,127.3,Satisfactory
03-05-2016,470.8,486.9,157.6,60.3,89.2,32.4,6.67,27.8,146.4,7.03,7.49,0.63,361.1,Good
04-05-2016,214.7,294.2,75.0,73.5,207.1,18.1,6.52,1.0,117.7,19.83,24.02,2.87,113.6,Severe
05-05-2016,44.4,441.8,190.6,4.3,190.6,26.3,0.64,51.9,191.8,1.81,12.96,0.56,304.4,Very Poor
06-05-2016,180.9,552.0,17.9,2.0,28.5,21.1,9.65,45.6,171.9,9.51,1.02,9.0,368.5,Moderate
07-05-2016,0.0,455.7,83.0,11.5,103.6,43.2,2.28,81.7,1.1,1.8,6.93,5.0,203.2,Good
08-05-2016,265.7,341.0,63.7,66.5,41.2,24.7,1.24,71.5,176.9,16.79,3.85,2.15,431.6,Moderate
09-05-2016,14.1,49.4,93.8,6.7,136.4,49.5,2.46,13.1,158.0,17.73,5.72,2.26,370.6,Satisfactory
10-05-2016,44.8,98.1,175.3,81.5,190.7,34.2,2.73,42.4,51.5,3.52,18.09,6.91,181.3,Moderate
11-05-2016,383.3,469.8,6.9,118.8,200.5,6.7,7.18,92.7,61.3,18.63,19.17,6.56,256.4,Very Poor
12-05-2016,140.1,162.5,172.1,68.2,169.4,4.2,0.73,71.7,39.2,19.65,11.68,8.69,139.4,Very Poor
13-05-2016,318.1,184.9,104.5,43.5,215.9,23.2,7.54,55.7,12.1,12.04,26.28,0.18,327.3,Good
14-05-2016,453.4,567.7,155.0,141.8,181.2,30.9,9.3,13.7,147.6,2.6,13.01,9.38,437.1,Good
15-05-2016,296.0,216.8,97.9,98.0,197.0,2.1,4.72,39.6,155.9,6.25,17.68,2.59,278.2,Severe
16-05-2016,146.0,267.4,131.0,60.5,200.6,33.7,1.91,32.4,137.8,12.55,25.67,2.57,83.0,Moderate
17-05-2016,492.8,373.1,14.4,53.6,62.8,4.8,1.71,16.6,104.6,2.11,23.6,9.01,32.9,Very Poor
18-05-2016,169.5,230.9,24.8,1.6,118.3,28.8,7.5,69.6,52.9,2.82,23.57,2.91,259.3,Very Poor
19-05-2016,226.7,35.2,84.9,59.5,160.1,42.9,6.82,53.5,117.8,11.16,27.09,4.0,339.9,Poor
20-05-2016,291.9,481.9,158.6,57.7,111.6,6.8,2.65,30.8,88.6,9.41,5.54,4.47,472.5,Good
21-05-2016,70.9,13.1,66.0,29.2,102.5,38.8,8.48,84.2,12.5,8.69,23.44,5.2,431.2,Very Poor
22-05-2016,318.3,492.6,162.7,15.2,154.7,7.9,2.63,18.1,79.5,12.83,9.01,3.24,462.0,Moderate
23-05-2016,97.9,290.6,122.6,24.0,61.2,36.3,1.38,9.2,30.2,7.69,12.26,1.53,319.8,Moderate
24-05-2016,233.0,22.2,35.9,79.4,233.1,1.5,8.63,42.2,6.5,0.32,12.42,2.82,369.8,Satisfactory
25-05-2016,256.6,349.6,155.5,139.4,103.8,14.6,1.87,4.8,181.5,6.1,5.67,9.12,404.0,Satisfactory
26-05-2016,496.1,196.5,59.5,103.0,1.3,15.1,2.9,23.5,146.7,18.1,20.49,6.18,413.6,Poor
27-05-2016,341.8,563.8,22.7,33.9,97.0,49.9,7.12,95.4,187.4,10.53,27.05,4.11,407.6,Moderate
28-05-2016,95.6,550.4,157.3,61.2,209.8,15.8,9.96,24.6,82.8,3.45,2.65,3.16,472.8,Moderate
29-05-2016,209.6,27.9,7.1,47.6,60.6,3.4,8.19,69.7,104.0,12.2,0.07,3.24,378.4,Good
30-05-2016,378.2,343.8,66.7,49.0,2.9,21.6,5.68,1.6,87.5,18.59,2.76,0.0,97.9,Severe
31-05-2016,223.8,442.9,45.5,41.6,220.6,24.3,6.47,71.0,65.6,5.04,3.34,8.79,304.8,Very Poor
01-06-2016,353.7,66.7,193.1,43.2,159.4,16.3,0.76,76.7,12.2,1.1,27.7,0.96,278.0,Poor
02-06-2016,212.1,484.8,55.0,24.0,183.6,20.8,5.21,43.1,173.3,12.18,27.96,7.07,200.3,Very Poor
03-06-2016,482.3,289.4,41.2,138.4,142.6,36.8,1.45,6.4,17.1,16.86,11.11,7.76,435.2,Poor
04-06-2016,391.4,463.0,48.2,102.7,60.6,23.0,7.59,74.6,46.4,6.14,18.77,0.05,378.5,Severe
05-06-2016,191.3,561.7,182.5,15.5,30.8,0.5,8.06,90.5,64.0,5.09,6.88,4.83,482.1,Very Poor
06-06-2016,73.5,190.8,123.6,134.6,171.0,39.6,7.55,42.9,70.7,3.66,15.91,7.21,310.0,Satisfactory
07-06-2016,363.7,429.0,28.3,109.9,90.2,15.1,8.47,20.6,79.9,4.47,23.41,4.89,287.0,Good
08-06-2016,435.3,88.2,167.8,70.6,238.0,44.1,1.27,58.9,154.4,18.14,12.76,7.46,114.4,Good
09-06-2016,249.3,558.0,91.2,118.1,243.9,4.3,2.88,69.0,111.4,3.79,0.36,7.62,491.6,Very Poor
10-06-2016,110.6,199.7,9.9,44.3,223.0,26.3,9.94,12.5,3.6,13.6,3.56,6.61,312.2,Good
11-06-2016,14.6,33.2,189.8,131.2,76.1,2.8,7.14,10.0,37.1,8.91,3.24,0.08,483.1,Severe
12-06-2016,446.2,546.9,8.6,139.2,94.8,0.9,0.61,34.6,147.0,0.41,19.3,2.28,226.6,Poor
13-06-2016,194.0,394.3,105.0,76.6,64.9,29.6,8.82,50.7,183.4,4.8,23.28,1.71,395.2,Very Poor
14-06-2016,429.8,487.8,180.1,50.1,225.1,12.1,7.78,90.4,173.7,15.45,26.93,1.36,435.4,Severe
15-06-2016,169.1,309.9,178.1,126.4,77.0,49.1,6.34,31.4,11.8,6.12,8.3,5.2,314.9,Moderate
16-06-2016,443.7,377.8,172.4,12.0,186.5,30.7,5.58,93.8,41.0,8.82,12.38,6.99,31.1,Satisfactory
17-06-2016,196.1,20.0,75.4,53.9,184.2,40.2,6.81,69.1,113.2,12.15,4.95,8.5,127.4,Good
18-06-2016,15.1,97.8,65.0,112.0,38.5,32.6,9.42,13.6,158.2,14.13,24.05,6.07,220.4,Very Poor
19-06-2016,386.8,378.4,185.1,86.7,25.9,18.4,8.21,33.8,183.1,10.7,26.67,7.57,33.7,Very Poor
20-06-2016,171.6,367.3,171.9,148.9,248.4,35.5,1.11,54.9,143.4,6.82,22.13,9.61,342.1,Satisfactory
21-06-2016,113.3,208.0,100.1,90.0,33.9,33.3,4.0,24.2,31.8,1.13,1.15,4.12,356.6,Very Poor
22-06-2016,60.0,493.4,181.1,8.1,54.7,30.4,6.0,93.9,63.6,16.23,29.3,3.79,356.2,Severe
23-06-2016,16.9,436.9,125.5,50.7,39.6,10.3,9.83,91.3,190.8,18.17,29.81,1.82,188.8,Severe
24-06-2016,475.5,586.4,94.3,109.5,140.3,41.9,4.68,44.7,131.8,2.12,27.24,8.44,450.4,Very Poor
25-06-2016,391.4,206.3,17.7,148.7,229.7,14.1,7.32,23.6,11.7,16.11,20.27,2.99,188.2,Very Poor
26-06-2016,247.2,527.0,191.5,137.5,15.6,6.0,3.26,3.8,122.6,1.38,14.88,7.66,130.8,Poor
27-06-2016,199.6,282.1,82.0,115.6,229.8,3.7,6.77,0.3,186.2,4.42,7.75,0.36,300.5,Satisfactory
28-06-2016,204.1,540.8,104.1,9.4,116.3,38.0,5.5,40.0,153.5,9.63,24.33,9.79,179.2,Poor
29-06-2016,475.2,509.1,183.8,118.0,198.5,22.5,8.99,59.1,114.0,15.4,18.67,8.46,445.7,Satisfactory
30-06-2016,378.1,322.4,95.2,54.7,65.3,29.3,0.73,54.0,108.1,17.48,25.64,8.49,446.6,Satisfactory
01-07-2016,395.9,360.6,162.3,111.7,179.1,38.3,3.08,81.5,46.5,13.93,4.62,2.18,457.5,Moderate
02-07-2016,467.3,262.6,9.8,16.8,87.5,1.9,0.8,43.0,141.2,13.76,10.72,1.95,92.8,Poor
03-07-2016,201.8,550.8,157.8,21.3,151.7,10.1,9.72,98.0,189.1,17.42,9.23,0.43,26.9,Poor
04-07-2016,482.9,376.9,0.5,111.7,68.9,3.3,7.5,57.7,75.4,16.14,3.62,3.68,62.4,Good
05-07-2016,272.5,5.4,27.8,147.3,75.4,16.5,7.99,43.0,13.3,19.97,11.6,4.6,180.1,Very Poor
06-07-2016,144.3,170.6,182.4,113.9,134.7,44.0,4.43,54.7,184.5,1.3,12.59,5.56,430.2,Severe
07-07-2016,223.9,150.5,132.5,101.8,186.5,18.5,9.61,86.1,17.4,0.53,4.99,6.11,399.2,Satisfactory
08-07-2016,418.1,288.8,33.7,66.9,147.4,24.6,1.74,88.9,36.9,4.02,19.05,0.35,28.6,Very Poor
09-07-2016,113.7,255.7,82.3,126.4,142.6,19.8,1.69,27.0,31.8,8.58,18.13,2.13,28.0,Good
10-07-2016,269.6,28.2,165.7,131.0,172.0,16.7,1.98,59.8,108.9,19.51,22.42,8.44,364.7,Severe
11-07-2016,269.2,484.6,124.4,100.2,211.0,25.8,3.56,60.0,13.2,6.51,24.12,5.73,297.4,Satisfactory
12-07-2016,82.5,99.2,54.2,56.6,241.8,8.5,8.05,61.2,3.3,4.88,28.59,1.46,66.2,Good
13-07-2016,233.5,259.0,161.6,50.5,34.6,36.3,5.37,33.0,58.4,4.36,11.73,9.21,456.4,Moderate
14-07-2016,196.8,1.5,117.0,109.8,182.8,13.1,8.73,92.1,117.1,14.18,9.8,2.55,376.3,Satisfactory
15-07-2016,233.6,408.6,95.3,112.7,232.4,11.4,4.85,22.3,165.9,17.69,7.75,3.27,458.8,Satisfactory
16-07-2016,16.7,244.1,127.0,19.8,7.7,36.2,2.15,5.6,18.8,11.4,4.6,5.98,327.4,Very Poor
17-07-2016,295.5,296.1,116.6,98.4,40.0,14.8,9.24,95.1,67.2,11.71,18.5,4.92,395.8,Moderate
18-07-2016,334.0,153.1,99.8,126.2,187.4,9.8,1.41,37.2,29.9,14.5,24.89,0.45,35.3,Severe
19-07-2016,187.4,579.3,195.5,29.6,146.4,17.2,8.0,84.0,54.1,12.78,9.97,5.1,480.8,Moderate
20-07-2016,328.4,234.1,30.8,55.5,201.7,25.0,9.06,23.0,172.7,8.59,15.03,5.6,414.7,Satisfactory
21-07-2016,184.6,47.0,90.8,119.1,179.2,33.9,0.63,13.4,177.1,3.07,4.54,9.71,276.4,Satisfactory
22-07-2016,140.8,118.6,68.9,1.7,214.9,44.8,2.44,89.4,82.2,12.66,7.9,6.24,497.5,Moderate
23-07-2016,27.5,264.4,74.6,72.8,248.2,49.9,3.83,39.3,149.0,19.77,20.38,8.53,399.6,Moderate
24-07-2016,342.6,524.3,11.6,143.6,120.1,45.7,1.37,58.0,74.0,7.16,12.77,7.79,167.3,Poor
25-07-2016,276.4,263.7,140.2,54.0,157.1,15.1,6.45,7.3,71.9,4.61,26.85,6.64,389.8,Satisfactory
26-07-2016,301.6,272.1,192.0,41.3,151.3,25.1,9.03,93.4,199.2,11.81,26.05,8.75,493.2,Good
27-07-2016,109.5,574.0,84.9,141.9,4.2,39.4,1.95,96.6,45.5,13.32,18.72,5.67,312.2,Moderate
28-07-2016,180.8,78.0,162.2,35.3,71.3,11.6,0.16,29.6,27.4,11.61,17.93,1.44,314.9,Poor
29-07-2016,414.2,243.2,21.9,45.6,235.4,15.4,6.4,97.1,159.4,10.94,20.24,5.96,470.5,Severe
30-07-2016,377.4,414.2,64.7,139.9,114.5,45.6,4.02,58.1,93.8,16.71,3.84,9.17,189.4,Severe
31-07-2016,141.4,538.8,30.3,144.5,191.6,26.3,3.76,8.2,178.6,10.27,2.52,9.19,69.6,Very Poor
01-08-2016,366.1,456.9,31.3,22.0,187.0,18.1,4.14,1.5,25.9,9.96,21.55,2.25,61.2,Moderate
02-08-2016,50.6,162.4,149.8,93.9,40.0,27.5,6.51,2.5,35.9,0.31,1.88,4.71,171.5,Good
03-08-2016,392.7,47.2,120.5,64.9,87.4,41.0,1.63,96.8,77.3,2.92,21.63,7.7,1.5,Poor
04-08-2016,395.1,528.8,61.1,142.2,207.2,47.3,2.68,48.5,194.4,9.19,24.92,1.98,46.1,Severe
05-08-2016,111.5,149.4,58.2,9.8,203.8,39.8,4.21,22.4,4.1,7.51,15.23,3.82,430.5,Moderate
06-08-2016,394.3,137.8,183.2,0.7,135.0,17.1,5.6,8.8,81.0,12.18,9.91,9.35,480.7,Good
07-08-2016,183.4,136.6,143.1,42.9,189.5,37.1,9.6,68.2,3.9,2.69,2.14,3.5,282.8,Very Poor
08-08-2016,54.9,542.0,166.9,0.7,242.6,5.8,4.62,89.6,147.3,3.27,23.24,6.22,337.7,Poor
09-08-2016,456.7,514.0,198.6,15.3,187.3,21.9,4.27,5.1,81.7,14.74,2.81,8.8,153.5,Severe
10-08-2016,397.5,539.9,187.8,119.7,173.4,13.5,7.51,39.2,64.0,14.56,13.14,5.73,220.6,Satisfactory
11-08-2016,481.5,44.2,35.1,140.2,122.3,28.4,4.01,48.1,167.9,18.74,19.14,5.91,304.1,Severe
12-08-2016,222.6,53.3,34.4,92.4,211.1,37.1,7.52,57.4,188.7,3.48,8.94,2.27,313.8,Good
13-08-2016,111.5,556.3,10.4,75.0,80.2,7.7,8.44,11.5,95.3,15.31,27.89,0.23,239.6,Severe
14-08-2016,475.5,147.5,126.7,137.9,241.1,25.1,0.66,36.0,26.0,18.67,23.33,0.94,4.5,Good
15-08-2016,374.2,39.2,169.0,42.7,152.2,8.4,2.06,20.4,5.2,12.0,18.39,8.03,337.3,Poor
16-08-2016,227.4,110.2,188.5,38.6,190.6,28.0,9.34,81.5,104.0,17.66,29.13,6.41,347.4,Moderate
17-08-2016,7.8,485.8,196.4,101.7,68.5,40.1,9.45,87.0,108.7,17.44,29.04,1.15,489.4,Poor
18-08-2016,266.9,228.6,9.9,127.1,219.5,9.2,9.76,28.4,191.7,17.84,2.61,2.18,474.9,Satisfactory
19-08-2016,275.1,537.1,63.9,21.6,127.0,48.7,8.77,61.6,55.1,2.71,18.35,1.15,204.0,Poor
20-08-2016,282.1,490.4,119.8,115.9,246.8,47.7,9.51,4.0,134.7,16.98,4.59,8.15,302.4,Severe
21-08-2016,214.8,498.7,33.0,73.9,9.6,44.8,1.42,77.6,174.6,8.35,17.83,3.98,465.6,Very Poor
22-08-2016,240.7,347.7,177.6,2.4,129.5,27.7,2.54,65.2,86.6,5.85,15.79,7.7,29.5,Moderate
23-08-2016,421.7,313.6,68.4,45.1,140.2,29.2,5.2,6.1,65.9,17.33,9.09,6.25,68.4,Good
24-08-2016,178.6,95.4,169.6,68.2,244.7,3.3,5.97,12.1,171.5,5.71,28.29,2.67,132.4,Poor
25-08-2016,250.1,597.1,54.0,10.8,173.5,39.1,9.93,61.6,156.9,7.5,2.59,5.0,41.5,Satisfactory
26-08-2016,233.8,96.2,3.5,148.2,91.3,46.7,7.5,97.2,81.2,3.52,3.11,9.06,436.1,Good
27-08-2016,115.5,461.6,129.8,23.0,129.2,33.4,7.55,11.6,25.4,18.8,22.71,2.39,324.1,Moderate
28-08-2016,35.3,442.1,96.1,116.3,210.2,23.3,5.25,45.7,153.5,4.23,27.58,9.94,417.8,Poor
29-08-2016,174.7,566.4,80.9,139.8,43.2,31.2,8.28,93.6,37.6,16.58,1.76,9.32,221.1,Very Poor
30-08-2016,478.1,5.4,0.9,34.1,194.2,37.2,6.5,89.5,167.5,7.66,2.2,5.73,282.9,Good
31-08-2016,280.5,344.8,65.0,127.4,217.8,25.0,4.33,70.9,52.4,17.93,16.39,4.85,488.4,Poor
01-09-2016,201.3,219.8,40.4,87.8,144.1,8.7,5.93,74.8,108.8,1.22,29.19,8.1,393.2,Very Poor
02-09-2016,436.5,169.1,57.7,128.0,237.9,12.4,4.91,70.5,117.4,0.65,28.43,9.1,211.0,Moderate
03-09-2016,410.5,331.4,17.7,126.4,18.7,1.6,0.37,76.9,146.2,1.99,1.69,1.72,398.6,Moderate
04-09-2016,214.1,282.1,126.0,68.0,23.8,13.8,8.93,86.3,142.3,10.56,9.17,2.83,106.6,Poor
05-09-2016,156.9,202.4,12.8,64.1,149.5,9.9,9.36,52.6,106.8,2.07,20.58,7.52,35.4,Very Poor
06-09-2016,137.8,391.3,26.7,146.9,193.7,17.1,0.59,94.7,38.8,5.26,3.23,8.2,68.7,Poor
07-09-2016,272.2,206.7,24.0,34.1,145.3,46.2,5.32,92.2,164.7,15.75,22.85,2.66,276.9,Very Poor
08-09-2016,320.7,22.7,24.0,39.0,160.6,4.6,1.86,84.7,5.9,3.02,24.59,8.95,357.2,Satisfactory
09-09-2016,61.2,265.9,186.7,137.9,61.3,34.7,9.53,39.2,76.4,1.25,3.34,4.33,395.0,Poor
10-09-2016,38.4,236.6,135.8,125.1,219.0,43.4,3.37,97.3,174.4,4.26,6.59,2.12,425.4,Poor
11-09-2016,352.1,306.1,183.0,123.2,188.2,21.9,4.0,36.5,106.4,12.3,12.95,2.83,186.0,Satisfactory
12-09-2016,182.2,450.1,148.5,33.0,238.3,16.2,2.06,7.3,186.3,2.25,5.93,1.62,111.0,Satisfactory
13-09-2016,83.1,542.7,84.9,0.8,55.7,4.4,9.42,27.2,146.3,1.53,7.59,8.6,169.5,Satisfactory
14-09-2016,5.1,217.1,126.5,138.3,243.2,35.2,6.86,42.8,127.4,12.33,14.77,4.06,436.8,Satisfactory
15-09-2016,163.7,597.0,131.3,123.9,177.3,8.9,2.27,5.7,19.6,9.13,4.94,0.27,104.1,Good
16-09-2016,177.4,149.5,144.5,2.9,102.8,18.6,3.83,2.7,38.0,3.57,18.53,9.48,396.2,Poor
17-09-2016,488.2,1.9,56.4,125.6,247.9,25.0,4.36,80.6,44.2,2.1,0.2,6.32,385.8,Very Poor
18-09-2016,35.5,321.5,113.4,29.5,66.6,25.2,1.48,13.1,107.7,17.41,27.08,1.51,153.9,Good
19-09-2016,89.0,307.9,163.3,27.4,135.1,13.3,7.22,94.3,117.6,10.84,8.52,1.18,196.9,Poor
20-09-2016,159.9,94.1,126.4,30.0,67.1,44.5,5.76,20.8,16.7,9.02,24.17,4.79,61.0,Moderate
21-09-2016,163.3,249.5,11.8,133.2,152.0,26.8,8.5,84.2,5.0,6.32,6.15,2.38,174.0,Good
22-09-2016,298.3,225.6,102.9,113.2,85.4,31.8,1.73,25.4,1.4,9.1,12.59,1.23,89.2,Moderate
23-09-2016,408.1,369.6,176.2,24.9,116.4,47.6,5.35,68.4,8.2,8.54,16.62,3.61,144.4,Moderate
24-09-2016,143.3,125.0,127.1,118.7,128.6,7.1,2.33,39.7,124.6,5.92,4.09,4.11,215.3,Very Poor
25-09-2016,392.0,4.3,4.6,13.6,38.3,20.7,8.93,33.0,28.8,15.75,16.59,9.21,16.8,Good
26-09-2016,161.1,379.7,72.2,113.1,177.8,13.0,7.84,6.9,164.4,1.87,8.93,7.77,407.1,Poor
27-09-2016,103.7,136.9,84.2,141.6,46.5,19.5,6.17,65.3,77.2,13.08,14.02,8.67,323.9,Very Poor
28-09-2016,66.2,424.5,57.5,136.1,222.4,39.9,1.16,60.5,37.8,0.15,24.57,7.59,419.4,Poor
29-09-2016,51.2,373.9,99.7,13.7,7.0,6.6,9.43,76.2,81.7,1.37,19.8,0.47,499.8,Satisfactory
30-09-2016,54.4,38.0,83.7,9.8,36.7,46.0,8.58,79.8,53.4,10.91,4.35,9.91,459.1,Good
01-10-2016,60.6,136.8,142.8,125.5,133.3,10.6,5.15,9.0,73.4,5.92,29.33,9.57,239.8,Severe
02-10-2016,78.4,210.6,135.2,105.4,100.8,34.2,8.13,70.6,1.2,11.96,19.97,0.7,409.7,Moderate
03-10-2016,438.3,572.4,124.3,57.8,127.2,7.5,8.87,79.3,72.3,8.89,25.7,3.18,265.6,Poor
04-10-2016,182.2,110.6,158.0,111.4,111.0,36.1,6.16,95.8,157.4,11.59,0.51,2.19,127.5,Poor
05-10-2016,443.7,530.1,15.3,76.6,222.5,46.7,0.26,18.7,81.0,12.74,16.59,4.63,293.8,Satisfactory
06-10-2016,281.8,223.5,13.9,53.9,47.3,48.9,5.72,12.7,190.8,17.71,16.05,3.38,129.4,Severe
07-10-2016,392.9,83.5,63.3,109.3,206.6,33.8,7.83,2.0,179.3,4.55,24.73,4.15,39.6,Good
08-10-2016,375.3,23.4,164.2,119.4,102.7,27.2,4.33,61.1,173.9,16.54,20.84,7.45,227.1,Poor
09-10-2016,360.4,309.6,190.4,126.8,82.2,28.9,8.9,16.4,155.7,2.61,17.17,5.69,123.6,Satisfactory
10-10-2016,263.3,416.8,193.9,112.6,67.4,7.3,4.49,1.8,130.7,7.19,20.91,0.66,480.7,Satisfactory
11-10-2016,376.7,269.3,25.6,102.0,160.2,7.9,5.45,66.7,145.2,4.47,28.28,0.37,65.9,Good
12-10-2016,285.9,324.1,101.0,65.9,113.4,1.3,4.76,35.4,79.8,3.72,28.43,8.79,300.4,Satisfactory
13-10-2016,419.3,248.3,114.0,54.9,1.5,7.6,3.33,6.6,70.1,11.58,18.33,3.34,57.9,Satisfactory
14-10-2016,163.7,598.6,69.6,53.9,128.1,40.1,1.2,70.7,96.6,7.87,22.35,5.75,197.3,Satisfactory
15-10-2016,352.0,80.9,25.9,21.8,66.1,12.0,0.97,16.4,152.7,18.91,8.55,2.66,495.9,Poor
16-10-2016,347.0,244.3,49.0,54.8,13.7,12.1,9.99,83.7,115.1,19.24,17.25,3.06,164.4,Severe
17-10-2016,141.1,584.3,115.8,63.0,10.1,6.5,3.7,97.5,106.9,6.12,9.43,9.16,365.4,Moderate
18-10-2016,291.2,396.2,158.4,36.4,122.9,40.9,9.59,8.1,62.6,8.4,20.05,5.17,308.1,Good
19-10-2016,466.6,53.3,64.2,129.9,29.5,41.4,0.97,22.3,193.3,13.27,16.55,8.6,113.1,Satisfactory
20-10-2016,0.1,221.6,162.0,97.1,2.2,21.6,5.8,41.7,170.7,4.99,5.65,7.09,89.4,Good
21-10-2016,274.3,506.2,191.6,39.1,209.5,48.1,10.0,90.5,135.5,13.04,2.75,3.41,313.6,Moderate
22-10-2016,75.8,399.1,29.8,106.4,179.3,34.5,7.76,45.6,68.7,15.82,13.03,4.59,94.6,Severe
23-10-2016,251.3,494.7,120.2,70.7,188.2,8.0,5.9,12.6,12.9,15.02,28.72,8.41,22.4,Very Poor
24-10-2016,440.7,441.4,149.0,37.9,29.8,10.0,7.06,31.6,51.3,19.26,12.24,2.73,218.7,Poor
25-10-2016,33.0,57.2,11.1,69.6,6.3,3.0,1.69,79.7,93.1,17.83,9.68,8.88,191.7,Moderate
26-10-2016,132.6,272.7,199.0,84.6,196.8,35.8,2.36,26.1,67.2,2.99,2.4,9.5,122.9,Satisfactory
27-10-2016,306.2,551.3,172.7,127.2,180.2,19.1,2.68,26.0,54.5,1.94,5.81,2.59,377.8,Very Poor
28-10-2016,62.2,557.8,145.6,65.4,116.3,13.1,4.57,38.1,83.7,15.91,29.1,2.81,465.1,Satisfactory
29-10-2016,186.4,157.2,70.9,62.7,212.9,32.5,4.44,18.1,1.8,0.1,16.05,1.87,452.5,Poor
30-10-2016,46.2,352.2,75.1,108.1,218.5,25.1,7.77,52.2,17.7,14.07,22.53,9.85,391.2,Severe
31-10-2016,314.6,412.8,2.5,41.5,0.4,43.9,3.81,100.0,49.5,5.49,1.05,0.43,380.4,Satisfactory
01-11-2016,144.8,299.9,177.1,106.2,41.2,5.5,2.51,20.6,35.2,15.06,8.85,1.63,481.8,Severe
02-11-2016,348.4,120.2,92.6,56.2,164.7,13.6,3.55,2.5,122.0,18.69,14.54,6.72,230.9,Satisfactory
03-11-2016,445.5,319.5,85.6,19.1,209.5,7.6,5.11,63.2,143.4,2.12,8.67,7.95,74.9,Poor
04-11-2016,150.9,388.4,196.2,32.4,31.2,46.2,1.21,75.3,19.6,3.49,1.64,4.08,142.2,Satisfactory
05-11-2016,25.3,122.7,70.0,5.5,52.0,11.3,9.69,78.5,67.7,11.8,21.32,8.27,303.3,Good
06-11-2016,205.6,518.4,63.6,67.8,185.7,2.6,3.75,24.8,150.7,5.04,19.06,8.28,240.5,Severe
07-11-2016,359.8,281.8,73.6,2.2,37.8,42.7,7.48,75.2,182.1,9.65,23.51,7.7,245.8,Satisfactory
08-11-2016,281.6,95.9,57.6,14.3,192.0,14.1,6.39,98.3,136.9,7.46,25.45,0.86,420.0,Severe
09-11-2016,104.5,79.4,195.7,54.1,128.1,6.9,5.05,27.3,2.6,17.55,22.25,3.44,286.8,Moderate
10-11-2016,147.1,357.3,48.7,2.6,157.6,19.0,2.2,43.7,59.5,5.18,1.82,9.66,258.8,Satisfactory
11-11-2016,239.4,564.2,162.2,12.1,47.3,12.2,9.87,8.6,27.5,0.2,7.96,4.42,190.1,Satisfactory
12-11-2016,425.0,453.9,79.1,31.0,182.7,3.8,3.78,80.7,117.3,12.63,22.43,5.99,139.7,Satisfactory
13-11-2016,187.2,542.3,20.2,141.2,33.5,10.6,5.71,57.8,136.3,14.88,24.59,3.0,21.5,Good
14-11-2016,295.0,69.3,168.1,84.2,35.1,44.2,9.32,95.1,117.3,12.2,26.52,5.38,487.2,Poor
15-11-2016,85.5,420.3,173.6,142.5,107.3,19.7,1.88,21.1,172.0,16.07,17.02,8.56,153.1,Poor
16-11-2016,11.7,48.0,82.5,135.8,158.6,42.2,4.94,21.6,31.1,17.51,8.66,7.9,180.7,Severe
17-11-2016,257.7,370.4,152.0,71.0,89.9,19.4,2.69,81.4,152.5,4.76,11.91,2.63,209.6,Good
18-11-2016,430.4,200.3,195.1,35.1,86.9,35.5,9.15,30.7,109.8,7.87,23.15,0.18,337.7,Satisfactory
19-11-2016,6.1,481.8,70.8,141.1,44.8,32.3,4.17,88.2,132.1,17.91,22.68,1.09,256.6,Very Poor
20-11-2016,235.2,583.5,87.3,57.3,243.0,21.4,8.65,83.8,5.9,12.66,23.44,6.28,18.1,Good
21-11-2016,459.0,26.4,18.2,56.2,201.0,22.8,2.15,10.0,19.5,5.01,21.16,0.27,410.9,Poor
22-11-2016,468.5,435.6,127.2,37.8,26.9,39.3,1.07,78.0,67.9,4.14,27.76,2.29,44.5,Good
23-11-2016,25.9,148.0,157.8,133.8,129.1,25.6,3.14,35.4,24.2,7.94,24.44,2.17,69.5,Good
24-11-2016,162.1,534.6,94.5,12.1,155.9,11.7,9.9,34.9,50.4,9.52,6.33,7.82,237.5,Satisfactory
25-11-2016,285.6,190.6,147.3,94.0,51.6,19.0,3.49,40.6,130.1,16.03,23.02,8.01,31.1,Very Poor
26-11-2016,468.6,239.7,101.8,79.1,45.4,43.8,1.84,44.1,109.2,13.94,26.82,6.59,50.0,Very Poor
27-11-2016,494.8,136.3,96.0,5.3,53.5,8.1,7.22,86.1,119.0,1.81,1.52,6.63,74.3,Satisfactory
28-11-2016,134.4,318.2,48.0,24.5,85.4,10.0,9.29,75.5,112.6,3.38,27.06,3.21,45.2,Severe
29-11-2016,344.3,342.7,76.6,10.5,10.2,36.7,8.68,84.1,125.8,15.94,24.68,9.24,460.6,Good
30-11-2016,487.8,407.2,57.0,38.4,131.1,6.4,5.41,9.2,126.5,18.18,3.93,8.71,429.3,Poor
01-12-2016,13.2,465.8,27.1,130.4,48.7,26.3,7.18,61.2,46.7,5.49,20.09,5.4,286.0,Moderate
02-12-2016,467.8,160.6,8.6,121.6,80.0,9.7,7.71,71.9,142.6,10.78,24.5,7.68,174.3,Severe
03-12-2016,475.0,418.1,21.8,23.3,158.3,39.3,4.12,62.0,55.0,17.27,12.83,0.06,314.0,Good
04-12-2016,243.5,483.6,173.4,49.6,120.1,16.4,2.56,54.5,23.1,18.85,1.95,8.87,81.5,Good
05-12-2016,252.6,498.0,97.3,50.3,93.0,46.8,2.82,56.6,64.8,9.13,23.62,1.82,467.8,Satisfactory
06-12-2016,61.6,324.2,47.4,8.1,138.3,34.5,2.41,48.5,25.2,19.69,26.26,0.08,102.9,Poor
07-12-2016,187.0,11.6,14.7,140.8,192.8,12.6,6.1,40.0,81.5,17.56,11.65,2.55,401.6,Very Poor
08-12-2016,127.7,423.0,24.9,64.7,120.6,13.8,5.81,39.5,6.8,10.04,1.21,1.11,230.2,Moderate
09-12-2016,83.2,308.0,109.8,91.7,134.1,21.7,0.17,98.5,43.0,1.46,25.42,0.41,286.5,Good
10-12-2016,66.3,324.0,67.7,114.4,30.7,21.0,7.21,15.5,142.0,16.81,10.81,3.27,298.4,Very Poor
11-12-2016,188.8,228.7,155.6,84.2,219.0,47.2,6.58,7.2,147.2,17.9,20.72,0.5,457.9,Good
12-12-2016,159.1,474.1,47.1,51.2,123.1,41.1,5.85,16.5,113.7,7.76,21.69,1.7,258.2,Poor
13-12-2016,414.2,398.7,169.7,26.6,39.9,13.1,6.8,86.0,175.5,7.42,6.58,4.0,382.4,Very Poor
14-12-2016,462.2,82.1,39.2,123.1,143.2,28.4,9.06,25.6,145.2,4.01,27.64,4.39,316.6,Poor
15-12-2016,258.0,103.2,14.4,2.3,171.7,42.5,2.23,53.1,79.9,5.49,27.14,1.93,34.0,Moderate
16-12-2016,97.8,433.1,180.6,131.7,245.4,17.7,1.89,3.5,175.6,19.62,15.33,3.61,305.0,Very Poor
17-12-2016,490.6,392.7,157.9,82.2,99.7,13.1,7.4,18.4,165.7,9.16,16.32,4.43,152.1,Severe
18-12-2016,402.2,409.0,116.9,103.7,199.6,45.1,7.32,61.2,164.0,5.63,19.4,7.04,81.4,Satisfactory
19-12-2016,186.9,459.8,1.1,6.2,178.4,10.2,5.27,88.0,74.8,13.76,29.1,2.51,294.1,Very Poor
20-12-2016,256.4,518.8,39.2,119.0,165.6,45.5,1.25,94.8,173.8,9.12,26.78,3.65,160.9,Moderate
21-12-2016,398.8,410.2,194.0,32.4,69.5,41.9,4.41,44.2,170.5,15.41,24.64,8.02,25.3,Satisfactory
22-12-2016,138.6,13.8,105.7,96.6,90.9,10.8,3.38,42.6,118.9,11.24,2.54,7.18,214.9,Satisfactory
23-12-2016,205.5,149.3,190.8,38.4,104.5,40.5,0.45,66.1,40.5,13.29,8.81,7.36,338.0,Good
24-12-2016,48.1,447.9,50.5,65.0,132.0,27.9,6.65,72.0,95.7,13.88,14.72,2.3,164.6,Severe
25-12-2016,149.2,149.2,12.2,140.7,237.2,1.9,9.01,20.9,155.3,5.48,24.97,0.02,158.9,Very Poor
26-12-2016,484.2,44.8,30.9,37.4,50.9,20.6,3.23,25.4,53.5,11.68,7.64,7.53,357.9,Good
27-12-2016,197.6,531.6,30.5,82.9,77.6,35.3,2.25,10.2,60.2,12.78,14.23,0.2,176.9,Moderate
28-12-2016,412.6,144.4,88.2,122.4,85.6,30.4,0.77,46.9,22.4,8.86,3.19,0.68,163.1,Good
29-12-2016,118.5,594.2,102.5,68.9,220.7,16.2,0.13,91.9,76.7,0.76,2.63,0.64,345.7,Moderate
30-12-2016,7.5,178.3,45.7,57.1,91.6,4.1,7.52,68.9,16.9,6.96,6.52,8.06,41.0,Moderate
31-12-2016,401.2,28.4,37.0,40.2,23.9,18.6,6.9,21.9,127.7,9.57,27.33,6.35,140.5,Moderate
01-01-2017,433.9,227.7,80.6,113.3,44.5,40.6,9.31,5.1,167.2,6.86,6.9,5.74,98.5,Severe
02-01-2017,97.0,35.1,42.8,22.4,199.5,48.4,0.2,51.9,148.1,7.78,25.0,9.18,29.3,Poor
03-01-2017,123.8,441.1,21.5,41.3,107.5,34.4,3.97,41.7,118.6,7.03,13.97,9.19,233.7,Good
04-01-2017,488.4,76.7,24.1,107.4,110.4,41.5,5.66,92.4,174.8,10.89,3.8,7.33,306.3,Very Poor
05-01-2017,185.1,583.0,44.8,51.4,167.3,11.2,6.99,33.6,120.3,19.82,1.43,6.27,89.1,Good
06-01-2017,49.6,596.8,12.9,107.8,42.8,30.7,2.12,87.5,35.5,1.39,13.49,7.63,46.3,Severe
07-01-2017,469.2,534.9,62.9,57.7,178.9,17.6,1.69,96.8,101.9,1.12,12.85,2.6,375.1,Good
08-01-2017,230.5,384.9,37.2,32.3,145.3,38.8,5.07,18.8,83.9,4.13,19.6,0.78,402.0,Satisfactory
09-01-2017,367.7,554.6,108.1,37.4,32.7,28.8,7.64,48.1,122.7,18.82,24.19,4.44,339.2,Very Poor
10-01-2017,297.9,134.1,62.4,32.3,110.7,35.3,2.11,48.1,84.3,5.59,25.58,8.82,201.3,Severe
11-01-2017,137.5,483.2,43.2,16.2,48.7,5.4,5.16,98.2,193.4,8.21,24.97,7.64,318.6,Severe
12-01-2017,166.1,303.5,10.2,121.1,126.8,30.2,6.71,68.4,44.5,17.31,3.47,7.62,249.4,Poor
13-01-2017,203.4,486.4,154.8,41.1,71.5,18.5,5.62,34.2,94.6,1.25,2.29,3.69,83.3,Good
14-01-2017,138.6,232.5,87.7,8.4,165.3,17.4,0.58,85.5,93.7,15.96,1.07,5.55,262.8,Satisfactory
15-01-2017,25.8,169.7,41.1,109.0,45.7,10.0,9.38,23.9,176.7,7.15,14.93,4.25,309.3,Severe
16-01-2017,389.9,598.7,84.0,49.0,208.3,40.7,2.09,68.6,103.5,2.61,14.52,8.85,212.8,Severe
17-01-2017,357.4,308.9,57.8,122.7,86.2,18.7,7.63,92.6,32.1,3.57,19.22,6.02,332.2,Very Poor
18-01-2017,398.9,9.8,30.0,139.7,96.3,37.2,8.51,62.8,129.2,11.28,4.04,3.38,392.6,Good
19-01-2017,210.1,107.1,78.3,143.9,96.4,14.3,9.38,93.8,84.1,8.68,21.49,8.24,392.0,Moderate
20-01-2017,117.0,157.8,41.2,135.2,197.4,45.0,2.77,93.8,31.8,0.94,23.44,9.93,234.3,Good
21-01-2017,143.0,90.2,27.4,106.1,128.4,23.1,2.17,29.8,130.7,8.63,19.07,7.11,276.1,Satisfactory
22-01-2017,135.2,531.3,15.2,21.3,19.6,38.3,2.16,53.5,136.6,1.08,29.59,5.89,27.4,Satisfactory
23-01-2017,295.6,312.9,147.0,42.9,170.9,40.1,8.5,92.4,28.4,13.29,24.79,9.22,133.2,Satisfactory
24-01-2017,451.9,222.5,80.1,118.2,83.9,11.2,2.01,42.6,157.1,12.56,18.51,0.19,194.2,Severe
25-01-2017,194.2,403.8,140.1,53.2,223.1,13.0,2.72,99.6,28.7,6.84,8.38,2.87,409.9,Poor
26-01-2017,229.3,458.7,54.4,86.5,133.8,7.8,4.32,33.8,17.0,2.17,3.98,2.08,238.5,Poor
27-01-2017,359.0,476.5,10.4,54.9,152.3,35.0,8.51,85.1,37.7,18.38,24.39,8.96,153.8,Good
28-01-2017,398.7,586.7,97.9,96.9,237.2,47.6,2.15,57.1,130.1,16.79,10.44,6.69,242.1,Severe
29-01-2017,459.5,280.4,25.7,98.7,56.6,22.8,1.95,46.8,79.6,13.34,24.7,2.32,497.1,Good
30-01-2017,23.6,485.4,175.0,56.1,127.9,41.6,2.86,65.5,3.0,8.34,24.56,6.38,281.6,Poor
31-01-2017,369.5,333.9,198.3,132.9,94.1,25.2,9.63,66.2,60.6,17.83,19.55,5.16,38.3,Severe
01-02-2017,341.8,436.7,185.6,2.8,165.2,38.5,2.01,93.5,63.5,15.31,21.7,2.73,252.1,Severe
02-02-2017,454.6,517.6,132.9,12.2,119.4,48.2,4.03,48.7,47.7,17.78,16.44,4.14,280.0,Good
03-02-2017,73.8,39.0,153.0,4.4,0.1,43.3,8.23,36.3,110.1,8.9,12.17,2.54,136.0,Severe
04-02-2017,20.0,122.4,56.8,132.6,13.2,43.1,8.56,82.6,89.6,14.13,19.97,6.22,73.0,Poor
05-02-2017,173.7,92.7,59.1,8.0,171.9,36.6,1.53,59.9,70.0,19.54,2.63,2.21,56.0,Satisfactory
06-02-2017,305.6,460.7,36.2,45.3,180.5,43.7,3.12,27.3,186.3,1.55,13.85,2.15,65.8,Very Poor
07-02-2017,387.0,127.7,95.2,57.4,61.4,41.5,7.35,52.4,97.6,15.91,9.32,9.88,183.4,Good
08-02-2017,395.8,530.3,88.5,76.2,90.0,31.2,4.87,57.0,173.4,16.35,25.12,9.64,399.2,Moderate
09-02-2017,341.4,50.2,183.0,55.3,248.2,47.1,3.37,5.8,37.3,10.24,8.17,9.72,100.3,Poor
10-02-2017,270.5,561.0,143.6,124.9,135.3,16.9,9.06,9.0,146.1,11.49,20.71,5.83,54.0,Satisfactory
11-02-2017,139.5,288.9,84.9,105.8,32.1,42.7,0.4,92.5,20.9,9.68,25.09,7.9,11.6,Satisfactory
12-02-2017,29.9,475.1,126.8,131.0,215.5,21.3,4.36,26.7,170.6,8.9,24.42,8.88,60.7,Moderate
13-02-2017,387.7,82.9,157.9,96.1,11.9,2.3,5.8,77.4,190.4,3.56,4.27,3.81,59.3,Poor
14-02-2017,248.7,411.0,198.6,34.8,67.9,40.3,2.27,93.1,142.2,19.02,13.6,7.45,238.1,Satisfactory
15-02-2017,443.6,414.5,193.7,8.2,177.9,13.4,8.16,26.2,23.2,10.91,15.53,4.4,123.8,Good
16-02-2017,64.7,405.6,67.5,12.1,189.8,13.0,0.44,58.8,31.9,7.17,18.75,1.68,124.5,Satisfactory
17-02-2017,128.0,159.7,194.8,136.1,129.8,14.7,3.81,19.3,168.3,6.48,29.22,0.02,66.6,Moderate
18-02-2017,473.8,170.5,96.1,50.7,68.4,11.5,9.96,12.8,82.9,5.63,13.42,9.41,45.2,Poor
19-02-2017,301.8,391.8,36.0,1.7,217.9,44.6,9.78,25.8,18.6,2.47,13.3,5.48,396.6,Satisfactory
20-02-2017,158.8,410.4,50.9,12.9,143.9,6.9,0.76,8.8,104.2,9.62,13.61,2.77,319.0,Moderate
21-02-2017,31.9,565.1,37.2,2.7,239.9,29.4,5.85,17.0,19.5,5.95,0.35,3.98,81.3,Good
22-02-2017,356.3,54.5,172.8,141.5,233.2,27.6,4.99,95.7,108.3,1.12,25.96,9.72,110.2,Poor
23-02-2017,464.0,431.0,6.8,96.2,137.3,14.9,5.73,27.1,151.4,5.53,21.08,2.66,111.7,Satisfactory
24-02-2017,429.9,579.3,68.4,1.9,180.6,31.4,2.29,71.0,155.7,6.58,3.04,1.84,145.9,Good
25-02-2017,17.4,188.3,38.7,35.2,232.9,35.6,2.85,15.2,25.1,17.75,11.14,7.05,27.8,Satisfactory
26-02-2017,297.5,26.6,95.6,133.1,19.1,29.3,9.54,9.7,147.6,3.66,14.01,5.05,289.0,Poor
27-02-2017,334.8,187.2,104.9,108.2,22.9,29.7,7.89,6.8,86.3,14.0,8.64,0.08,259.3,Very Poor
28-02-2017,157.7,309.4,179.1,65.7,15.4,44.3,3.84,80.1,32.2,16.39,29.44,5.3,324.7,Poor
01-03-2017,384.4,230.0,2.4,0.7,24.7,13.3,7.2,31.7,17.8,18.04,28.59,1.49,62.5,Moderate
02-03-2017,24.1,92.2,138.9,39.0,242.5,9.5,6.89,14.3,27.7,16.29,16.85,8.35,196.2,Poor
03-03-2017,175.3,205.5,65.5,144.4,116.2,9.6,0.04,65.7,65.2,5.43,23.44,2.25,367.1,Severe
04-03-2017,129.7,296.6,59.7,49.2,18.6,13.4,6.72,33.6,99.7,6.16,22.33,0.75,488.1,Poor
05-03-2017,167.1,16.5,28.6,99.9,174.7,34.8,5.34,96.7,117.7,8.09,4.71,3.73,136.3,Severe
06-03-2017,205.2,74.7,42.5,24.5,109.3,0.5,7.33,42.7,131.7,9.46,26.2,0.88,339.1,Severe
07-03-2017,146.6,271.5,51.7,116.3,155.1,17.2,9.81,85.4,169.2,1.09,17.26,3.03,404.0,Very Poor
08-03-2017,362.3,202.7,70.4,24.8,220.3,28.0,9.52,68.0,63.2,8.35,7.46,8.1,398.2,Satisfactory
09-03-2017,223.6,122.4,190.9,42.1,89.2,43.2,3.9,12.7,36.4,18.84,5.37,8.52,262.0,Moderate
10-03-2017,391.3,81.4,141.4,55.5,0.9,39.5,1.52,97.7,176.9,4.13,2.04,8.05,185.0,Good
11-03-2017,234.5,562.0,163.2,124.6,141.8,25.5,7.31,97.4,28.4,4.51,8.98,3.99,75.1,Severe
12-03-2017,157.6,280.9,198.6,24.4,37.0,7.3,1.97,52.7,143.3,10.97,12.96,9.08,391.8,Satisfactory
13-03-2017,278.7,242.1,144.4,89.3,164.2,24.4,6.94,6.1,20.6,5.26,20.13,7.36,374.7,Very Poor
14-03-2017,405.7,209.4,59.5,45.6,8.8,2.4,3.76,52.2,67.7,11.44,6.88,4.04,448.1,Severe
15-03-2017,124.6,24.7,147.9,145.3,88.2,35.9,7.6,25.4,36.6,16.45,3.38,2.74,53.4,Very Poor
16-03-2017,266.6,493.7,133.2,108.9,103.1,22.2,1.4,74.8,185.6,19.0,7.58,2.01,6.0,Poor
17-03-2017,124.0,512.4,51.7,16.9,180.5,8.9,8.34,66.9,176.4,19.81,8.52,6.02,445.4,Good
18-03-2017,368.3,8.3,60.5,27.7,165.8,15.8,2.03,63.6,107.5,19.53,6.57,2.54,401.8,Good
19-03-2017,60.8,142.8,192.0,30.1,58.5,48.7,4.81,94.9,18.7,0.04,22.33,9.13,200.2,Poor
20-03-2017,111.3,307.2,64.4,6.1,114.9,8.1,0.03,41.9,27.5,11.04,9.25,0.23,128.9,Poor
21-03-2017,183.9,552.7,144.4,124.6,111.9,42.3,9.09,2.3,67.2,17.31,20.09,5.57,434.3,Good
22-03-2017,212.8,590.2,114.9,101.5,185.1,29.8,2.74,90.6,72.1,16.86,4.25,2.49,335.7,Moderate
23-03-2017,408.2,216.3,153.8,111.1,244.0,48.0,5.57,40.5,61.0,17.4,7.43,7.18,240.7,Poor
24-03-2017,261.9,66.0,10.1,17.6,20.6,6.9,0.47,22.5,148.4,14.16,13.12,0.24,191.7,Severe
25-03-2017,49.7,182.5,51.2,98.3,176.9,41.5,5.33,62.3,120.0,5.24,20.84,7.08,202.4,Severe
26-03-2017,407.1,528.2,168.3,61.7,239.7,42.6,9.83,31.4,196.1,0.97,1.79,5.43,331.0,Severe
27-03-2017,484.7,8.4,111.4,149.4,25.3,26.1,9.92,10.9,190.2,5.39,15.07,0.87,394.0,Good
28-03-2017,211.0,398.2,41.1,78.1,34.8,46.0,8.02,61.9,139.9,6.46,21.03,1.48,222.8,Satisfactory
29-03-2017,309.4,139.7,24.9,56.5,233.6,11.5,9.67,60.4,3.1,0.63,4.09,0.63,321.2,Moderate
30-03-2017,442.3,237.0,92.4,65.2,71.0,5.2,1.23,51.1,148.5,5.68,25.38,8.64,188.2,Poor
31-03-2017,279.2,110.7,23.0,84.7,77.0,30.3,4.71,37.1,180.0,4.19,15.41,5.52,452.7,Severe
01-04-2017,16.9,358.1,56.8,142.1,213.6,36.8,2.96,87.5,142.5,6.4,24.31,9.67,14.6,Very Poor
02-04-2017,322.8,260.0,187.9,144.9,112.2,15.6,9.81,36.9,51.6,0.5,4.93,9.41,175.9,Moderate
03-04-2017,470.9,432.0,125.8,148.3,129.0,10.1,0.28,59.9,87.0,13.51,12.78,3.61,223.3,Severe
04-04-2017,458.2,189.9,145.0,141.9,33.8,6.3,9.76,81.7,109.4,11.49,17.81,9.09,248.5,Poor
05-04-2017,234.5,16.1,107.1,27.9,203.5,32.1,7.08,58.0,186.1,19.31,10.55,4.94,166.8,Poor
06-04-2017,483.6,466.9,77.2,86.6,90.1,37.3,7.16,31.5,15.9,13.77,5.92,9.56,82.3,Severe
07-04-2017,163.4,365.1,123.4,40.3,197.2,23.1,1.96,16.6,7.9,16.06,9.26,8.79,9.7,Poor
08-04-2017,90.3,249.0,51.8,12.7,219.4,26.7,5.33,30.5,195.4,0.48,11.52,5.85,456.4,Moderate
09-04-2017,5.6,433.2,132.6,113.3,18.3,0.2,7.21,47.9,135.1,18.92,8.13,5.98,112.1,Good
10-04-2017,265.4,390.7,95.1,16.7,8.6,29.7,6.16,41.5,97.0,1.16,21.54,8.08,410.6,Severe
11-04-2017,65.6,409.9,73.0,5.3,3.2,26.7,6.34,56.8,115.9,12.76,6.6,4.95,5.1,Good
12-04-2017,360.0,465.8,62.6,123.9,110.6,45.2,5.98,42.5,30.1,16.88,26.75,8.91,369.1,Severe
13-04-2017,365.3,498.8,58.7,87.6,42.0,16.8,1.49,27.8,131.9,19.43,7.19,5.48,109.8,Very Poor
14-04-2017,37.6,147.4,7.3,148.4,225.4,38.3,9.26,20.3,73.5,15.47,16.02,0.62,445.5,Satisfactory
15-04-2017,161.0,320.9,159.2,133.3,184.8,36.3,6.23,5.9,49.9,4.03,18.3,9.74,36.9,Satisfactory
16-04-2017,62.2,431.7,17.9,12.9,113.8,41.3,0.95,81.0,85.1,10.26,18.4,9.23,90.9,Poor
17-04-2017,294.1,317.0,97.7,99.2,118.5,10.0,7.33,36.0,186.0,10.13,21.1,4.47,428.0,Severe
18-04-2017,13.8,556.0,180.6,126.7,33.1,43.8,8.96,65.5,112.9,7.97,3.26,4.55,260.0,Very Poor
19-04-2017,391.2,229.2,128.2,134.6,15.6,13.2,5.74,24.9,137.9,7.4,11.08,4.09,114.9,Moderate
20-04-2017,218.9,282.0,193.9,46.7,47.6,15.9,5.2,27.0,86.4,11.83,25.02,6.51,240.9,Good
21-04-2017,170.6,405.7,109.7,80.9,193.4,8.8,2.14,43.2,60.0,10.39,25.75,0.97,433.3,Satisfactory
22-04-2017,70.3,37.4,174.1,68.3,179.3,49.2,7.94,39.2,57.2,8.0,19.69,5.52,161.3,Satisfactory
23-04-2017,57.5,147.0,86.3,29.9,148.9,44.1,0.87,57.4,18.4,3.91,25.08,9.57,334.5,Good
24-04-2017,465.5,479.6,46.8,45.0,124.9,4.1,8.88,86.7,182.4,4.06,11.38,4.53,124.5,Satisfactory
25-04-2017,440.4,5.0,189.3,13.1,113.0,17.9,8.63,29.5,194.6,13.28,5.87,9.28,409.7,Poor
26-04-2017,137.4,338.6,92.0,74.9,58.4,34.4,7.46,27.7,181.9,8.64,21.85,7.49,48.2,Poor
27-04-2017,76.4,552.6,28.0,141.3,167.1,45.1,6.47,14.6,55.2,14.28,20.82,1.99,332.0,Poor
28-04-2017,107.5,340.7,183.4,32.3,151.1,11.9,4.91,40.4,13.4,6.72,1.69,3.46,87.6,Very Poor
29-04-2017,198.7,53.8,112.7,102.1,228.9,34.8,7.8,47.0,15.9,11.97,15.93,7.3,240.2,Good
30-04-2017,292.7,410.5,112.2,71.3,236.5,7.4,2.32,77.2,53.6,5.72,16.9,4.25,489.3,Moderate
01-05-2017,455.4,33.4,31.5,105.6,137.1,25.2,9.36,82.9,139.3,11.74,16.09,6.97,168.9,Severe
02-05-2017,273.3,76.6,93.8,117.7,123.5,14.6,1.53,11.0,1.9,12.77,22.34,2.3,96.1,Satisfactory
03-05-2017,223.8,198.6,104.4,144.5,78.8,19.7,9.71,23.7,42.2,5.17,5.9,9.97,35.4,Severe
04-05-2017,440.9,563.7,91.0,97.5,81.1,41.5,9.75,91.4,151.8,15.37,3.04,3.08,234.9,Satisfactory
05-05-2017,245.0,566.0,20.8,5.4,100.7,44.1,1.57,83.9,34.6,18.68,21.63,1.55,158.5,Very Poor
06-05-2017,326.8,488.4,18.4,38.9,60.1,43.9,7.47,12.7,8.7,7.98,6.5,9.41,202.0,Very Poor
07-05-2017,440.9,437.5,132.8,145.1,150.3,22.9,9.49,6.3,139.8,8.1,19.07,9.22,483.4,Severe
08-05-2017,497.0,594.6,189.6,44.6,147.8,10.0,3.95,75.4,21.5,10.18,5.32,1.24,258.1,Good
09-05-2017,281.0,88.2,107.8,68.5,166.5,44.3,8.46,75.7,93.6,11.64,7.98,3.87,324.8,Satisfactory
10-05-2017,231.8,453.6,4.6,62.0,25.0,40.8,5.65,23.1,24.8,11.3,13.07,9.77,167.8,Severe
11-05-2017,318.5,113.3,4.7,106.6,149.2,22.0,3.92,68.9,117.7,0.98,3.55,5.75,221.5,Very Poor
12-05-2017,478.3,420.9,59.9,121.3,151.4,36.3,8.89,81.6,127.8,0.26,8.91,4.77,253.3,Very Poor
13-05-2017,330.8,455.0,67.6,123.7,174.3,6.5,8.16,14.5,170.7,4.67,2.2,1.73,183.2,Severe
14-05-2017,214.6,10.0,52.1,144.5,172.6,43.9,2.49,18.6,125.3,17.1,14.23,2.03,56.8,Satisfactory
15-05-2017,191.7,19.1,119.3,13.4,122.3,15.1,3.77,17.8,10.6,9.09,13.89,9.12,401.1,Good
16-05-2017,228.5,450.5,89.5,67.4,86.2,46.1,2.98,70.0,39.1,18.16,15.29,8.92,258.3,Moderate
17-05-2017,314.1,587.9,125.7,92.8,88.8,49.6,3.22,37.5,107.0,19.12,18.41,9.85,276.3,Moderate
18-05-2017,125.4,547.6,44.4,135.0,194.3,8.9,3.33,80.3,136.4,18.2,18.33,6.53,29.0,Poor
19-05-2017,148.0,550.6,69.4,104.6,232.0,0.2,1.89,18.0,36.8,15.75,9.78,1.98,17.2,Severe
20-05-2017,432.1,430.6,111.8,46.6,131.8,45.7,1.15,56.5,181.6,2.72,26.11,1.95,437.3,Moderate
21-05-2017,473.3,218.1,150.1,79.3,222.0,28.9,6.73,19.8,52.6,0.78,17.86,3.63,448.6,Satisfactory
22-05-2017,330.8,74.3,138.8,61.9,228.8,30.7,1.41,48.2,101.2,0.43,18.78,1.99,212.7,Poor
23-05-2017,93.8,114.3,91.8,140.8,92.8,15.3,1.43,36.5,87.4,8.33,21.65,6.11,137.6,Good
24-05-2017,9.1,571.9,61.6,26.1,57.9,20.8,5.88,51.6,15.7,9.3,23.2,2.35,377.7,Severe
25-05-2017,445.0,523.1,196.4,45.7,165.5,29.1,5.7,32.9,141.6,18.29,3.0,0.95,298.5,Poor
26-05-2017,374.6,368.0,36.9,108.1,86.0,41.1,6.12,78.9,82.3,9.14,11.62,9.94,132.1,Poor
27-05-2017,335.2,320.1,172.8,12.1,81.3,25.6,9.25,35.7,58.6,0.38,0.13,7.6,48.1,Moderate
28-05-2017,313.8,477.5,116.2,21.3,134.7,45.3,5.31,91.5,72.7,15.62,15.93,8.64,321.2,Very Poor
29-05-2017,263.9,321.6,135.2,1.0,72.1,41.4,5.47,72.6,110.7,7.44,10.13,7.07,99.0,Poor
30-05-2017,270.0,357.7,70.1,80.3,100.7,38.8,3.08,5.8,162.8,3.88,0.63,2.41,75.2,Poor
31-05-2017,64.8,206.3,168.0,18.1,194.1,43.2,7.83,65.5,82.8,6.22,12.93,5.08,27.1,Satisfactory
01-06-2017,447.6,343.3,28.1,13.2,141.8,46.3,7.98,8.7,70.8,1.99,1.1,7.58,486.3,Moderate
02-06-2017,210.5,240.9,45.8,61.7,31.5,39.8,0.75,79.6,0.8,0.75,10.13,9.43,411.1,Moderate
03-06-2017,4.8,505.6,64.0,57.7,110.7,40.5,3.88,1.3,147.4,17.73,4.23,8.81,39.3,Good
04-06-2017,459.1,11.0,30.5,8.3,20.3,14.0,9.06,19.5,72.7,16.48,21.27,5.25,217.3,Severe
05-06-2017,271.9,448.8,100.5,49.5,239.3,45.2,7.34,5.4,49.8,5.45,19.74,9.45,44.9,Poor
06-06-2017,337.2,3.5,69.4,74.3,36.3,6.0,4.98,70.5,180.0,19.33,24.16,6.72,456.5,Satisfactory
07-06-2017,194.9,553.6,162.7,58.0,24.3,23.7,3.74,78.8,151.6,3.86,8.43,0.35,233.4,Poor
08-06-2017,296.9,332.9,111.2,3.3,53.2,23.6,2.91,89.6,185.5,8.86,8.46,5.51,380.0,Good
09-06-2017,453.0,33.9,48.3,108.0,78.8,2.5,8.68,11.3,196.4,12.42,3.11,4.46,292.7,Very Poor
10-06-2017,28.4,588.8,150.2,150.0,104.6,17.7,2.73,36.3,193.5,16.86,22.6,4.94,464.3,Satisfactory
11-06-2017,170.1,58.4,82.4,20.5,163.2,38.1,7.68,49.8,0.5,14.82,4.52,2.48,230.7,Poor
12-06-2017,388.0,351.8,22.9,48.1,190.8,25.5,7.09,62.1,75.5,9.44,3.51,5.85,311.9,Very Poor
13-06-2017,33.3,75.2,69.3,94.4,218.2,47.4,5.39,37.6,144.3,15.8,9.7,0.97,389.6,Poor
14-06-2017,480.6,570.2,119.8,125.1,202.4,31.4,1.45,3.8,176.3,14.61,9.13,1.5,337.5,Moderate
15-06-2017,473.8,335.9,168.5,30.5,192.2,44.9,1.91,33.3,54.0,15.16,20.38,0.91,447.9,Poor
16-06-2017,412.7,115.1,78.0,116.5,118.9,9.3,3.26,72.1,29.8,6.1,12.03,5.94,370.1,Good
17-06-2017,437.7,274.8,98.0,97.0,98.3,40.5,7.99,88.0,10.9,8.29,18.54,1.13,345.7,Poor
18-06-2017,237.9,522.6,55.1,21.0,151.5,17.8,6.96,54.8,167.8,1.07,15.71,8.99,35.7,Good
19-06-2017,282.3,529.0,39.5,103.3,226.3,4.2,9.93,97.8,96.0,18.68,26.14,0.75,425.1,Severe
20-06-2017,213.4,359.6,172.4,50.4,170.9,47.9,0.81,46.8,68.4,14.12,27.31,1.18,413.8,Good
21-06-2017,227.9,58.2,118.0,80.7,64.3,19.4,1.23,15.4,83.2,18.14,29.16,5.33,482.2,Severe
22-06-2017,444.8,160.2,189.4,5.3,180.3,23.3,5.43,51.1,139.5,17.71,24.78,1.11,352.0,Satisfactory
23-06-2017,420.7,306.8,2.2,127.5,237.4,44.2,8.97,25.1,130.1,11.65,0.16,1.61,475.8,Good
24-06-2017,286.3,457.5,144.4,73.0,207.9,40.9,2.71,95.1,185.1,15.67,26.66,4.29,303.8,Satisfactory
25-06-2017,9.9,410.2,103.3,67.5,76.8,23.9,9.3,54.1,52.3,17.89,11.59,0.04,252.2,Very Poor
26-06-2017,251.1,105.9,182.8,93.9,16.2,37.7,3.17,41.5,154.5,13.6,29.57,6.62,498.1,Satisfactory
27-06-2017,22.5,244.5,118.6,85.6,212.5,5.4,5.57,35.0,118.9,18.17,11.57,8.28,277.6,Good
28-06-2017,455.6,458.1,59.8,17.1,47.5,2.8,3.34,62.4,95.7,2.19,4.0,1.45,73.9,Very Poor
29-06-2017,64.6,95.6,74.7,47.8,43.9,33.6,3.51,55.7,68.2,16.99,29.65,7.13,26.0,Good
30-06-2017,374.4,499.3,14.0,99.3,136.4,43.7,2.5,90.5,114.1,9.13,17.7,1.58,44.0,Satisfactory
01-07-2017,260.8,20.4,112.8,14.7,124.9,23.6,4.96,70.1,55.0,1.44,18.4,7.95,61.9,Satisfactory
02-07-2017,145.5,405.1,87.5,83.6,162.1,4.2,0.97,24.7,42.8,4.36,22.3,3.77,390.5,Good
03-07-2017,109.4,553.8,81.9,15.1,191.7,29.1,4.28,19.7,43.4,19.9,25.82,0.02,159.3,Moderate
04-07-2017,259.2,426.9,155.4,26.8,105.0,16.1,0.52,9.4,134.5,18.84,25.73,8.92,94.0,Very Poor
05-07-2017,430.1,258.6,76.1,11.8,226.4,45.5,2.68,23.6,184.6,16.91,2.48,3.61,201.9,Poor
06-07-2017,336.9,161.3,74.2,77.4,214.2,33.6,8.16,76.7,90.4,11.64,16.13,0.85,455.3,Moderate
07-07-2017,226.1,580.3,81.8,45.7,24.6,3.1,6.1,64.8,78.9,8.4,27.23,2.83,25.7,Very Poor
08-07-2017,194.4,99.8,116.6,96.7,146.6,21.4,7.85,65.4,177.0,0.76,20.4,3.16,278.8,Satisfactory
09-07-2017,267.6,215.3,156.4,74.6,246.4,29.3,6.91,4.8,123.3,13.76,17.17,8.4,434.7,Very Poor
10-07-2017,489.0,427.7,85.9,119.7,214.1,43.8,8.95,89.2,93.3,8.84,5.82,9.3,495.0,Very Poor
11-07-2017,342.7,410.9,53.9,91.3,128.0,36.5,4.63,89.6,18.8,9.23,7.98,9.74,45.4,Very Poor
12-07-2017,79.0,129.5,82.5,132.2,104.5,46.4,4.89,38.4,90.0,7.65,26.61,7.02,233.1,Poor
13-07-2017,89.6,292.4,101.4,76.4,177.3,29.3,6.03,78.1,97.7,19.88,24.02,6.88,316.9,Moderate
14-07-2017,459.3,291.8,88.7,79.6,89.3,15.5,8.46,72.8,95.8,2.79,28.28,7.68,132.1,Poor
15-07-2017,371.2,435.0,86.2,141.5,34.7,37.9,7.11,5.2,50.4,10.71,29.24,8.02,174.1,Good
16-07-2017,211.9,165.1,17.8,96.7,115.6,2.6,5.65,43.4,5.7,14.13,23.37,3.45,78.4,Good
17-07-2017,321.7,444.0,60.9,65.0,140.0,36.2,9.35,76.2,8.0,4.25,22.23,9.65,383.9,Good
18-07-2017,459.9,398.0,9.9,58.4,60.4,33.0,4.99,49.4,86.7,6.39,25.84,9.12,475.6,Very Poor
19-07-2017,471.1,107.4,17.6,63.6,42.6,16.9,5.21,1.5,132.3,9.67,19.56,1.92,390.7,Good
20-07-2017,374.7,29.2,25.4,64.1,213.4,44.5,9.11,30.2,172.4,7.56,23.24,5.95,34.5,Good
21-07-2017,469.1,242.4,5.5,81.8,51.6,1.6,9.35,13.8,85.5,5.11,10.82,2.38,401.7,Poor
22-07-2017,290.7,36.1,125.5,30.7,235.5,11.8,8.47,8.9,106.8,10.66,10.64,5.12,391.0,Satisfactory
23-07-2017,51.1,359.7,155.8,121.6,167.2,22.0,5.99,84.0,91.5,18.16,0.61,6.42,100.2,Severe
24-07-2017,33.9,57.3,170.4,144.3,196.9,28.1,6.33,16.3,198.5,5.7,2.93,2.07,256.1,Good
25-07-2017,44.1,486.5,194.9,141.9,27.3,30.7,6.23,35.9,128.7,16.68,7.42,4.14,335.0,Good
26-07-2017,70.0,517.0,6.8,130.8,205.3,5.8,8.29,67.7,164.0,16.56,20.11,7.98,48.8,Satisfactory
27-07-2017,10.3,48.3,165.9,94.5,98.9,28.7,4.26,88.7,39.6,6.67,19.15,5.82,90.7,Good
28-07-2017,20.9,503.1,97.8,120.3,195.2,9.2,2.73,56.2,40.1,5.43,23.36,8.19,362.9,Moderate
29-07-2017,186.3,237.6,96.8,48.4,178.0,2.7,4.92,17.1,138.5,19.03,21.97,1.06,413.1,Moderate
30-07-2017,403.2,346.0,151.0,138.1,119.3,28.2,3.42,92.0,189.0,3.66,5.74,2.58,401.9,Good
31-07-2017,484.9,499.3,185.9,9.5,223.9,25.6,4.53,91.7,134.6,10.34,15.33,3.32,153.8,Very Poor
01-08-2017,385.5,583.4,75.5,83.1,71.7,18.2,1.57,23.1,189.8,8.4,14.88,3.5,484.0,Satisfactory
02-08-2017,488.1,82.7,27.7,72.7,19.1,16.3,1.88,52.4,74.0,12.15,10.22,0.71,145.1,Very Poor
03-08-2017,477.5,307.1,53.2,54.3,51.2,0.9,3.18,61.9,107.3,6.19,9.21,6.91,442.0,Good
04-08-2017,359.8,598.4,58.3,26.7,13.0,21.7,1.17,69.4,75.4,19.27,25.29,8.58,244.5,Poor
05-08-2017,424.4,113.0,199.4,36.8,232.6,21.0,1.85,30.8,178.4,4.51,25.4,8.78,94.0,Moderate
06-08-2017,190.8,8.6,72.3,49.7,29.7,22.8,7.13,1.5,10.8,1.73,13.8,1.8,458.3,Very Poor
07-08-2017,61.2,363.8,49.6,14.7,215.7,25.0,4.92,56.1,47.4,6.21,1.03,7.13,14.4,Moderate
08-08-2017,99.3,17.9,168.6,105.4,88.1,34.1,3.12,14.3,37.0,10.54,11.19,7.25,363.0,Moderate
09-08-2017,277.3,509.0,13.5,149.3,78.7,47.9,9.99,34.3,181.2,5.23,17.67,9.97,345.3,Poor
10-08-2017,463.2,237.8,176.2,85.6,116.3,35.7,1.01,45.2,140.4,11.25,27.18,9.99,317.4,Satisfactory
11-08-2017,303.9,248.4,95.7,14.5,94.5,47.1,6.14,84.2,25.2,4.86,24.75,9.67,339.7,Poor
12-08-2017,141.1,139.9,18.1,137.6,187.5,8.3,0.47,65.9,166.2,6.54,10.73,1.07,294.2,Moderate
13-08-2017,310.2,480.8,5.3,15.2,127.6,14.3,6.73,51.8,89.6,15.69,15.57,1.73,74.9,Satisfactory
14-08-2017,104.5,333.5,84.0,4.4,247.7,1.1,6.24,2.1,111.2,4.07,24.58,7.21,91.7,Satisfactory
15-08-2017,35.1,59.9,174.0,16.5,146.1,32.6,6.86,78.1,3.0,9.98,26.76,5.3,432.5,Poor
16-08-2017,223.1,79.7,87.8,92.8,73.8,28.4,0.8,98.7,182.4,2.83,11.27,9.62,402.5,Good
17-08-2017,346.3,360.4,98.8,21.2,226.1,10.6,4.12,35.2,26.5,10.24,22.06,6.67,369.1,Severe
18-08-2017,24.3,411.7,44.3,71.0,73.7,8.0,3.62,32.6,71.6,14.12,1.3,0.77,111.4,Satisfactory
19-08-2017,360.6,382.8,46.8,121.2,126.4,36.6,9.32,48.5,96.3,17.6,15.52,7.33,263.8,Very Poor
20-08-2017,134.9,64.0,32.8,13.2,53.7,20.0,5.06,94.8,52.8,8.42,16.79,7.22,84.7,Good
21-08-2017,210.3,510.5,196.8,38.7,126.1,28.8,0.51,40.1,117.5,4.58,14.84,8.28,327.7,Moderate
22-08-2017,195.3,321.0,170.7,126.7,134.1,30.2,7.46,27.9,114.4,4.67,6.81,0.25,375.1,Satisfactory
23-08-2017,171.9,25.8,186.7,102.4,218.8,46.4,4.5,58.4,42.5,3.35,21.01,4.85,289.8,Severe
24-08-2017,240.3,29.3,89.9,129.9,173.2,41.8,8.53,63.2,108.0,14.78,28.86,4.28,349.9,Good
25-08-2017,46.8,0.3,139.0,63.4,157.3,41.7,4.03,14.8,137.1,5.92,27.13,5.16,176.2,Severe
26-08-2017,181.4,258.6,96.9,17.9,238.8,44.3,6.5,32.1,134.2,1.6,20.8,3.04,423.9,Satisfactory
27-08-2017,299.5,477.8,150.5,4.6,188.0,6.7,3.5,61.7,140.3,19.63,15.31,7.23,56.7,Poor
28-08-2017,41.8,498.8,34.2,110.1,31.1,29.6,1.38,63.1,136.3,16.29,29.23,7.77,488.5,Moderate
29-08-2017,400.1,72.0,34.2,114.5,246.9,6.6,8.07,25.5,142.6,14.81,27.96,2.62,135.0,Very Poor
30-08-2017,393.4,398.5,107.0,87.7,83.4,23.6,7.42,41.7,70.0,10.67,12.37,5.91,436.6,Satisfactory
31-08-2017,152.8,275.6,99.7,100.5,218.4,0.3,1.37,21.9,0.3,2.6,22.04,8.85,174.1,Satisfactory
01-09-2017,313.6,259.5,2.3,148.7,37.4,17.7,4.21,97.7,42.9,16.0,5.2,5.32,393.0,Severe
02-09-2017,15.6,121.0,142.8,94.6,42.1,5.2,3.89,24.6,99.6,16.55,9.83,5.58,228.6,Moderate
03-09-2017,352.2,258.0,121.3,12.9,42.8,41.3,7.76,77.3,8.8,7.13,11.17,5.8,134.9,Very Poor
04-09-2017,453.4,149.2,196.0,118.7,102.5,13.9,9.4,23.5,66.6,17.12,14.57,5.61,182.5,Severe
05-09-2017,112.1,494.1,78.1,33.5,114.3,13.7,6.64,7.5,6.6,8.67,28.79,6.41,210.1,Poor
06-09-2017,265.1,454.2,60.9,53.6,232.4,27.6,8.92,63.2,191.2,7.67,17.72,5.04,442.9,Very Poor
07-09-2017,490.4,295.9,135.0,140.9,158.0,31.0,3.11,47.1,125.8,10.4,11.03,6.67,67.0,Very Poor
08-09-2017,251.5,16.2,22.0,111.4,155.2,8.6,6.64,30.9,117.8,2.01,9.72,2.37,495.9,Poor
09-09-2017,362.0,421.6,185.2,138.3,46.3,2.3,0.39,4.5,46.0,17.2,24.45,5.39,285.9,Satisfactory
10-09-2017,321.0,378.2,171.3,134.8,129.4,27.6,9.55,46.3,108.6,19.95,21.13,0.93,285.7,Satisfactory
11-09-2017,36.6,531.7,104.3,145.5,229.8,5.9,9.01,52.6,29.7,14.89,20.54,0.12,234.1,Moderate
12-09-2017,154.7,137.5,179.9,10.1,235.2,28.5,5.12,29.6,10.8,17.93,22.72,1.7,267.8,Severe
13-09-2017,138.7,25.3,75.2,89.0,63.1,28.7,1.78,28.2,35.5,10.29,2.33,5.72,52.0,Moderate
14-09-2017,368.1,233.6,54.4,81.8,234.5,18.1,0.06,67.9,113.6,3.09,22.99,4.23,463.7,Very Poor
15-09-2017,116.5,341.2,158.5,103.5,211.8,13.2,6.63,68.4,133.6,11.25,11.61,0.91,92.4,Good
16-09-2017,165.2,191.9,82.8,20.1,11.4,27.1,1.11,27.3,43.7,13.95,0.52,3.0,24.7,Moderate
17-09-2017,419.8,534.6,39.9,14.8,66.8,34.4,0.97,27.9,65.2,19.73,28.39,5.47,404.1,Satisfactory
18-09-2017,143.7,19.8,104.4,135.0,236.1,22.3,2.67,93.0,13.6,17.46,5.62,6.5,97.7,Very Poor
19-09-2017,306.2,86.1,30.2,23.1,235.2,24.1,3.3,27.2,43.5,12.48,10.62,0.65,397.5,Very Poor
20-09-2017,83.3,24.8,45.6,6.5,214.7,38.3,5.68,98.8,68.3,8.55,15.2,3.34,173.8,Very Poor
21-09-2017,35.8,408.1,56.7,131.0,207.2,39.0,5.39,94.9,182.4,19.86,16.11,1.0,476.6,Satisfactory
22-09-2017,16.6,346.3,18.5,58.0,221.5,15.7,1.26,17.6,173.5,10.55,20.42,0.48,15.4,Moderate
23-09-2017,438.9,485.2,86.1,133.8,51.2,34.5,1.83,12.7,65.8,19.07,9.34,3.81,77.5,Moderate
24-09-2017,32.5,491.9,189.5,26.2,109.0,0.6,6.52,3.2,55.7,11.17,12.86,9.84,325.7,Good
25-09-2017,393.8,21.9,6.9,117.3,60.9,34.9,2.01,70.4,70.9,15.45,15.29,3.73,13.2,Moderate
26-09-2017,199.2,157.2,71.9,74.8,62.4,49.5,8.26,50.7,26.7,6.97,17.46,8.34,15.6,Poor
27-09-2017,198.0,80.5,10.5,26.6,100.6,31.2,7.87,92.8,144.3,6.12,3.96,7.1,494.3,Poor
28-09-2017,230.8,199.8,54.8,29.5,236.9,22.5,7.98,72.2,190.2,15.87,24.29,4.55,65.7,Good
29-09-2017,261.9,468.9,130.2,69.6,47.4,24.0,1.35,11.5,160.6,19.75,25.97,7.33,427.7,Severe
30-09-2017,196.1,404.9,151.7,19.8,218.6,31.5,3.38,42.3,28.2,8.65,5.17,7.52,64.5,Good
01-10-2017,389.5,106.6,183.7,39.9,18.3,13.1,7.48,81.6,154.2,7.84,29.29,1.58,51.8,Severe
02-10-2017,224.2,58.9,15.4,95.2,88.4,1.0,0.44,78.0,162.9,12.12,12.7,2.29,152.8,Good
03-10-2017,283.7,562.1,140.7,124.1,20.5,15.8,3.9,44.5,97.6,19.33,15.02,9.46,434.8,Satisfactory
04-10-2017,242.9,123.6,184.3,0.8,82.1,29.5,8.81,26.4,55.7,7.39,28.94,3.9,135.4,Severe
05-10-2017,422.2,405.9,36.6,123.1,124.5,6.9,5.47,6.4,178.6,18.02,8.73,6.12,115.3,Very Poor
06-10-2017,317.6,338.5,153.9,61.1,28.9,17.8,1.52,97.5,69.6,18.62,9.25,5.53,409.9,Satisfactory
07-10-2017,494.7,8.9,18.9,81.1,129.2,3.1,6.33,10.2,119.3,7.76,18.69,1.25,31.0,Poor
08-10-2017,29.7,263.3,4.2,59.3,206.0,3.4,6.73,57.3,68.0,3.03,8.88,9.95,100.2,Very Poor
09-10-2017,386.0,419.2,80.2,134.4,50.2,4.5,3.25,70.6,119.2,2.05,5.62,8.91,71.6,Very Poor
10-10-2017,105.4,484.5,91.7,47.1,170.4,15.4,0.37,35.0,115.3,19.51,17.23,3.22,498.3,Good
11-10-2017,300.1,597.7,62.2,23.0,235.7,19.8,5.52,58.7,126.7,18.55,17.45,4.43,292.5,Severe
12-10-2017,315.6,581.4,101.0,16.5,122.2,13.5,9.84,31.6,118.5,2.89,1.12,2.1,48.6,Moderate
13-10-2017,443.6,290.8,101.5,96.8,185.4,37.1,1.16,21.4,141.0,3.84,4.96,0.79,20.8,Satisfactory
14-10-2017,306.4,3.1,157.2,58.1,233.0,10.7,6.61,48.9,68.8,7.44,4.22,2.31,69.0,Moderate
15-10-2017,158.7,74.4,40.9,83.2,139.3,41.1,9.8,35.4,102.0,18.48,27.41,1.34,360.1,Good
16-10-2017,356.3,439.5,181.1,38.7,154.4,24.3,6.43,33.2,72.2,8.86,11.51,2.7,421.0,Poor
17-10-2017,443.0,300.1,101.1,55.5,113.1,48.4,3.41,60.1,83.6,3.58,6.65,1.25,244.1,Satisfactory
18-10-2017,332.6,462.4,168.1,130.3,175.1,30.5,8.04,37.1,24.8,3.49,2.42,6.88,462.3,Severe
19-10-2017,276.7,328.4,40.1,123.0,156.9,19.7,6.71,83.0,39.2,12.03,24.81,1.65,389.7,Satisfactory
20-10-2017,53.8,137.4,80.7,96.6,204.5,39.8,6.15,1.6,152.4,16.49,6.9,3.83,208.4,Very Poor
21-10-2017,191.1,232.4,138.5,27.8,103.9,47.3,7.54,38.4,43.2,10.0,1.94,4.31,141.3,Satisfactory
22-10-2017,255.7,278.0,67.1,17.3,242.9,31.2,5.59,61.8,182.1,0.06,8.14,2.28,130.3,Very Poor
23-10-2017,30.5,40.8,80.0,125.1,48.7,41.6,7.59,64.5,120.3,17.88,6.93,9.37,308.2,Satisfactory
24-10-2017,394.2,225.4,176.8,28.5,198.7,30.6,0.35,92.2,172.4,5.01,3.33,0.61,177.0,Good
25-10-2017,56.1,339.5,20.8,2.6,241.2,20.2,5.85,72.7,170.3,16.18,20.51,8.37,96.3,Satisfactory
26-10-2017,310.0,186.4,139.4,89.5,50.8,0.5,5.62,92.7,173.3,14.45,12.5,5.15,155.3,Good
27-10-2017,428.4,434.0,148.3,56.9,174.8,12.9,9.48,54.2,38.4,14.81,16.27,7.96,132.6,Very Poor
28-10-2017,42.2,57.7,36.3,20.9,71.4,30.6,9.7,13.1,132.3,6.38,9.25,1.87,80.7,Poor
29-10-2017,262.5,474.0,181.5,50.8,104.8,26.8,0.38,98.7,69.1,7.61,14.76,7.46,467.7,Poor
30-10-2017,277.4,558.7,63.9,56.9,241.3,38.4,2.09,94.1,59.1,0.92,22.61,8.65,462.0,Satisfactory
31-10-2017,112.5,113.6,183.6,113.4,12.2,18.9,6.23,64.3,123.0,19.68,9.32,0.31,86.8,Very Poor
01-11-2017,56.2,465.6,60.6,81.2,87.1,32.7,9.35,73.8,132.9,10.08,26.65,6.23,424.2,Satisfactory
02-11-2017,195.6,112.9,11.6,84.9,30.5,45.1,7.65,80.6,48.2,0.89,29.33,0.97,155.2,Severe
03-11-2017,364.2,236.4,97.1,140.7,196.0,43.8,1.12,86.4,85.8,16.4,5.92,5.44,39.7,Satisfactory
04-11-2017,208.1,508.2,18.5,126.8,62.2,49.8,3.99,65.0,12.7,9.31,3.67,9.71,177.4,Satisfactory
05-11-2017,315.3,112.4,61.1,21.7,10.0,8.0,0.69,32.0,55.9,18.3,23.31,6.75,188.5,Severe
06-11-2017,167.3,198.4,108.7,5.2,29.5,12.7,5.11,52.2,176.6,13.54,6.64,3.16,253.2,Good
07-11-2017,261.4,227.0,11.7,53.6,153.1,34.9,3.19,1.2,168.0,11.01,16.35,9.94,389.9,Poor
08-11-2017,5.4,144.0,54.0,85.2,201.4,46.3,9.51,17.2,132.3,5.21,24.05,3.83,207.7,Moderate
09-11-2017,483.6,335.7,106.9,107.6,1.2,2.1,6.72,91.4,65.7,14.79,9.54,1.06,31.6,Severe
10-11-2017,136.0,565.3,140.7,0.9,4.1,13.1,1.85,90.2,106.7,15.84,25.19,1.21,172.1,Good
11-11-2017,386.4,440.3,156.7,50.1,209.7,7.1,8.09,22.5,49.7,3.68,27.46,0.07,467.7,Satisfactory
12-11-2017,22.7,396.0,115.8,91.7,127.5,46.2,9.4,44.1,191.8,5.09,4.5,6.89,40.6,Good
13-11-2017,127.2,476.2,3.9,60.8,41.9,47.1,7.56,99.3,26.6,19.92,12.88,0.86,85.1,Severe
14-11-2017,392.9,273.0,113.5,119.6,133.8,10.6,1.1,64.1,63.2,4.43,2.41,9.58,40.0,Moderate
15-11-2017,20.3,448.1,37.1,38.7,209.8,23.0,7.78,20.9,36.9,12.62,19.11,1.2,403.4,Good
16-11-2017,257.2,33.7,196.5,15.9,34.7,28.0,8.17,19.6,66.5,13.62,27.44,0.32,337.2,Very Poor
17-11-2017,127.8,597.8,175.0,54.9,216.6,40.8,9.12,57.8,150.6,6.06,27.9,2.12,163.5,Moderate
18-11-2017,107.6,314.4,105.6,69.5,46.0,21.7,8.97,35.0,105.9,18.08,3.45,3.05,330.0,Moderate
19-11-2017,155.4,215.4,70.1,39.5,179.3,33.8,0.58,48.4,87.5,7.33,3.72,3.88,198.5,Good
20-11-2017,9.1,365.2,59.1,64.5,118.7,19.3,8.38,18.9,170.4,19.35,15.48,1.53,2.2,Very Poor
21-11-2017,234.1,110.1,168.5,12.6,20.9,15.8,1.84,5.8,155.1,4.91,18.37,3.26,497.8,Very Poor
22-11-2017,251.6,445.6,156.8,71.2,0.3,18.0,2.61,51.0,49.8,10.51,12.54,4.24,383.6,Satisfactory
23-11-2017,390.4,567.0,126.5,117.0,64.3,48.7,6.48,88.8,63.8,19.43,0.13,8.05,143.3,Moderate
24-11-2017,316.4,559.9,138.6,53.2,100.5,41.4,7.54,95.1,175.7,14.81,10.05,9.09,29.7,Poor
25-11-2017,392.8,398.3,39.0,95.0,19.3,36.6,2.96,49.8,141.7,6.14,26.24,9.55,367.9,Satisfactory
26-11-2017,302.2,348.2,117.2,85.7,7.4,25.4,2.44,11.6,39.7,0.22,0.47,4.2,142.1,Satisfactory
27-11-2017,295.1,228.6,175.7,80.2,89.7,21.3,7.18,23.3,73.7,15.89,24.17,4.27,41.6,Satisfactory
28-11-2017,297.1,159.2,107.5,98.9,195.1,42.4,7.43,33.0,30.9,11.72,26.55,0.5,378.2,Poor
29-11-2017,305.2,114.3,185.8,14.5,96.6,28.9,8.25,31.5,37.8,8.19,4.06,5.14,330.5,Very Poor
30-11-2017,286.8,220.9,173.6,128.5,96.1,3.0,2.55,40.9,103.5,6.29,10.84,7.05,152.2,Satisfactory
01-12-2017,232.4,121.0,101.6,116.6,149.2,43.0,8.19,6.1,7.1,11.71,14.67,8.3,290.6,Moderate
02-12-2017,447.4,94.7,12.2,141.3,61.5,48.4,4.22,79.7,69.8,12.22,29.09,3.81,8.5,Poor
03-12-2017,400.8,400.3,51.9,45.7,3.3,8.9,2.76,71.0,33.7,1.22,18.4,0.24,34.3,Moderate
04-12-2017,81.7,338.0,182.9,5.9,217.7,18.5,8.44,89.0,149.5,8.94,18.6,9.22,177.5,Moderate
05-12-2017,261.8,402.1,199.6,127.3,41.9,9.2,6.11,67.3,168.3,9.29,27.09,8.03,448.8,Very Poor
06-12-2017,121.6,480.6,193.0,137.8,216.7,43.7,1.95,61.9,135.9,12.5,25.93,8.3,258.9,Satisfactory
07-12-2017,244.0,234.8,134.5,110.3,130.2,18.4,4.06,83.4,62.1,17.92,26.33,8.14,435.2,Moderate
08-12-2017,251.2,355.4,184.9,145.7,189.4,26.6,0.25,65.0,112.7,8.27,18.46,7.77,335.7,Moderate
09-12-2017,34.0,347.1,171.5,83.2,126.1,9.4,6.12,28.7,184.8,15.59,7.46,3.42,10.4,Poor
10-12-2017,339.6,423.1,42.8,125.2,244.4,29.5,4.38,97.1,118.5,10.55,22.06,0.53,365.3,Poor
11-12-2017,85.1,568.9,65.6,2.8,249.0,40.3,4.83,14.6,111.5,12.0,22.68,0.03,434.5,Poor
12-12-2017,81.3,186.2,11.4,72.2,41.0,22.5,3.67,69.4,117.6,16.23,5.93,2.4,95.6,Poor
13-12-2017,124.9,207.6,157.9,8.6,97.3,44.2,0.38,86.1,78.6,10.37,3.32,3.58,366.6,Very Poor
14-12-2017,386.8,482.7,102.8,129.0,237.2,1.3,5.02,61.7,77.8,4.86,23.56,7.41,263.6,Good
15-12-2017,403.8,580.1,115.6,65.3,177.0,7.8,8.48,68.5,99.0,11.34,28.35,9.71,116.1,Good
16-12-2017,480.0,101.6,185.9,18.6,173.6,47.5,6.67,57.0,75.1,6.74,14.13,3.81,239.3,Satisfactory
17-12-2017,149.5,216.1,198.1,109.3,176.4,21.6,2.52,52.4,29.1,11.71,22.29,9.5,283.8,Moderate
18-12-2017,70.6,101.2,98.5,80.5,139.6,15.5,4.48,45.3,63.9,4.16,11.73,7.89,446.7,Very Poor
19-12-2017,148.6,283.4,140.1,36.3,246.7,38.9,8.73,54.6,115.6,13.32,17.84,6.77,436.6,Very Poor
20-12-2017,329.4,445.6,85.5,126.8,42.4,37.2,9.87,84.8,183.2,14.35,14.74,2.91,294.2,Severe
21-12-2017,188.6,235.2,76.7,82.4,112.5,43.4,2.75,57.8,161.4,11.13,3.12,0.97,343.4,Satisfactory
22-12-2017,497.2,54.4,94.5,20.0,20.1,17.5,9.86,27.4,89.4,1.3,9.22,7.98,172.1,Very Poor
23-12-2017,84.1,320.4,16.4,40.0,207.2,44.5,0.49,60.4,186.4,10.81,5.79,5.89,453.4,Moderate
24-12-2017,299.6,146.0,7.6,2.6,207.3,5.0,5.13,98.4,150.5,7.92,24.92,6.56,400.5,Moderate
25-12-2017,340.0,569.2,46.1,40.6,183.4,18.9,4.74,17.9,70.9,13.49,21.87,0.18,58.9,Very Poor
26-12-2017,395.3,89.1,69.8,131.0,91.0,22.9,3.59,92.3,127.2,8.33,17.7,3.76,185.6,Very Poor
27-12-2017,106.8,460.8,184.4,27.7,41.4,49.8,4.61,69.0,112.1,2.0,5.87,9.34,142.4,Very Poor
28-12-2017,169.1,542.8,115.3,16.7,189.6,27.6,2.45,47.4,137.9,2.63,4.63,1.0,114.7,Good
29-12-2017,413.7,344.3,15.4,20.8,248.1,49.0,8.6,63.7,101.8,0.22,28.19,2.22,493.8,Moderate
30-12-2017,362.0,127.9,170.6,105.9,171.8,11.6,8.44,54.3,57.4,10.27,17.79,9.75,90.3,Satisfactory
31-12-2017,58.6,515.9,169.2,122.0,243.5,29.6,1.84,68.8,112.6,8.91,21.67,0.51,311.0,Moderate
01-01-2018,418.8,133.0,51.8,58.0,177.6,13.7,9.06,18.7,113.4,1.43,20.51,0.27,266.6,Good
02-01-2018,51.4,262.6,107.3,72.0,200.8,32.3,1.51,5.1,169.2,19.56,11.23,1.64,302.6,Moderate
03-01-2018,349.8,246.6,141.5,65.8,202.9,14.3,5.74,49.0,97.4,9.46,2.16,1.01,287.2,Good
04-01-2018,96.1,477.9,71.1,96.7,102.0,27.6,1.54,65.1,112.7,8.82,23.02,2.31,253.9,Good
05-01-2018,240.8,186.3,57.6,73.3,23.7,43.3,5.82,1.9,52.3,8.99,3.89,5.91,144.8,Good
06-01-2018,132.6,194.0,178.2,28.3,140.4,38.1,0.82,73.8,24.5,11.56,29.67,2.92,12.3,Very Poor
07-01-2018,62.4,510.8,173.7,80.7,37.8,42.6,9.93,39.5,124.3,12.63,5.95,6.79,222.2,Very Poor
08-01-2018,165.4,587.2,63.2,128.4,79.3,45.4,4.59,7.3,113.9,0.39,8.25,5.31,307.7,Good
09-01-2018,246.2,449.1,140.2,4.2,20.6,36.0,6.42,54.6,80.3,6.17,6.9,3.61,292.5,Poor
10-01-2018,424.2,112.8,85.6,140.8,159.5,34.3,6.0,71.4,52.9,6.87,13.77,1.9,217.5,Satisfactory
11-01-2018,301.6,424.9,88.7,84.8,205.6,11.6,8.98,94.4,17.0,17.97,15.93,5.04,56.0,Satisfactory
12-01-2018,95.9,1.3,36.1,24.2,127.0,11.8,7.29,16.7,47.9,17.85,19.4,5.92,214.3,Poor
13-01-2018,132.5,596.4,128.4,124.5,88.8,6.5,1.41,52.6,9.6,2.89,29.25,4.6,51.0,Severe
14-01-2018,79.4,368.5,68.2,60.3,119.5,43.5,4.89,84.6,49.6,17.02,23.05,1.72,192.9,Good
15-01-2018,293.0,385.5,82.4,109.8,78.5,20.8,1.73,86.8,97.4,18.99,28.68,5.29,174.8,Moderate
16-01-2018,278.7,373.6,92.0,2.4,99.9,8.0,0.37,99.2,74.6,1.69,16.42,8.3,374.0,Satisfactory
17-01-2018,261.3,210.5,189.1,131.7,113.2,47.0,4.35,91.2,89.8,10.41,5.66,4.39,461.2,Very Poor
18-01-2018,6.6,233.6,82.9,6.2,91.6,27.9,4.7,69.4,188.4,0.26,7.26,1.48,272.6,Very Poor
19-01-2018,215.4,164.5,85.7,21.0,59.4,32.0,7.0,61.7,56.7,14.4,5.03,1.61,232.3,Severe
20-01-2018,78.0,17.3,194.8,67.8,48.1,30.7,1.18,13.8,151.7,6.63,23.33,4.46,308.4,Poor
21-01-2018,310.7,54.1,65.9,58.8,114.6,9.6,9.4,8.3,138.0,7.39,15.84,7.88,230.1,Satisfactory
22-01-2018,14.9,294.1,22.7,3.2,224.4,14.5,8.49,82.3,58.8,13.94,9.41,1.04,112.9,Good
23-01-2018,149.6,212.6,120.7,19.0,218.3,7.5,7.23,40.8,92.2,15.29,3.64,8.28,5.5,Satisfactory
24-01-2018,333.5,549.7,50.9,53.9,228.4,25.8,0.86,22.5,158.8,3.58,5.17,5.69,400.0,Poor
25-01-2018,283.4,41.8,50.6,79.3,45.9,9.0,9.58,84.2,133.3,18.47,16.95,9.51,84.8,Satisfactory
26-01-2018,391.6,478.1,164.4,49.5,153.5,43.8,5.82,28.4,109.8,13.0,1.3,4.36,261.4,Moderate
27-01-2018,166.3,258.8,88.1,61.5,210.4,29.5,6.48,84.9,114.4,1.59,18.37,8.29,220.0,Poor
28-01-2018,207.1,542.1,179.3,72.0,237.5,36.7,7.43,32.6,31.3,3.68,5.6,0.06,33.5,Satisfactory
29-01-2018,228.9,431.0,46.1,90.7,173.4,48.9,8.8,19.9,95.2,8.87,22.45,6.5,331.5,Moderate
30-01-2018,15.5,76.3,42.3,24.0,126.0,46.5,5.74,25.2,84.1,12.03,20.49,5.98,202.7,Poor
31-01-2018,469.3,382.5,148.8,31.1,65.2,44.2,4.13,88.6,20.6,13.0,26.0,1.89,384.5,Moderate
01-02-2018,37.1,171.0,154.4,98.6,11.7,44.4,7.26,75.0,59.7,10.93,29.23,9.15,453.5,Severe
02-02-2018,456.0,182.6,184.0,58.7,159.2,25.3,6.96,25.7,46.3,5.37,28.97,7.99,423.1,Satisfactory
03-02-2018,351.5,22.4,53.9,101.8,16.1,14.5,5.39,16.5,151.5,11.55,28.96,3.47,33.6,Satisfactory
04-02-2018,324.7,245.1,40.1,143.7,93.2,24.8,1.03,79.6,70.2,13.68,18.91,6.5,176.8,Satisfactory
05-02-2018,318.7,36.8,166.5,30.9,22.5,41.3,0.86,23.6,93.0,13.82,13.5,8.15,361.3,Moderate
06-02-2018,126.0,347.8,178.3,37.0,164.0,31.2,4.7,14.3,52.5,14.43,27.45,7.4,348.0,Very Poor
07-02-2018,462.4,274.6,34.3,63.1,84.3,19.7,0.42,89.3,107.1,0.47,28.13,0.64,235.6,Good
08-02-2018,9.7,41.4,151.1,110.5,204.4,41.2,4.26,26.4,195.0,3.25,26.16,9.52,427.3,Severe
09-02-2018,176.5,140.6,167.7,54.9,122.2,36.7,2.86,68.1,139.6,12.84,18.06,2.56,283.7,Very Poor
10-02-2018,13.5,479.6,106.2,76.8,141.4,17.8,1.95,13.4,162.8,6.72,24.76,0.95,296.1,Severe
11-02-2018,159.3,212.6,121.4,143.8,45.5,16.1,4.86,68.0,176.5,1.98,12.19,1.75,269.0,Satisfactory
12-02-2018,125.4,211.4,57.0,124.7,224.6,7.7,5.7,61.8,190.0,3.82,9.61,8.71,48.9,Severe
13-02-2018,425.7,326.1,114.0,51.3,218.4,30.7,6.75,39.3,193.8,4.87,28.18,9.52,16.7,Satisfactory
14-02-2018,171.2,124.6,94.2,57.4,75.2,49.0,8.82,81.0,120.2,5.9,5.61,8.5,261.3,Severe
15-02-2018,184.4,400.9,36.4,25.0,35.0,34.4,4.81,71.9,93.6,13.92,26.57,7.25,456.0,Severe
16-02-2018,245.4,240.2,168.3,94.3,37.7,37.1,2.01,55.9,88.9,12.39,10.1,3.99,4.4,Severe
17-02-2018,319.1,247.9,55.1,77.4,25.5,43.5,5.93,88.4,88.1,0.71,24.84,1.33,183.4,Good
18-02-2018,243.3,140.5,119.0,106.9,230.9,47.0,3.45,11.0,83.7,0.79,8.06,0.17,203.3,Very Poor
19-02-2018,404.1,372.6,14.6,95.3,8.5,33.6,6.88,36.0,15.2,8.18,17.65,8.78,38.4,Very Poor
20-02-2018,259.2,353.1,50.6,141.4,22.8,30.7,0.27,3.3,95.4,13.65,7.84,4.43,88.6,Good
21-02-2018,285.0,339.5,11.5,9.5,19.0,3.1,3.22,44.0,184.8,12.93,23.63,5.37,112.7,Severe
22-02-2018,268.2,71.6,30.3,75.1,181.4,13.1,9.38,84.1,13.4,17.46,5.15,3.29,414.5,Good
23-02-2018,262.3,115.3,155.4,81.6,166.7,0.5,7.13,45.7,108.4,16.07,12.6,5.16,47.1,Good
24-02-2018,180.1,155.1,64.3,118.9,86.3,49.3,6.34,97.7,184.2,6.4,8.15,2.85,413.6,Severe
25-02-2018,350.6,38.6,51.6,102.1,126.4,28.2,2.42,35.7,31.5,18.45,0.74,7.63,181.1,Severe
26-02-2018,229.1,294.6,45.6,39.4,212.7,46.4,1.43,29.6,28.5,4.18,29.61,7.06,345.0,Very Poor
27-02-2018,232.9,135.5,145.8,107.6,92.3,20.2,8.45,66.2,126.4,8.28,7.61,4.21,234.1,Poor
28-02-2018,295.1,41.6,121.9,129.2,50.3,22.8,3.68,29.2,34.5,10.35,24.83,3.53,185.3,Very Poor
01-03-2018,470.2,395.0,52.2,8.1,10.4,6.9,5.41,75.1,48.8,3.19,23.74,3.93,488.3,Poor
02-03-2018,303.1,257.7,75.0,11.8,221.0,21.9,9.47,63.6,49.3,8.16,8.17,7.52,82.1,Good
03-03-2018,173.2,295.5,70.2,20.0,151.9,23.5,8.83,6.0,159.3,10.8,15.09,2.82,253.4,Satisfactory
04-03-2018,382.7,55.6,136.5,123.6,118.3,11.9,5.24,74.3,138.7,14.08,5.25,1.29,11.5,Satisfactory
05-03-2018,341.3,253.5,146.4,13.7,43.7,16.8,8.95,98.9,74.2,17.41,7.78,2.62,8.1,Moderate
06-03-2018,359.1,342.0,54.1,84.9,27.1,47.5,1.32,51.4,48.5,13.41,10.59,1.31,186.8,Severe
07-03-2018,8.6,463.1,25.7,19.1,65.8,7.1,3.54,95.7,178.8,6.15,2.84,1.07,229.6,Very Poor
08-03-2018,369.6,386.0,86.7,8.5,103.8,30.5,9.95,39.8,77.4,5.26,8.03,1.88,122.4,Very Poor
09-03-2018,99.0,290.1,41.5,60.9,146.7,25.0,9.49,34.4,109.7,0.58,10.04,9.24,27.6,Very Poor
10-03-2018,374.2,274.9,81.8,52.3,31.5,13.4,0.67,81.3,197.3,3.27,26.65,5.78,174.1,Poor
11-03-2018,129.1,159.7,115.5,106.4,133.3,11.8,0.58,47.7,54.9,16.47,6.35,6.14,86.8,Moderate
12-03-2018,273.1,569.5,151.3,86.6,157.6,0.1,1.42,52.9,138.4,2.16,0.45,2.63,227.6,Satisfactory
13-03-2018,337.0,148.5,197.4,86.2,200.3,31.4,6.5,64.3,181.5,15.06,18.53,8.47,380.7,Severe
14-03-2018,154.1,36.7,18.4,3.2,20.7,44.4,0.23,6.9,12.4,17.76,27.39,7.29,349.5,Very Poor
15-03-2018,129.4,292.8,85.1,38.1,94.9,28.8,8.36,11.8,116.2,15.92,16.79,7.68,325.1,Satisfactory
16-03-2018,254.1,537.0,106.3,27.4,228.1,8.4,0.24,4.3,48.4,4.91,7.06,9.74,408.3,Severe
17-03-2018,456.0,323.6,0.7,27.4,176.8,29.2,9.3,43.9,87.6,14.8,20.62,4.85,242.3,Poor
18-03-2018,63.9,32.6,88.5,87.5,98.5,26.7,8.68,83.1,89.2,10.65,3.61,9.61,157.0,Satisfactory
19-03-2018,341.5,142.3,67.5,45.3,180.0,22.6,1.73,46.1,47.4,2.51,5.65,3.1,13.9,Poor
20-03-2018,221.6,398.3,27.5,81.0,175.4,33.4,5.1,38.6,155.6,18.87,29.75,6.9,251.7,Moderate
21-03-2018,334.3,146.9,14.2,83.7,88.6,26.4,2.15,46.5,73.9,8.69,28.24,8.95,364.9,Good
22-03-2018,127.9,199.9,121.8,20.8,57.7,48.0,8.91,68.6,118.2,5.56,15.87,9.48,379.0,Poor
23-03-2018,342.7,124.5,140.8,115.8,137.4,44.9,2.41,97.6,62.4,9.28,5.84,0.68,170.0,Satisfactory
24-03-2018,108.8,525.3,16.6,22.1,210.9,7.5,6.88,34.4,163.6,12.3,27.04,0.64,496.8,Moderate
25-03-2018,496.4,341.0,40.9,9.3,78.8,12.0,7.38,66.8,95.1,8.92,9.51,2.81,338.0,Moderate
26-03-2018,127.6,7.4,150.9,49.8,65.1,26.3,7.24,81.3,142.1,14.34,26.16,2.81,324.5,Moderate
27-03-2018,209.9,420.5,178.3,109.4,23.5,26.3,0.52,40.7,1.5,3.97,18.6,5.22,394.4,Good
28-03-2018,492.2,350.3,78.7,27.2,144.1,22.3,6.2,32.0,183.3,6.74,2.86,3.24,470.0,Very Poor
29-03-2018,142.4,55.1,23.3,95.6,203.5,4.6,5.05,70.9,122.0,3.16,20.3,9.24,262.2,Severe
30-03-2018,71.3,135.4,137.8,91.5,154.9,24.3,4.83,46.0,151.5,18.54,15.76,5.31,381.4,Poor
31-03-2018,93.8,543.7,71.9,78.8,140.5,12.5,1.94,60.4,152.2,9.9,2.53,5.0,273.5,Moderate
01-04-2018,222.9,590.6,42.4,131.1,227.4,17.5,8.05,92.0,57.1,0.8,7.79,0.54,127.6,Moderate
02-04-2018,157.7,20.7,7.2,91.3,146.3,45.7,8.01,94.9,0.0,9.06,11.05,4.6,247.8,Satisfactory
03-04-2018,85.3,243.0,177.5,106.7,196.8,34.6,4.46,93.2,29.5,0.15,5.22,2.83,308.9,Moderate
04-04-2018,469.7,186.2,197.2,85.9,129.3,32.0,1.56,0.5,172.8,19.32,1.25,4.91,69.9,Moderate
05-04-2018,160.7,378.4,31.3,78.2,175.4,6.9,9.24,55.4,86.9,16.08,23.83,5.84,77.2,Moderate
06-04-2018,254.6,470.0,187.9,90.8,51.7,28.4,5.37,4.6,191.2,5.68,14.45,4.43,327.5,Severe
07-04-2018,452.9,455.3,125.6,112.0,36.9,45.9,9.36,44.4,86.7,19.94,8.63,0.14,56.2,Very Poor
08-04-2018,285.9,329.8,15.0,100.3,26.9,38.3,4.34,93.0,166.8,14.79,16.61,4.85,496.1,Good
09-04-2018,238.0,308.8,122.1,140.2,235.6,24.4,6.18,54.8,94.2,18.38,16.58,0.18,442.2,Satisfactory
10-04-2018,151.6,340.1,10.2,77.1,110.7,18.0,4.47,87.0,34.9,6.8,3.16,6.76,231.4,Severe
11-04-2018,187.3,356.5,79.5,8.8,162.6,11.8,2.71,22.5,111.7,15.11,21.54,0.7,16.9,Severe
12-04-2018,221.7,184.9,115.4,38.6,1.3,41.5,1.76,72.9,91.5,8.09,4.71,0.8,5.4,Moderate
13-04-2018,267.0,228.2,22.7,91.5,235.8,42.5,5.66,41.3,176.8,9.7,7.09,3.12,407.2,Poor
14-04-2018,498.1,321.0,84.7,53.2,71.3,37.0,7.39,10.8,156.3,1.72,7.48,5.68,251.1,Good
15-04-2018,310.3,557.5,65.9,108.7,108.3,2.9,5.39,73.2,153.5,6.99,0.23,7.18,330.5,Poor
16-04-2018,39.8,571.6,157.1,79.2,211.5,5.8,2.0,46.1,119.5,17.67,3.34,3.23,440.3,Good
17-04-2018,82.1,386.4,57.3,81.2,104.7,48.7,8.62,71.1,0.1,17.34,15.0,0.19,496.6,Good
18-04-2018,479.6,2.7,65.7,82.0,39.8,48.8,3.23,76.6,52.4,5.18,29.72,1.12,80.4,Satisfactory
19-04-2018,159.8,383.9,53.6,147.1,90.6,34.8,8.64,81.7,131.7,3.67,19.02,0.43,416.2,Severe
20-04-2018,89.6,108.2,180.5,126.9,155.6,9.5,4.77,86.0,101.3,8.31,13.62,8.18,201.0,Very Poor
21-04-2018,190.8,429.0,69.3,85.7,143.4,42.2,8.76,94.4,141.7,18.57,14.95,1.67,285.6,Good
22-04-2018,388.2,484.9,132.5,83.3,11.1,30.4,8.85,2.4,180.4,17.71,8.58,9.21,230.4,Good
23-04-2018,321.6,380.4,5.0,141.7,171.6,40.3,5.88,59.4,110.8,9.45,25.58,0.82,59.1,Very Poor
24-04-2018,354.7,510.8,146.7,100.8,168.3,9.8,1.26,84.1,3.2,6.29,13.78,0.31,196.3,Severe
25-04-2018,370.7,264.8,102.5,48.2,110.0,20.7,8.11,23.1,14.0,17.12,22.32,8.68,247.8,Very Poor
26-04-2018,97.3,574.6,67.6,94.3,231.1,5.6,7.07,30.7,160.9,4.44,26.32,3.51,458.1,Very Poor
27-04-2018,119.6,511.3,84.8,25.4,10.8,4.1,9.04,97.2,120.7,18.34,20.86,7.1,309.4,Moderate
28-04-2018,426.4,528.2,29.4,22.5,191.3,12.1,9.22,76.0,158.4,11.57,7.37,9.66,237.4,Moderate
29-04-2018,405.2,588.1,95.0,40.4,248.9,6.9,5.97,64.3,162.4,6.88,17.55,4.33,480.8,Poor
30-04-2018,52.7,307.7,15.5,106.2,91.9,42.7,0.73,69.5,63.7,17.82,20.23,0.07,225.8,Satisfactory
01-05-2018,471.6,498.5,26.0,149.4,17.2,1.8,9.96,26.8,139.8,18.15,22.38,8.69,144.0,Very Poor
02-05-2018,366.3,463.9,107.4,55.7,133.5,2.8,8.07,70.4,82.3,0.47,1.56,8.24,307.8,Moderate
03-05-2018,10.9,142.1,18.2,99.5,162.9,46.1,4.38,92.7,61.5,9.06,20.05,4.4,143.2,Very Poor
04-05-2018,193.1,190.7,129.5,39.6,228.3,14.6,1.66,31.3,162.7,1.25,24.62,9.61,121.5,Poor
05-05-2018,197.2,365.7,76.6,27.4,118.1,15.6,9.83,17.8,146.2,9.04,10.58,6.83,65.0,Moderate
06-05-2018,21.9,338.1,178.9,52.5,177.6,49.3,1.41,43.4,43.8,7.8,28.23,4.7,378.2,Good
07-05-2018,463.5,232.5,30.8,68.8,1.8,32.0,3.9,68.4,96.6,8.44,12.79,4.34,1.0,Very Poor
08-05-2018,1.2,577.1,75.3,49.7,24.0,47.7,2.52,20.1,167.6,7.25,10.01,9.81,287.4,Very Poor
09-05-2018,32.2,286.7,171.6,113.9,41.1,20.0,6.3,63.2,130.1,9.2,27.6,5.98,160.9,Severe
10-05-2018,363.2,463.8,6.9,22.0,20.4,2.0,0.85,58.0,76.7,13.54,2.57,7.41,171.1,Satisfactory
11-05-2018,471.3,450.6,132.0,114.9,218.4,7.2,9.61,52.1,94.1,13.2,5.67,8.54,408.7,Moderate
12-05-2018,408.7,98.9,54.7,105.2,100.8,25.4,5.64,42.3,17.2,2.95,25.46,6.11,412.7,Moderate
13-05-2018,390.0,382.6,170.8,149.2,219.7,31.7,0.97,4.9,8.3,9.48,5.3,2.12,243.7,Moderate
14-05-2018,346.6,234.2,162.4,36.0,139.3,1.8,7.17,23.7,97.9,11.08,21.89,4.68,109.7,Good
15-05-2018,263.9,52.5,87.3,52.0,241.6,18.4,7.39,37.4,103.4,4.05,6.79,5.61,65.3,Good
16-05-2018,274.9,232.6,66.4,7.8,29.2,23.1,7.52,19.8,142.4,13.55,20.61,4.2,360.6,Moderate
17-05-2018,471.5,24.6,25.6,58.4,126.9,5.6,5.66,41.7,58.0,15.82,19.8,2.96,47.0,Satisfactory
18-05-2018,86.3,445.8,179.1,105.9,239.8,43.1,1.62,54.5,7.4,17.54,29.58,0.46,213.8,Good
19-05-2018,146.0,512.7,24.8,131.8,33.2,40.1,5.4,0.7,56.6,14.26,7.04,2.45,45.4,Very Poor
20-05-2018,327.3,178.7,196.1,2.2,88.6,29.7,9.28,54.1,60.6,6.41,20.33,7.75,155.9,Good
21-05-2018,218.3,173.1,158.6,42.2,183.1,9.3,6.09,80.8,9.6,17.3,23.57,5.29,259.6,Good
22-05-2018,203.1,150.5,190.4,138.7,67.0,22.3,4.01,66.3,30.0,9.94,24.23,5.22,174.0,Poor
23-05-2018,314.0,137.3,19.1,50.2,162.9,2.4,8.48,90.8,125.4,3.39,18.21,1.23,386.0,Moderate
24-05-2018,438.8,83.3,154.5,78.4,76.8,49.3,8.72,41.6,178.9,13.59,2.99,5.08,346.9,Very Poor
25-05-2018,329.9,572.4,193.8,86.7,113.0,27.2,6.24,97.5,26.7,17.43,22.01,1.79,488.2,Satisfactory
26-05-2018,485.5,466.4,160.5,28.7,195.4,39.3,4.36,71.9,164.7,1.95,12.75,6.1,473.6,Satisfactory
27-05-2018,390.5,46.0,161.6,124.3,166.5,44.4,3.24,80.3,118.1,13.1,4.87,1.59,260.0,Satisfactory
28-05-2018,495.7,441.3,111.6,118.4,13.3,30.0,0.19,29.2,7.1,2.22,11.78,9.14,167.4,Poor
29-05-2018,232.7,202.2,94.5,76.5,92.7,26.3,5.97,95.1,180.0,10.47,18.02,2.24,94.5,Good
30-05-2018,420.2,354.6,164.0,13.3,155.0,6.1,4.25,94.7,112.7,17.22,21.24,7.23,185.2,Moderate
31-05-2018,266.5,408.5,134.7,90.5,141.5,41.4,7.81,22.6,132.7,0.38,25.8,2.6,378.9,Satisfactory
01-06-2018,433.7,235.5,73.7,52.0,45.7,36.7,3.11,53.9,157.9,8.17,4.85,6.07,119.5,Very Poor
02-06-2018,415.5,160.8,51.6,127.4,150.0,13.4,5.39,36.6,80.1,18.31,9.61,3.44,402.1,Very Poor
03-06-2018,90.6,188.8,130.4,131.1,95.7,25.7,1.57,46.5,146.4,14.21,20.7,4.12,3.5,Good
04-06-2018,371.7,511.4,175.7,107.0,242.4,10.0,9.36,3.0,1.2,4.48,28.47,4.61,193.3,Severe
05-06-2018,472.1,261.1,148.0,64.4,67.6,1.8,7.19,98.6,187.7,3.48,16.11,6.95,278.1,Very Poor
06-06-2018,240.6,74.1,13.4,0.9,105.8,13.9,7.46,26.8,93.7,13.97,17.2,5.56,451.9,Very Poor
07-06-2018,387.7,235.8,113.4,142.4,160.3,45.5,8.35,87.6,156.6,15.29,16.65,2.42,58.5,Severe
08-06-2018,169.0,16.0,174.1,88.2,162.0,6.1,1.49,68.0,182.2,16.6,2.17,6.14,418.7,Severe
09-06-2018,408.0,55.4,55.6,101.3,99.1,36.0,7.23,97.0,63.6,5.56,19.35,3.2,489.7,Severe
10-06-2018,471.5,270.9,51.0,94.7,161.1,39.3,8.96,98.4,35.1,17.21,14.07,0.92,122.8,Very Poor
11-06-2018,396.7,157.2,18.6,25.3,100.8,9.9,6.53,15.1,137.4,9.37,7.02,4.38,479.8,Good
12-06-2018,179.7,275.1,73.6,94.4,39.8,15.7,0.41,82.0,126.6,19.85,24.65,6.62,463.5,Very Poor
13-06-2018,466.4,338.5,5.5,57.1,146.4,13.7,4.17,70.1,79.1,4.62,1.71,7.78,426.9,Good
14-06-2018,345.1,281.2,174.4,10.0,79.8,30.1,6.15,74.0,102.8,6.86,10.88,2.62,27.9,Good
15-06-2018,414.7,56.4,10.2,146.6,194.1,12.7,3.31,59.9,49.0,19.23,20.2,2.78,439.6,Good
16-06-2018,18.9,592.5,121.5,106.6,236.6,5.9,8.72,21.3,12.4,10.6,15.68,7.6,74.8,Good
17-06-2018,158.9,411.1,100.0,86.5,194.6,37.3,9.45,6.8,178.3,12.55,16.43,5.59,487.4,Poor
18-06-2018,236.4,54.2,156.2,31.8,155.3,29.1,6.75,58.3,106.9,0.47,4.05,1.23,82.0,Moderate
19-06-2018,142.6,346.0,176.3,22.3,131.4,11.1,4.33,48.3,170.2,13.03,10.29,5.45,59.8,Severe
20-06-2018,306.7,57.5,167.7,37.0,191.5,21.8,9.6,59.1,2.6,11.75,15.11,8.51,465.2,Very Poor
21-06-2018,310.8,589.3,167.9,7.3,155.1,4.8,1.36,87.9,119.0,5.21,24.25,7.1,319.3,Satisfactory
22-06-2018,494.4,503.8,28.4,90.9,105.8,33.7,4.53,16.7,185.8,15.66,26.54,8.1,133.5,Severe
23-06-2018,42.6,455.3,23.4,20.8,155.5,29.6,6.52,38.9,198.5,5.54,25.61,2.22,412.0,Satisfactory
24-06-2018,294.8,77.1,104.5,98.1,3.4,43.6,8.48,31.2,198.8,0.9,14.28,1.97,152.4,Severe
25-06-2018,240.7,233.1,50.0,55.6,183.7,2.9,4.88,26.8,110.9,11.54,23.53,6.73,216.6,Severe
26-06-2018,120.0,317.6,7.2,130.4,230.2,30.8,4.25,98.5,8.0,9.87,16.13,9.68,325.7,Satisfactory
27-06-2018,205.6,570.5,141.2,105.6,139.3,26.3,2.07,94.8,163.7,14.07,9.18,0.68,243.3,Poor
28-06-2018,148.4,507.6,145.6,8.8,155.1,17.6,0.62,89.5,49.4,18.61,4.66,0.72,185.5,Satisfactory
29-06-2018,350.9,51.1,126.4,54.8,125.2,6.4,9.63,31.4,39.9,19.81,6.73,3.33,412.5,Satisfactory
30-06-2018,202.5,195.0,177.7,26.0,36.1,9.9,1.85,72.7,26.8,10.04,3.9,0.9,167.9,Satisfactory
01-07-2018,399.2,597.3,85.8,42.0,108.2,15.0,1.22,43.3,58.2,3.7,28.68,8.29,55.4,Very Poor
02-07-2018,365.8,557.1,177.3,141.0,80.2,47.0,9.42,82.2,92.4,1.69,16.49,4.8,229.5,Satisfactory
03-07-2018,133.7,424.3,46.1,113.4,79.1,13.1,4.45,60.6,155.5,11.34,2.64,0.77,217.4,Very Poor
04-07-2018,273.9,337.1,147.7,3.3,171.3,35.3,8.45,18.4,59.6,2.51,22.38,3.88,214.0,Good
05-07-2018,161.3,361.0,114.3,27.7,248.3,11.9,1.56,0.5,152.7,4.56,11.15,5.87,158.9,Good
06-07-2018,253.0,257.8,171.7,61.0,122.5,21.7,7.1,11.9,191.0,0.82,1.71,4.42,155.0,Poor
07-07-2018,72.6,75.8,186.6,67.9,204.4,20.4,7.52,43.1,69.9,15.92,2.16,4.65,319.1,Very Poor
08-07-2018,398.5,262.7,173.3,59.0,118.7,5.2,4.36,44.7,4.0,13.86,16.82,0.78,409.4,Severe
09-07-2018,327.6,24.6,36.3,80.1,108.0,44.8,1.05,23.1,56.8,19.31,22.25,6.68,98.3,Satisfactory
10-07-2018,406.0,292.8,73.0,73.1,239.8,43.4,7.73,24.4,190.9,2.85,17.5,4.17,69.1,Good
11-07-2018,312.6,151.7,96.6,127.6,8.8,37.5,0.37,12.3,48.4,11.62,24.74,7.96,426.5,Moderate
12-07-2018,433.5,201.0,110.6,84.3,18.5,27.1,0.58,22.4,23.1,1.33,25.39,2.99,26.0,Moderate
13-07-2018,39.1,25.1,44.4,1.9,186.0,0.2,5.93,97.4,196.4,14.59,23.16,7.72,225.3,Poor
14-07-2018,400.8,59.7,147.9,149.5,150.1,16.9,7.28,24.5,47.5,1.45,27.58,2.33,268.7,Satisfactory
15-07-2018,375.7,466.0,153.5,140.1,203.3,43.3,2.39,15.2,88.5,15.7,10.52,9.32,240.5,Good
16-07-2018,19.3,456.2,176.3,36.0,89.3,26.2,8.1,11.6,160.6,14.99,10.53,9.11,446.6,Severe
17-07-2018,353.8,224.3,55.7,62.8,12.9,20.3,0.58,83.4,8.2,13.36,12.6,7.51,94.1,Satisfactory
18-07-2018,457.3,78.9,30.0,149.0,74.7,20.7,3.69,60.8,190.1,12.84,19.59,0.33,303.9,Good
19-07-2018,415.3,65.3,139.3,18.2,236.5,16.0,4.41,33.6,144.3,1.5,10.06,1.29,311.8,Poor
20-07-2018,410.7,281.3,72.0,44.8,170.4,23.7,2.5,43.9,156.2,8.19,2.6,3.54,14.2,Very Poor
21-07-2018,426.0,352.7,85.4,92.7,239.4,8.5,0.13,18.5,0.3,10.25,6.23,0.44,88.6,Severe
22-07-2018,77.8,183.7,132.8,136.5,129.8,10.3,1.97,79.3,101.6,17.1,4.61,4.15,333.1,Moderate
23-07-2018,73.7,526.4,36.5,73.3,191.8,0.6,0.75,53.5,18.7,8.63,14.13,7.0,67.9,Moderate
24-07-2018,82.9,292.7,112.9,52.5,220.4,15.1,6.24,59.7,40.1,3.04,2.26,7.21,20.9,Satisfactory
25-07-2018,202.6,512.1,82.5,42.2,37.2,36.5,7.51,58.0,96.3,0.07,21.55,0.55,6.5,Severe
26-07-2018,94.1,384.0,86.1,85.6,11.0,14.6,9.07,65.0,117.7,19.58,0.58,0.01,453.4,Very Poor
27-07-2018,70.7,546.6,152.3,49.2,240.0,4.6,8.32,19.5,172.7,1.13,16.41,7.13,317.8,Good
28-07-2018,424.2,355.4,75.4,104.7,151.6,31.4,7.79,39.4,178.2,8.6,23.09,0.73,175.6,Poor
29-07-2018,306.6,12.4,186.2,127.0,181.1,40.4,4.32,5.5,105.2,9.82,27.15,0.66,242.2,Severe
30-07-2018,409.1,314.1,111.2,3.3,181.3,22.0,1.16,5.8,125.7,7.85,15.54,6.1,195.4,Severe
31-07-2018,332.2,441.7,104.1,134.1,193.9,10.8,1.63,27.6,116.5,1.36,12.99,4.25,222.8,Moderate
01-08-2018,462.1,408.3,190.9,100.0,14.1,2.0,4.59,4.8,195.7,0.16,13.82,7.17,263.0,Satisfactory
02-08-2018,113.2,172.2,86.2,128.6,140.8,28.0,7.99,4.7,6.3,2.0,18.45,1.71,191.1,Severe
03-08-2018,461.5,567.4,166.2,87.4,60.1,31.1,7.17,83.9,42.7,5.82,15.67,6.05,5.0,Very Poor
04-08-2018,365.5,506.5,148.3,114.9,111.2,15.1,7.61,56.2,173.9,3.74,9.76,5.36,280.7,Severe
05-08-2018,282.5,260.0,106.1,66.7,53.0,41.3,3.52,31.0,159.7,14.11,20.7,1.24,142.3,Good
06-08-2018,171.3,26.7,89.7,86.1,148.6,40.4,1.09,25.2,173.6,17.04,29.71,1.3,3.8,Severe
07-08-2018,243.0,366.5,124.1,146.4,21.5,44.3,7.25,58.0,52.9,11.75,15.06,3.07,442.1,Good
08-08-2018,490.7,472.1,181.5,103.5,202.1,13.3,7.87,0.6,180.1,2.52,8.7,4.04,448.7,Good
09-08-2018,211.1,486.0,109.5,84.1,43.9,10.9,3.91,51.9,8.3,14.74,3.36,9.87,80.3,Moderate
10-08-2018,454.2,186.1,123.6,3.0,152.9,39.6,0.88,34.4,183.5,12.52,28.22,0.12,58.8,Good
11-08-2018,335.5,511.5,170.3,33.5,138.8,49.6,9.21,21.9,150.0,5.37,16.91,2.37,420.4,Good
12-08-2018,455.0,30.9,197.9,18.9,176.3,20.0,4.8,92.5,76.4,7.02,15.85,1.88,265.3,Satisfactory
13-08-2018,47.0,494.0,85.3,121.3,124.0,28.8,4.55,20.3,110.9,8.64,1.42,7.47,131.5,Severe
14-08-2018,182.7,82.5,100.0,28.0,79.8,23.0,6.03,22.5,1.0,9.51,16.33,7.42,305.3,Satisfactory
15-08-2018,199.1,61.4,72.8,89.5,136.5,36.6,1.0,82.9,120.6,14.55,24.43,2.69,35.7,Poor
16-08-2018,95.2,349.1,81.5,13.9,97.1,25.6,6.26,61.4,113.5,13.44,0.39,2.82,491.9,Moderate
17-08-2018,62.2,489.7,166.4,111.5,73.0,5.0,9.04,61.1,75.0,9.79,21.06,4.63,201.7,Moderate
18-08-2018,12.5,496.7,83.5,62.2,71.2,23.1,1.59,81.1,72.9,17.37,24.72,3.14,92.1,Moderate
19-08-2018,366.0,27.6,11.7,94.2,20.2,5.4,1.48,55.5,85.5,13.74,20.1,9.4,466.2,Very Poor
20-08-2018,319.2,395.8,71.6,8.2,94.5,44.5,7.4,39.4,135.5,15.95,28.11,9.82,445.6,Satisfactory
21-08-2018,33.6,206.6,192.4,23.1,108.9,30.1,8.57,82.5,55.0,2.36,21.33,6.17,1.8,Moderate
22-08-2018,488.5,537.9,175.8,9.2,128.8,25.9,3.26,88.7,188.3,4.72,16.53,3.24,206.2,Poor
23-08-2018,330.7,510.0,110.0,92.4,54.1,18.5,9.87,34.7,35.5,0.94,21.81,3.06,427.5,Severe
24-08-2018,28.5,500.8,195.3,89.8,248.2,5.5,0.61,3.1,167.0,11.04,14.59,5.35,5.4,Satisfactory
25-08-2018,365.5,394.4,79.5,98.5,86.5,21.3,1.78,75.1,167.3,15.72,12.88,9.52,56.2,Poor
26-08-2018,84.0,43.2,159.2,147.3,214.5,4.3,3.75,75.7,25.0,15.9,21.56,2.77,174.6,Good
27-08-2018,87.6,491.6,95.9,61.5,96.6,2.8,1.91,28.6,127.4,13.18,16.69,6.2,262.0,Good
28-08-2018,424.4,594.6,116.5,34.9,187.6,21.7,10.0,15.0,114.4,13.18,26.32,5.61,268.8,Severe
29-08-2018,281.1,175.2,158.0,115.3,38.3,43.7,9.45,46.1,154.8,9.91,25.11,0.64,27.7,Good
30-08-2018,383.0,133.7,108.0,70.7,244.0,5.4,5.26,53.5,29.5,6.37,26.72,4.4,316.7,Satisfactory
31-08-2018,94.2,63.3,106.3,65.0,203.9,27.8,6.65,3.8,3.1,17.61,26.85,6.01,384.6,Poor
01-09-2018,118.6,255.0,165.8,65.2,83.7,32.2,5.33,15.5,127.2,13.36,20.96,6.38,363.9,Poor
02-09-2018,26.0,123.0,158.8,6.3,56.9,44.5,0.07,92.6,114.9,10.52,26.62,1.59,384.6,Severe
03-09-2018,256.4,289.2,119.9,118.4,208.5,6.5,6.66,28.9,152.1,9.69,15.97,0.76,498.4,Very Poor
04-09-2018,374.2,94.5,145.1,144.3,175.3,32.8,5.51,77.7,98.1,19.3,0.61,0.93,9.2,Moderate
05-09-2018,339.2,135.2,109.3,43.7,104.0,4.4,8.14,74.7,65.7,14.21,9.25,8.17,39.5,Moderate
06-09-2018,32.4,19.5,23.2,103.0,27.6,5.7,1.75,46.5,49.6,10.67,0.39,8.55,217.1,Good
07-09-2018,137.5,181.8,8.7,127.7,36.0,2.7,4.35,78.7,78.2,15.74,9.0,6.48,82.1,Satisfactory
08-09-2018,246.6,284.0,129.7,146.3,165.3,34.3,4.07,95.1,120.7,19.62,1.27,8.62,213.0,Very Poor
09-09-2018,357.1,512.9,112.6,47.3,67.2,21.6,9.26,69.8,18.8,15.33,27.86,7.22,98.5,Severe
10-09-2018,243.3,188.7,145.5,92.2,244.0,2.5,4.17,26.9,115.6,17.72,26.68,7.84,362.4,Poor
11-09-2018,279.5,60.6,148.4,77.3,23.5,21.3,3.25,29.8,71.1,13.62,23.92,0.96,406.2,Satisfactory
12-09-2018,312.5,87.4,92.0,71.6,166.8,29.0,7.99,17.1,181.5,11.74,8.14,0.7,115.3,Poor
13-09-2018,107.5,309.3,195.5,73.8,19.6,42.8,2.3,61.1,2.7,11.05,20.5,8.34,443.0,Poor
14-09-2018,148.5,182.9,71.8,112.9,232.2,5.0,6.36,53.2,39.3,11.84,23.33,5.36,172.7,Satisfactory
15-09-2018,236.8,380.0,181.7,135.1,24.7,31.1,7.17,2.3,63.0,11.51,1.86,0.91,282.3,Satisfactory
16-09-2018,450.5,90.2,147.7,50.9,118.6,40.7,9.1,52.2,168.4,16.51,17.14,7.88,415.7,Satisfactory
17-09-2018,231.7,89.1,74.8,59.3,198.5,15.1,1.93,79.0,77.3,12.58,10.13,8.19,475.4,Good
18-09-2018,50.5,582.8,121.3,32.5,199.7,4.3,4.48,82.0,62.4,15.6,3.62,9.96,422.3,Moderate
19-09-2018,34.3,9.2,161.4,118.9,242.9,22.3,1.19,98.3,117.4,14.29,25.12,8.94,108.5,Severe
20-09-2018,143.0,11.4,42.6,45.7,196.4,6.4,1.93,77.4,82.3,15.04,19.22,5.63,460.5,Good
21-09-2018,298.6,250.9,155.2,55.0,16.7,45.0,9.13,61.3,185.9,8.77,27.3,1.72,46.0,Satisfactory
22-09-2018,233.0,367.7,181.5,83.9,13.3,37.3,7.03,45.0,114.3,19.39,20.82,9.74,112.9,Severe
23-09-2018,410.5,178.1,55.4,61.1,162.4,1.3,4.68,56.3,178.3,1.23,7.72,1.14,447.2,Very Poor
24-09-2018,127.1,284.3,2.9,18.7,178.8,25.7,4.62,64.2,90.4,15.91,6.11,6.28,138.2,Severe
25-09-2018,325.5,104.8,191.8,119.5,55.2,3.0,2.37,21.0,154.0,5.17,10.91,9.09,201.6,Severe
26-09-2018,287.8,73.3,183.6,21.5,234.7,48.0,0.83,44.0,197.9,2.28,28.08,1.54,333.3,Severe
27-09-2018,135.6,144.9,15.8,80.6,91.6,29.4,8.95,63.9,6.5,18.05,12.58,4.09,212.4,Severe
28-09-2018,190.4,232.4,75.2,15.1,96.4,0.8,9.73,32.6,110.7,1.89,29.87,0.04,133.8,Severe
29-09-2018,46.8,494.4,71.8,103.2,44.6,16.6,9.27,29.7,119.6,10.6,16.25,0.42,451.5,Severe
30-09-2018,444.5,415.4,12.4,12.0,219.8,42.4,5.89,34.7,120.6,8.99,29.16,7.43,78.9,Good
01-10-2018,233.0,321.5,80.4,115.4,137.8,20.7,3.34,28.1,153.2,15.67,24.65,6.21,293.2,Very Poor
02-10-2018,86.9,193.5,149.9,136.6,220.0,2.1,6.64,72.7,72.8,0.8,11.58,2.22,141.4,Severe
03-10-2018,232.3,587.8,31.1,95.9,39.6,17.1,2.67,57.1,94.4,18.27,6.64,6.95,26.5,Severe
04-10-2018,299.6,472.0,122.2,19.7,173.9,10.7,3.16,46.0,33.6,9.62,12.91,9.68,452.2,Satisfactory
05-10-2018,100.1,17.8,90.9,78.9,218.8,15.0,6.74,66.0,52.3,12.52,0.25,5.39,122.4,Good
06-10-2018,81.6,480.8,3.9,94.4,227.5,4.6,4.59,17.2,116.5,4.45,17.21,6.31,1.9,Moderate
07-10-2018,156.3,116.1,144.5,36.9,99.3,16.4,9.32,97.4,129.5,0.08,14.84,4.12,335.3,Poor
08-10-2018,394.9,509.7,16.6,96.1,56.5,13.1,1.72,59.8,31.3,9.86,15.13,6.78,20.4,Very Poor
09-10-2018,42.5,134.1,143.3,115.3,204.0,16.7,8.02,9.2,197.2,16.39,21.95,3.98,129.6,Satisfactory
10-10-2018,379.2,215.1,101.1,3.1,220.7,36.2,0.52,13.9,111.3,4.74,22.71,7.43,226.0,Moderate
11-10-2018,156.5,484.5,128.7,1.9,164.9,16.6,7.87,60.6,64.8,6.06,4.92,1.02,136.3,Good
12-10-2018,312.5,591.5,34.6,88.1,221.5,32.9,4.5,81.5,199.0,2.86,16.62,4.7,54.9,Moderate
13-10-2018,478.3,325.5,101.7,43.9,142.9,47.4,7.17,65.9,161.5,4.52,10.84,5.06,152.2,Moderate
14-10-2018,436.1,502.4,192.5,105.5,125.6,28.7,1.01,96.1,168.9,9.34,17.93,2.2,227.5,Very Poor
15-10-2018,459.5,98.6,21.9,102.5,11.0,47.1,9.64,62.8,175.6,17.22,15.45,8.95,345.1,Satisfactory
16-10-2018,484.0,31.2,185.9,113.0,56.4,15.9,4.54,93.2,23.7,10.88,0.09,4.76,406.8,Poor
17-10-2018,13.5,490.3,120.5,60.6,102.4,28.5,4.43,6.5,68.5,7.76,9.94,4.09,198.8,Severe
18-10-2018,284.6,195.0,181.0,145.8,108.4,32.2,9.94,20.2,89.8,4.36,24.85,3.65,47.7,Very Poor
19-10-2018,192.1,71.9,111.8,126.5,153.7,36.8,3.86,68.4,40.4,1.12,27.69,9.02,315.0,Satisfactory
20-10-2018,191.3,541.6,169.8,92.7,124.8,19.8,0.63,78.4,15.7,3.67,23.14,0.15,319.3,Good
21-10-2018,175.3,414.4,172.2,89.8,193.0,2.7,7.98,57.2,43.7,16.05,23.14,9.75,196.3,Poor
22-10-2018,159.0,214.4,104.8,43.4,155.1,10.1,2.61,91.6,6.4,6.2,14.84,1.24,120.9,Poor
23-10-2018,312.6,353.5,135.5,81.6,115.1,34.1,8.46,62.4,110.7,15.51,28.25,4.09,242.3,Moderate
24-10-2018,298.9,204.8,143.4,111.6,192.0,2.0,6.62,85.7,7.0,19.97,13.1,8.66,56.9,Satisfactory
25-10-2018,161.4,572.5,98.1,92.9,72.6,36.2,7.38,31.8,79.5,18.13,10.88,8.03,199.6,Poor
26-10-2018,216.7,226.8,19.9,46.7,111.0,35.8,4.82,34.0,32.0,12.19,20.29,5.88,57.2,Good
27-10-2018,370.0,471.0,168.7,71.7,217.4,43.9,8.59,86.7,117.5,7.97,20.11,9.88,186.1,Severe
28-10-2018,250.7,93.8,162.8,55.7,125.7,28.9,9.18,75.0,139.6,11.9,10.74,1.43,307.3,Severe
29-10-2018,102.6,460.2,156.1,84.6,177.0,26.1,2.15,85.3,63.1,3.66,16.45,1.33,402.1,Good
30-10-2018,35.3,109.9,89.3,8.5,81.6,49.6,2.16,83.7,147.0,11.55,6.86,6.45,453.1,Very Poor
31-10-2018,220.8,424.0,14.2,70.1,167.4,23.2,8.01,70.1,122.0,2.85,0.7,3.08,367.1,Moderate
01-11-2018,237.4,409.9,89.6,88.3,247.0,32.6,7.17,5.3,89.0,8.32,4.57,3.03,216.2,Moderate
02-11-2018,138.0,212.8,16.1,61.2,74.5,23.8,6.23,27.9,189.7,9.1,4.31,9.73,303.2,Good
03-11-2018,178.3,361.8,105.0,58.1,139.5,35.5,9.21,92.4,45.3,15.99,0.74,2.8,238.1,Moderate
04-11-2018,347.9,155.5,199.9,24.5,0.7,3.0,4.34,78.4,41.5,14.22,19.28,3.99,279.9,Satisfactory
05-11-2018,362.9,113.2,105.8,126.1,20.3,13.1,9.17,44.3,97.6,19.05,28.0,3.13,243.9,Severe
06-11-2018,175.5,34.6,9.6,83.1,228.9,44.0,3.66,42.1,43.0,0.6,11.32,0.42,163.3,Poor
07-11-2018,475.0,18.1,18.4,60.7,227.9,5.2,5.07,3.8,123.8,13.05,0.55,8.07,423.8,Severe
08-11-2018,352.6,61.7,186.3,56.0,2.5,32.2,8.98,7.9,125.2,13.49,6.08,2.95,479.6,Moderate
09-11-2018,436.2,350.7,36.7,21.1,10.3,29.9,5.99,36.3,0.3,6.4,17.65,1.13,70.6,Good
10-11-2018,179.3,141.1,14.7,82.1,27.4,48.3,3.5,14.7,55.8,14.74,17.74,7.46,464.2,Severe
11-11-2018,374.0,575.4,35.5,10.6,112.6,38.0,6.8,51.6,157.0,11.46,5.32,0.79,441.5,Good
12-11-2018,478.9,0.0,73.2,64.7,195.4,15.9,7.18,92.1,99.9,4.3,2.01,5.34,153.9,Very Poor
13-11-2018,185.5,419.1,45.3,80.9,33.8,38.1,1.38,65.6,99.3,13.74,28.82,3.37,42.6,Very Poor
14-11-2018,483.0,517.6,6.6,47.8,210.1,36.9,2.28,10.7,80.7,1.07,25.53,8.76,158.9,Poor
15-11-2018,195.8,547.1,157.2,143.4,1.4,38.3,5.33,69.1,48.8,16.04,4.41,9.29,38.7,Severe
16-11-2018,424.9,348.8,173.0,129.4,141.8,30.3,4.3,95.4,40.2,14.02,22.75,8.48,353.5,Satisfactory
17-11-2018,151.6,419.9,35.3,69.2,87.2,19.2,9.7,99.1,188.3,6.43,5.34,0.65,405.6,Poor
18-11-2018,316.5,428.7,19.3,97.0,244.4,30.9,3.84,75.4,49.1,17.49,1.74,9.98,326.3,Poor
19-11-2018,394.6,419.7,167.4,11.6,165.8,47.4,4.94,84.9,147.8,15.7,4.89,9.01,328.5,Severe
20-11-2018,482.8,472.0,194.1,90.1,116.0,2.8,3.06,59.0,154.8,14.87,5.63,4.39,214.0,Satisfactory
21-11-2018,132.1,77.2,171.1,111.5,113.1,14.9,6.67,84.5,175.0,2.21,20.72,6.71,307.8,Moderate
22-11-2018,50.4,393.4,178.2,145.1,198.6,36.2,9.76,93.7,163.7,6.59,24.3,9.47,277.3,Moderate
23-11-2018,449.4,559.2,163.2,63.5,125.8,3.9,6.64,49.8,26.8,14.69,10.56,1.74,290.0,Satisfactory
24-11-2018,175.1,400.4,21.3,93.9,86.6,43.2,1.49,72.8,4.4,14.41,2.58,2.78,103.4,Severe
25-11-2018,299.7,437.9,140.4,114.4,115.3,25.7,7.17,27.2,199.7,14.12,21.08,6.25,466.7,Moderate
26-11-2018,106.7,385.5,80.1,72.6,249.5,30.6,8.27,11.6,45.6,17.36,15.8,5.86,333.6,Very Poor
27-11-2018,7.8,547.8,59.5,2.1,206.4,10.9,1.53,54.0,144.6,15.18,4.62,6.12,124.6,Good
28-11-2018,112.3,360.9,154.3,104.0,60.1,18.7,1.46,2.7,152.6,4.4,25.4,1.54,458.7,Good
29-11-2018,65.7,505.9,26.0,38.4,168.6,36.2,4.9,94.7,70.8,13.17,21.99,5.84,59.1,Moderate
30-11-2018,249.8,528.3,112.6,60.3,220.1,20.9,6.42,8.2,4.4,17.46,9.82,8.75,178.0,Poor
01-12-2018,335.1,335.1,51.5,88.8,52.1,6.3,2.57,55.4,71.9,6.15,14.65,0.41,262.6,Good
02-12-2018,40.1,257.6,76.3,146.4,87.5,21.3,0.44,24.0,21.2,3.19,26.4,6.17,78.5,Good
03-12-2018,331.9,238.2,108.7,5.3,93.9,29.5,7.43,75.4,131.3,8.33,25.12,7.8,440.4,Moderate
04-12-2018,176.4,196.6,69.8,68.8,10.2,5.9,5.86,18.9,62.6,18.95,14.85,1.04,497.8,Moderate
05-12-2018,343.9,322.9,129.7,5.3,64.6,19.8,0.44,89.8,42.1,18.51,16.37,4.1,334.3,Poor
06-12-2018,136.4,118.6,14.1,137.7,246.7,15.7,4.06,36.7,190.1,13.88,8.99,5.11,247.8,Poor
07-12-2018,214.4,72.8,26.6,67.9,50.0,6.7,1.63,52.7,158.2,11.25,0.76,1.2,161.1,Satisfactory
08-12-2018,29.9,498.2,59.7,66.3,21.5,18.7,5.97,60.7,11.4,13.91,27.92,2.47,190.8,Moderate
09-12-2018,495.7,147.9,133.8,43.0,92.2,12.6,0.62,4.4,182.1,19.38,20.31,7.28,423.2,Good
10-12-2018,118.6,468.8,3.6,116.8,9.6,5.3,3.77,54.3,99.7,16.41,27.69,2.94,233.4,Moderate
11-12-2018,39.8,380.6,167.6,63.6,124.5,23.1,0.56,55.8,186.6,14.08,23.89,8.09,272.4,Severe
12-12-2018,184.6,299.5,22.7,113.6,60.4,34.5,2.15,62.7,62.2,7.09,14.72,3.73,211.5,Severe
13-12-2018,433.7,124.4,90.4,116.1,246.8,8.8,3.93,26.2,20.5,5.84,8.02,5.28,250.6,Good
14-12-2018,118.7,469.8,101.2,50.8,38.0,6.9,9.05,32.8,38.4,17.72,7.0,2.19,107.1,Severe
15-12-2018,171.1,384.2,20.3,147.8,84.3,44.7,4.63,10.3,83.1,17.45,17.96,4.21,45.4,Good
16-12-2018,123.5,500.5,28.8,147.8,13.0,9.5,9.71,82.1,0.2,10.42,16.29,3.82,250.8,Very Poor
17-12-2018,36.9,352.1,148.6,148.1,209.7,6.5,7.1,52.6,50.9,11.36,17.95,4.22,315.5,Poor
18-12-2018,431.6,190.6,64.4,14.4,13.9,39.2,4.8,68.2,30.6,7.63,8.8,3.49,33.7,Poor
19-12-2018,433.6,171.1,145.1,64.4,111.0,19.0,4.34,98.4,187.0,18.49,11.06,2.61,300.5,Good
20-12-2018,72.5,62.7,50.2,45.5,55.4,4.9,0.93,72.0,47.4,11.3,0.18,7.44,333.2,Very Poor
21-12-2018,425.0,304.2,48.1,39.8,44.3,30.9,7.96,19.2,142.7,18.13,19.57,5.71,398.9,Poor
22-12-2018,14.9,505.0,106.7,119.5,115.4,27.6,3.27,97.9,56.5,18.66,23.41,1.33,284.3,Very Poor
23-12-2018,143.2,149.9,176.7,4.4,188.0,9.3,6.46,40.0,68.7,17.25,29.59,5.77,187.3,Severe
24-12-2018,430.9,74.5,89.3,103.9,235.7,25.0,4.12,85.2,21.5,11.17,8.53,7.78,294.2,Moderate
25-12-2018,212.2,40.1,105.1,127.3,121.2,46.2,2.59,91.3,102.7,4.15,23.48,5.66,15.3,Good
26-12-2018,147.9,510.1,111.3,107.8,188.8,3.9,9.86,59.2,97.3,10.72,1.34,7.25,313.3,Poor
27-12-2018,90.8,143.4,134.4,68.1,53.3,12.6,9.58,54.1,13.5,3.05,3.15,1.12,132.9,Severe
28-12-2018,50.0,188.3,150.6,99.8,4.2,22.8,6.93,55.9,168.1,17.34,11.04,1.32,460.6,Satisfactory
29-12-2018,148.9,440.3,6.8,104.3,193.2,25.2,8.06,42.3,177.0,9.02,4.1,4.91,253.6,Satisfactory
30-12-2018,419.9,162.0,112.7,117.1,183.6,1.0,1.0,3.5,184.2,14.09,3.84,7.35,152.7,Very Poor
31-12-2018,449.9,450.4,40.1,123.3,63.0,9.8,5.67,66.3,68.5,10.7,5.54,5.18,336.7,Poor
01-01-2019,35.7,58.9,131.0,30.9,28.3,48.5,1.99,23.6,8.7,18.29,29.93,7.41,248.1,Satisfactory
02-01-2019,358.9,441.6,6.7,81.8,40.6,40.1,4.01,71.2,10.1,1.41,14.63,8.71,302.8,Good
03-01-2019,445.8,179.7,134.7,57.9,31.1,43.3,1.54,57.9,192.2,13.62,11.64,2.37,468.8,Very Poor
04-01-2019,398.8,223.4,37.9,108.8,216.8,37.5,7.25,52.0,27.4,2.95,10.5,4.31,454.5,Severe
05-01-2019,341.0,253.8,62.2,74.8,25.0,44.1,5.7,92.6,0.1,4.02,13.29,7.34,478.0,Moderate
06-01-2019,70.9,452.5,160.7,50.2,161.5,40.8,9.82,36.9,96.7,5.35,1.38,2.74,184.9,Poor
07-01-2019,324.0,385.3,139.2,0.0,11.6,30.8,6.61,83.7,74.7,8.47,5.34,1.64,26.9,Moderate
08-01-2019,60.5,333.0,116.3,43.9,199.1,14.5,1.16,53.1,82.0,3.52,9.95,5.28,352.5,Poor
09-01-2019,485.2,81.3,169.8,87.0,172.8,10.4,7.29,22.3,48.4,18.51,5.86,3.62,192.6,Good
10-01-2019,79.9,370.2,176.2,78.6,1.5,3.5,7.08,35.3,49.3,2.38,3.82,4.38,293.6,Very Poor
11-01-2019,300.8,332.7,116.7,6.9,201.9,26.7,7.35,13.0,151.9,3.85,15.04,8.32,90.9,Poor
12-01-2019,174.3,61.8,152.4,19.3,216.6,41.1,3.89,97.5,157.2,2.41,18.57,7.07,328.7,Satisfactory
13-01-2019,497.6,460.6,25.1,142.4,194.3,44.4,7.97,92.4,34.9,19.52,8.7,0.15,119.3,Poor
14-01-2019,456.1,139.9,0.6,23.8,95.1,11.0,9.08,94.8,29.0,17.16,7.36,6.68,388.9,Satisfactory
15-01-2019,90.8,136.6,45.9,137.5,46.3,20.2,3.7,45.1,3.1,10.9,2.17,7.0,335.3,Poor
16-01-2019,223.7,5.6,10.1,133.9,35.2,33.1,8.23,20.7,159.7,15.93,22.2,1.41,369.5,Good
17-01-2019,113.8,394.9,185.3,23.3,230.0,23.3,4.5,75.9,121.6,19.71,10.14,3.06,303.3,Poor
18-01-2019,12.0,462.3,25.1,83.3,1.1,48.5,5.66,67.8,70.9,10.09,11.56,2.96,357.6,Good
19-01-2019,63.3,200.8,90.9,9.0,63.2,17.4,8.94,87.3,0.6,1.91,26.66,6.52,396.2,Severe
20-01-2019,348.7,449.4,43.0,147.9,113.5,24.1,5.82,92.5,2.3,13.57,19.45,4.4,28.9,Satisfactory
21-01-2019,372.1,499.8,169.2,145.4,93.5,23.4,3.68,95.6,12.8,1.85,28.27,9.37,444.6,Satisfactory
22-01-2019,1.0,586.2,75.7,131.2,225.6,8.7,8.3,79.0,12.4,0.72,20.68,3.81,337.5,Severe
23-01-2019,339.9,147.7,65.1,101.7,42.8,24.4,2.81,16.3,191.3,2.95,27.51,9.62,413.2,Poor
24-01-2019,252.3,488.0,33.8,20.7,112.3,15.9,1.04,50.5,197.0,17.7,9.54,6.47,350.5,Very Poor
25-01-2019,98.8,427.0,141.4,13.8,81.8,3.6,2.36,56.0,69.1,8.99,14.79,8.56,106.6,Moderate
26-01-2019,270.2,302.1,52.4,69.6,49.4,14.9,8.96,28.7,172.9,2.27,11.5,5.53,257.3,Good
27-01-2019,379.6,561.9,127.0,63.0,135.4,34.4,4.02,17.3,82.1,9.6,9.9,7.8,2.0,Good
28-01-2019,83.4,324.0,125.9,70.4,106.3,41.3,3.15,39.9,96.5,16.07,27.48,3.5,86.0,Moderate
29-01-2019,303.0,520.3,66.4,3.9,247.4,7.9,6.33,51.9,39.6,4.42,25.6,1.88,285.5,Moderate
30-01-2019,246.4,21.5,121.8,122.3,182.4,19.0,4.14,5.4,180.0,1.5,14.54,3.99,231.3,Good
31-01-2019,116.9,235.8,125.4,74.1,132.8,48.8,8.81,5.8,190.6,9.85,3.25,7.36,400.4,Severe
01-02-2019,51.8,500.5,191.7,116.3,192.6,42.1,1.3,14.7,42.6,8.97,23.77,8.52,472.6,Severe
02-02-2019,171.5,594.4,115.3,90.5,209.2,25.6,6.26,72.1,145.7,12.28,10.52,5.22,160.2,Poor
03-02-2019,89.7,315.5,116.8,130.0,107.5,37.2,7.01,29.3,112.8,17.35,1.25,5.07,265.1,Severe
04-02-2019,18.8,340.9,17.4,140.0,20.4,26.8,3.48,16.0,143.2,16.96,28.19,6.69,9.1,Very Poor
05-02-2019,327.0,314.7,162.9,12.6,73.1,44.5,5.72,55.1,58.7,11.29,29.98,4.32,9.4,Satisfactory
06-02-2019,283.2,194.9,159.7,124.5,230.3,40.9,7.12,9.0,171.2,17.67,12.77,1.74,356.2,Good
07-02-2019,351.1,166.2,85.8,62.4,217.5,43.9,7.2,81.9,76.5,10.18,8.73,9.13,334.8,Good
08-02-2019,28.7,2.3,106.1,77.7,129.9,8.1,7.8,53.2,80.3,5.42,18.53,2.26,298.9,Severe
09-02-2019,373.6,360.6,161.9,140.4,83.4,40.0,9.36,76.9,121.4,3.86,20.06,9.8,54.4,Satisfactory
10-02-2019,227.2,450.3,67.2,87.8,30.1,41.9,4.63,29.9,198.7,7.11,27.5,8.1,357.1,Moderate
11-02-2019,434.8,314.4,172.3,50.7,55.3,31.8,1.28,44.9,180.7,19.06,3.36,3.74,53.3,Good
12-02-2019,472.7,134.6,149.4,103.0,222.5,0.6,3.89,78.7,92.3,0.43,23.45,2.38,337.5,Satisfactory
13-02-2019,139.2,583.2,195.8,68.7,180.0,34.6,8.44,38.6,188.0,15.73,25.41,7.2,335.7,Severe
14-02-2019,229.3,102.2,71.9,146.9,227.8,5.9,2.86,4.9,32.4,0.47,26.59,7.64,319.0,Poor
15-02-2019,383.1,440.2,13.6,86.1,56.9,27.5,8.95,68.5,129.3,9.5,4.79,6.43,189.8,Severe
16-02-2019,314.6,5.1,123.9,40.5,29.7,20.8,9.38,23.9,20.3,11.92,0.02,7.76,478.7,Poor
17-02-2019,274.4,264.3,169.2,94.1,74.3,19.8,5.78,84.8,125.3,12.5,15.32,0.66,297.5,Very Poor
18-02-2019,323.7,260.8,73.6,48.8,195.1,21.5,9.18,77.9,18.0,6.59,6.04,8.89,315.1,Satisfactory
19-02-2019,23.8,316.7,63.6,33.2,126.0,22.3,6.48,90.8,29.1,14.46,27.45,5.08,105.9,Very Poor
20-02-2019,7.4,478.6,146.3,138.3,15.7,16.0,8.92,64.4,53.0,10.92,11.13,9.94,382.6,Poor
21-02-2019,354.7,315.1,79.6,132.5,126.1,42.4,0.52,12.5,182.8,2.48,1.92,6.18,162.3,Severe
22-02-2019,411.5,469.5,62.0,130.2,76.2,13.8,1.46,13.1,130.4,4.6,16.45,0.75,6.1,Good
23-02-2019,65.3,119.1,53.9,12.6,43.9,19.4,7.02,3.5,192.8,14.5,6.21,7.13,241.0,Moderate
24-02-2019,280.9,476.9,151.2,126.9,150.8,40.7,1.99,28.7,199.8,0.01,25.97,0.6,468.4,Moderate
25-02-2019,395.0,238.6,135.9,105.3,120.6,49.3,3.4,68.6,60.3,19.87,20.43,7.97,220.2,Severe
26-02-2019,371.8,429.6,9.7,3.2,228.2,45.3,2.53,19.8,166.4,7.36,18.3,7.16,228.5,Satisfactory
27-02-2019,77.3,91.7,179.7,32.9,139.5,45.2,8.23,52.0,106.5,16.36,0.67,0.03,376.9,Very Poor
28-02-2019,296.6,56.6,13.6,35.4,20.9,48.1,1.55,64.0,61.8,4.36,18.87,4.0,127.8,Good
01-03-2019,447.8,256.8,71.2,99.6,135.7,20.2,2.33,80.3,19.7,13.02,14.98,7.26,115.8,Very Poor
02-03-2019,324.7,258.7,83.7,31.7,242.7,46.7,9.94,74.8,65.7,0.45,18.01,0.99,206.9,Moderate
03-03-2019,50.2,384.1,191.7,71.4,238.6,32.8,9.87,69.8,114.4,17.81,22.57,2.27,328.0,Very Poor
04-03-2019,385.1,204.6,107.0,27.9,173.9,20.4,6.69,97.5,133.9,19.27,7.93,5.61,159.7,Moderate
05-03-2019,364.6,420.7,5.4,51.5,225.7,29.1,0.35,79.9,3.7,5.5,24.84,3.14,493.4,Poor
06-03-2019,11.7,420.7,141.4,147.6,188.8,44.0,1.4,44.1,111.7,4.04,13.9,0.15,91.6,Moderate
07-03-2019,166.3,153.8,172.3,53.3,105.2,6.2,8.09,14.8,83.9,5.73,20.75,2.82,323.6,Very Poor
08-03-2019,392.7,576.4,115.6,89.1,23.2,46.8,6.78,61.9,197.9,0.6,2.55,1.43,79.6,Moderate
09-03-2019,112.0,228.8,112.7,51.5,224.1,15.8,9.65,77.5,25.7,6.81,10.62,6.16,483.0,Very Poor
10-03-2019,65.4,83.8,95.7,45.0,199.8,4.3,4.66,78.0,79.0,19.03,2.04,8.89,232.3,Poor
11-03-2019,395.6,74.9,85.3,0.2,125.6,7.1,5.0,65.5,194.2,8.01,19.15,9.17,348.5,Good
12-03-2019,99.3,360.2,92.6,2.8,156.6,11.5,4.29,51.9,82.2,6.84,14.53,1.64,458.8,Good
13-03-2019,296.9,130.6,195.3,68.5,209.1,12.9,2.16,91.2,42.1,11.87,4.18,8.33,30.5,Very Poor
14-03-2019,336.1,162.3,29.2,72.2,222.8,25.0,2.58,63.6,42.7,11.91,13.88,9.62,416.2,Good
15-03-2019,112.8,512.8,143.0,46.5,114.5,36.8,6.94,42.5,105.2,18.57,18.51,6.18,75.5,Satisfactory
16-03-2019,304.0,90.5,143.8,74.8,200.2,0.6,1.93,76.5,140.0,6.31,20.81,1.69,367.9,Poor
17-03-2019,76.1,8.8,160.1,31.5,230.0,17.0,4.07,16.3,148.7,1.55,19.39,3.61,243.0,Very Poor
18-03-2019,313.2,216.9,125.6,11.3,220.3,44.4,8.82,40.0,100.4,9.53,28.29,4.41,379.0,Severe
19-03-2019,493.3,227.1,45.3,139.0,156.8,37.0,7.1,99.6,61.4,12.41,22.18,5.16,431.2,Poor
20-03-2019,37.3,131.7,149.2,11.5,26.4,7.8,3.29,89.5,73.8,17.6,4.27,0.88,362.5,Very Poor
21-03-2019,273.1,53.0,167.3,79.1,202.4,35.1,2.42,52.4,180.5,14.87,28.56,7.93,20.9,Satisfactory
22-03-2019,83.9,113.5,147.9,123.2,213.0,45.0,1.76,52.8,13.2,14.35,29.35,9.55,446.4,Very Poor
23-03-2019,139.5,228.2,60.5,84.8,194.0,24.7,0.65,68.5,82.3,18.37,11.14,8.05,344.2,Severe
24-03-2019,407.0,5.4,65.9,108.2,102.5,36.5,5.01,87.2,53.8,13.8,20.52,7.32,163.1,Satisfactory
25-03-2019,116.3,42.4,16.9,105.4,198.9,40.5,5.7,18.2,35.3,18.06,27.48,8.99,67.9,Moderate
26-03-2019,356.3,124.5,139.8,64.7,15.5,25.5,2.95,21.3,67.0,15.49,19.1,8.04,220.8,Severe
27-03-2019,403.9,6.3,129.9,33.6,229.6,32.6,9.31,75.4,41.0,11.12,11.81,4.27,217.1,Good
28-03-2019,220.5,156.7,88.4,74.0,205.0,40.2,4.17,7.0,37.5,14.52,8.04,7.34,120.9,Moderate
29-03-2019,305.3,114.3,78.7,119.7,69.6,14.2,5.76,15.1,46.1,18.31,24.82,8.32,462.5,Severe
30-03-2019,276.4,4.6,21.0,127.2,239.4,44.5,4.56,3.8,64.7,11.87,16.12,5.88,355.7,Good
31-03-2019,6.2,238.5,121.7,145.9,1.0,5.3,8.3,53.1,71.0,3.05,3.05,4.25,70.5,Satisfactory
01-04-2019,5.5,424.5,49.3,81.1,225.6,24.1,4.12,40.6,9.3,16.49,22.67,0.42,323.9,Satisfactory
02-04-2019,277.9,259.0,154.5,43.7,118.7,3.7,3.29,92.0,3.7,15.78,23.25,1.39,245.3,Satisfactory
03-04-2019,464.4,275.4,108.1,12.8,52.1,4.3,6.71,1.0,195.0,8.06,9.04,0.39,441.3,Very Poor
04-04-2019,65.1,492.7,12.3,123.8,126.6,4.7,8.13,5.8,47.8,6.46,11.44,1.66,450.8,Poor
05-04-2019,390.6,586.4,140.8,122.9,134.6,49.1,0.6,97.8,174.2,15.97,12.85,2.56,387.2,Good
06-04-2019,2.6,170.8,31.3,6.7,244.7,47.4,6.99,50.8,97.2,10.09,4.78,3.84,480.3,Severe
07-04-2019,51.9,223.9,84.4,26.0,239.0,0.8,1.0,84.1,163.3,2.74,4.86,7.27,322.9,Satisfactory
08-04-2019,452.4,148.3,19.6,109.1,75.8,19.3,4.67,74.4,152.8,4.25,17.17,9.48,405.8,Satisfactory
09-04-2019,490.8,143.5,73.6,110.0,178.4,17.9,3.3,8.0,65.4,13.17,14.23,4.88,125.2,Severe
10-04-2019,30.0,543.9,110.2,4.9,1.6,44.5,5.17,96.8,44.9,19.05,12.0,5.26,145.5,Good
11-04-2019,72.6,233.1,69.1,16.8,56.7,30.9,9.64,53.5,94.1,12.99,0.62,5.45,364.3,Good
12-04-2019,101.7,187.3,75.7,84.1,187.6,35.3,1.37,22.4,157.7,7.6,3.44,5.92,133.4,Poor
13-04-2019,70.4,472.1,79.9,66.1,181.0,14.2,0.33,51.4,88.0,16.04,21.17,4.96,44.4,Very Poor
14-04-2019,319.0,509.3,69.8,94.3,89.7,4.8,4.04,30.9,71.6,7.42,9.5,1.83,108.4,Satisfactory
15-04-2019,486.6,396.3,165.6,21.0,160.2,33.4,1.95,57.8,141.4,7.49,6.63,4.73,478.7,Very Poor
16-04-2019,327.2,444.7,179.1,36.1,17.1,2.8,4.73,20.5,85.9,5.48,9.37,8.43,386.3,Satisfactory
17-04-2019,153.4,155.9,150.2,45.9,19.3,49.5,1.95,94.1,63.4,10.92,2.08,0.12,384.0,Very Poor
18-04-2019,396.6,123.8,73.1,120.0,121.5,15.6,9.1,72.5,157.5,2.11,20.12,9.96,312.2,Very Poor
19-04-2019,133.7,536.0,103.5,44.7,1.1,5.3,9.25,47.8,183.1,8.49,9.66,7.29,107.2,Good
20-04-2019,191.9,346.1,193.5,147.5,2.4,7.8,2.06,36.3,63.4,2.43,22.48,4.04,239.0,Very Poor
21-04-2019,79.6,179.4,90.9,113.4,226.5,48.9,7.94,18.5,99.5,19.2,24.35,4.61,96.0,Very Poor
22-04-2019,118.5,418.7,88.1,125.0,126.7,49.7,3.29,17.4,86.9,4.64,8.84,2.97,7.0,Poor
23-04-2019,71.5,302.9,155.2,125.9,211.0,23.1,9.59,22.3,43.3,6.08,27.14,6.17,49.5,Severe
24-04-2019,280.3,519.5,74.0,25.7,76.9,40.9,5.66,51.4,185.5,13.54,4.51,2.39,56.5,Good
25-04-2019,486.6,544.3,121.6,122.2,40.9,18.7,1.65,70.2,125.5,19.73,19.89,7.93,195.5,Poor
26-04-2019,279.5,244.2,75.1,17.9,245.5,27.0,3.37,80.9,148.6,11.61,7.55,1.77,288.0,Very Poor
27-04-2019,423.4,185.0,52.1,24.1,7.3,39.8,0.21,14.7,197.8,19.04,2.14,2.34,317.0,Poor
28-04-2019,221.7,64.3,108.7,31.3,71.9,10.1,1.81,65.1,104.2,0.29,21.78,3.71,200.8,Satisfactory
29-04-2019,151.5,251.2,172.6,124.1,154.2,7.7,7.84,72.0,167.3,19.74,9.14,7.86,221.2,Moderate
30-04-2019,403.5,0.0,12.6,88.0,116.1,25.8,5.47,92.4,171.8,5.58,24.73,3.38,85.1,Moderate
01-05-2019,91.8,11.5,54.6,89.3,39.3,16.8,6.25,37.5,182.9,11.55,5.21,3.07,405.7,Moderate
02-05-2019,212.3,314.4,128.8,62.1,104.5,17.7,4.21,32.3,8.1,12.84,10.24,0.47,100.0,Satisfactory
03-05-2019,451.6,81.7,15.4,2.8,131.3,41.9,8.21,53.5,133.6,11.08,29.03,6.29,286.0,Poor
04-05-2019,445.0,117.3,120.5,136.2,230.4,26.6,6.9,0.7,6.6,13.54,3.39,2.35,251.3,Poor
05-05-2019,299.5,541.3,24.4,114.4,229.3,16.6,3.88,84.0,71.3,14.77,29.53,0.09,287.1,Very Poor
06-05-2019,280.4,372.0,30.1,99.7,45.3,22.0,9.12,74.0,154.0,2.29,4.5,5.33,231.4,Poor
07-05-2019,278.1,301.7,55.2,65.4,227.7,44.0,1.94,14.8,188.1,10.81,3.96,5.99,224.3,Very Poor
08-05-2019,260.4,429.0,162.0,28.1,78.7,43.7,9.37,55.8,157.0,6.92,17.05,1.53,115.5,Moderate
09-05-2019,178.3,282.3,167.9,104.7,127.5,11.4,2.06,34.0,26.9,1.4,27.97,5.62,282.5,Satisfactory
10-05-2019,65.0,276.5,35.4,90.2,86.0,44.0,9.91,50.5,98.1,1.75,4.14,0.77,344.2,Good
11-05-2019,420.8,99.1,199.5,131.9,218.4,18.6,4.85,80.1,77.4,2.63,27.06,7.23,91.2,Poor
12-05-2019,395.6,359.7,166.4,66.3,210.7,49.6,2.02,33.3,146.9,10.73,15.07,4.12,285.1,Very Poor
13-05-2019,435.7,83.4,134.4,28.8,100.8,38.5,4.87,57.7,93.8,14.79,19.24,4.91,128.5,Moderate
14-05-2019,331.8,562.0,35.8,128.9,240.7,22.4,9.62,97.6,8.6,18.7,20.44,2.81,10.3,Satisfactory
15-05-2019,425.8,328.3,86.8,25.3,32.0,42.4,3.86,44.1,91.1,1.96,23.41,3.4,331.6,Satisfactory
16-05-2019,111.9,177.7,194.5,16.2,87.4,40.7,3.65,0.5,154.3,19.31,25.96,3.37,197.1,Severe
17-05-2019,77.7,370.4,27.4,143.6,6.6,7.1,5.72,78.2,133.0,13.32,21.09,8.82,220.8,Good
18-05-2019,158.2,324.3,178.0,114.2,4.1,34.0,1.67,3.1,43.4,7.85,29.73,0.98,51.4,Severe
19-05-2019,102.7,154.1,134.0,69.5,68.1,36.7,3.58,10.8,176.1,4.73,15.08,7.59,395.8,Moderate
20-05-2019,263.4,55.6,68.5,51.4,204.7,41.9,8.4,49.7,188.4,13.82,28.58,0.36,367.2,Very Poor
21-05-2019,183.3,103.9,40.3,71.6,141.8,9.4,8.54,13.0,62.8,11.42,24.89,1.24,329.5,Satisfactory
22-05-2019,127.5,551.4,66.9,54.1,63.3,7.5,3.4,51.2,197.2,1.62,8.54,5.0,211.5,Satisfactory
23-05-2019,79.0,450.0,186.3,110.1,234.8,18.4,6.49,56.7,41.6,9.56,18.41,2.62,300.1,Poor
24-05-2019,335.2,5.9,177.9,91.9,166.7,21.6,0.0,82.1,104.6,13.0,9.94,7.07,219.3,Good
25-05-2019,180.0,78.8,121.4,67.9,226.1,2.6,0.06,90.9,5.3,1.75,10.47,5.82,294.3,Severe
26-05-2019,76.9,243.6,69.4,13.8,63.6,13.9,5.39,14.9,21.3,9.53,4.63,4.21,7.6,Moderate
27-05-2019,277.3,15.6,116.0,30.5,186.3,21.3,6.59,36.2,33.7,5.97,0.38,0.66,234.6,Severe
28-05-2019,457.9,259.4,20.2,142.0,197.0,2.9,4.59,40.3,152.4,8.29,3.98,2.88,63.1,Poor
29-05-2019,409.9,387.9,39.2,92.5,219.4,6.9,8.49,56.6,99.4,6.19,13.96,6.08,80.7,Good
30-05-2019,494.6,304.1,47.2,96.6,136.8,25.2,7.16,68.9,145.4,7.75,5.59,8.08,286.2,Good
31-05-2019,272.9,182.6,42.0,15.9,39.1,16.3,6.18,85.0,52.0,7.81,11.68,0.8,228.6,Moderate
01-06-2019,399.8,568.9,124.5,70.2,170.9,18.9,3.68,11.7,152.8,17.86,19.28,5.52,449.1,Poor
02-06-2019,375.7,269.7,4.4,67.7,25.3,41.3,8.65,8.6,73.7,4.35,24.28,8.62,242.5,Good
03-06-2019,25.8,206.7,167.6,38.2,184.8,47.1,4.7,89.7,193.4,2.0,28.27,5.63,215.6,Good
04-06-2019,309.7,447.8,169.6,56.0,16.7,31.6,4.91,82.8,143.4,4.06,16.09,7.29,294.3,Poor
05-06-2019,139.8,302.0,102.5,73.8,158.2,40.3,0.51,23.2,88.0,8.4,18.27,7.27,163.8,Moderate
06-06-2019,428.9,469.4,54.7,121.6,140.4,6.5,9.06,18.0,190.2,17.54,16.53,9.5,124.8,Moderate
07-06-2019,81.2,405.0,8.6,44.0,72.2,37.4,2.48,27.3,66.1,6.02,2.37,0.18,329.2,Satisfactory
08-06-2019,88.7,552.2,175.4,0.8,181.2,48.6,7.89,40.7,67.8,9.34,2.13,0.76,418.4,Moderate
09-06-2019,326.7,516.5,34.5,85.2,163.5,25.9,4.24,36.1,13.4,1.97,13.67,8.98,51.9,Very Poor
10-06-2019,252.5,589.7,55.3,140.6,109.5,30.1,9.29,79.9,149.5,10.82,29.68,7.1,25.2,Severe
11-06-2019,389.8,164.5,198.3,3.1,230.3,6.3,8.82,91.8,126.0,14.25,26.83,3.78,140.7,Good
12-06-2019,209.2,516.4,169.6,128.2,240.1,29.9,2.71,92.8,38.0,12.89,26.26,6.43,430.9,Good
13-06-2019,239.1,516.5,157.0,126.8,176.4,18.2,2.36,59.7,67.5,7.75,22.19,8.95,378.5,Severe
14-06-2019,108.6,219.7,172.4,29.6,180.3,34.1,5.53,74.6,32.3,3.16,16.34,9.74,16.0,Satisfactory
15-06-2019,356.9,471.1,131.6,76.8,90.3,12.5,5.06,2.7,44.9,12.41,29.24,7.79,153.1,Satisfactory
16-06-2019,256.3,301.2,141.4,33.4,87.4,35.7,9.36,58.7,105.8,15.85,3.81,7.67,264.8,Poor
17-06-2019,116.1,252.0,189.7,138.6,105.3,49.6,2.63,82.1,163.3,10.56,22.33,8.23,162.8,Satisfactory
18-06-2019,238.4,471.6,11.3,26.2,188.3,15.2,9.51,99.1,5.8,18.06,7.26,1.48,443.2,Good
19-06-2019,336.7,117.1,90.1,13.5,13.2,33.5,0.82,9.4,162.6,0.75,13.32,1.93,127.3,Very Poor
20-06-2019,394.8,261.2,37.9,134.0,156.1,35.4,2.16,50.2,14.5,1.51,4.55,1.87,93.5,Severe
21-06-2019,161.5,285.1,155.4,25.5,173.2,27.3,2.35,5.0,7.2,17.85,14.39,8.54,305.5,Poor
22-06-2019,171.5,105.3,107.7,4.1,117.7,8.9,4.25,65.9,190.0,16.25,12.08,1.4,366.2,Moderate
23-06-2019,249.9,510.4,178.5,0.8,123.8,4.4,5.43,51.0,194.1,13.38,19.05,3.86,129.3,Moderate
24-06-2019,229.4,356.0,19.6,94.4,128.5,21.4,6.97,94.3,125.7,15.56,11.37,2.79,415.1,Good
25-06-2019,302.2,384.2,145.8,117.4,28.8,36.2,9.72,90.0,59.4,19.16,13.89,9.89,288.7,Severe
26-06-2019,182.8,560.9,168.5,146.4,64.8,13.8,0.69,69.0,176.1,19.97,29.92,4.89,254.7,Good
27-06-2019,94.3,332.7,23.0,29.7,58.4,40.0,3.34,99.3,41.2,3.58,16.39,3.74,411.8,Satisfactory
28-06-2019,43.0,500.8,188.2,131.8,62.1,19.7,6.95,81.6,98.8,12.21,25.35,5.39,262.7,Very Poor
29-06-2019,127.2,517.5,145.9,63.1,220.4,29.3,2.46,25.1,7.2,5.1,2.17,6.37,365.3,Poor
30-06-2019,114.0,526.2,196.3,9.9,207.8,20.6,2.3,19.5,159.0,0.38,28.81,5.94,201.4,Very Poor
01-07-2019,120.2,363.2,9.7,44.2,192.4,14.6,4.59,53.6,39.2,4.62,15.33,1.17,412.5,Moderate
02-07-2019,111.7,354.2,71.3,89.3,88.8,47.2,8.73,31.2,5.9,16.92,9.61,0.43,384.3,Poor
03-07-2019,26.9,457.2,148.5,38.6,117.2,41.3,2.49,61.9,42.5,11.49,7.65,2.34,276.0,Moderate
04-07-2019,361.7,39.4,51.3,123.1,57.3,33.0,5.88,92.6,46.4,6.51,14.8,6.8,372.1,Moderate
05-07-2019,342.7,214.0,101.2,86.8,24.9,27.7,9.94,22.0,170.7,1.9,4.87,4.07,215.2,Severe
06-07-2019,189.1,15.0,54.5,107.8,95.8,7.2,9.55,66.9,75.2,7.04,23.49,0.58,7.3,Severe
07-07-2019,378.3,74.8,128.7,42.0,219.2,14.4,4.43,16.0,170.0,11.98,2.81,2.15,126.7,Good
08-07-2019,498.7,337.1,14.9,142.0,219.0,23.4,8.15,85.5,161.5,17.49,10.3,0.77,221.2,Severe
09-07-2019,102.1,66.8,145.9,7.9,208.3,31.7,2.12,12.1,45.1,10.11,3.23,8.45,131.6,Severe
10-07-2019,132.3,495.9,98.3,40.8,91.9,13.3,8.01,95.9,183.1,18.58,0.55,4.08,456.2,Satisfactory
11-07-2019,381.1,392.7,138.5,21.0,208.9,42.8,9.02,66.8,19.4,17.45,29.84,0.73,106.4,Moderate
12-07-2019,389.1,470.4,152.3,22.8,233.9,28.7,3.12,69.7,178.8,2.7,20.52,4.29,6.8,Very Poor
13-07-2019,48.1,549.7,5.6,42.5,175.6,34.0,0.18,6.8,23.0,5.59,5.76,6.67,11.7,Satisfactory
14-07-2019,114.0,366.8,116.8,125.1,170.9,43.9,6.54,64.2,18.1,11.84,22.46,9.79,44.0,Severe
15-07-2019,313.5,149.9,188.9,77.4,86.0,46.6,5.57,3.9,196.2,3.37,27.07,4.89,470.8,Severe
16-07-2019,409.7,471.7,168.7,74.1,17.3,49.4,6.95,3.2,58.8,15.96,27.49,4.86,459.6,Poor
17-07-2019,461.1,575.7,174.5,13.8,191.3,34.5,9.68,92.3,168.5,0.0,0.14,7.99,386.7,Severe
18-07-2019,82.2,562.2,67.9,11.0,164.6,33.0,8.04,10.1,54.0,13.75,29.85,9.21,44.3,Moderate
19-07-2019,141.6,93.3,150.4,23.4,233.3,16.8,9.0,41.6,57.5,9.81,22.57,5.9,44.8,Poor
20-07-2019,383.5,514.6,28.8,8.0,112.1,3.5,6.82,52.8,2.2,2.18,19.64,6.23,133.4,Very Poor
21-07-2019,418.5,34.5,182.5,45.8,12.6,26.0,2.6,28.5,39.4,1.02,10.44,1.38,157.4,Moderate
22-07-2019,152.5,571.6,184.7,131.1,91.3,38.1,6.21,83.7,20.6,14.49,1.36,7.6,259.5,Good
23-07-2019,253.1,62.6,158.6,126.5,207.9,8.3,3.56,80.9,153.4,8.36,18.35,0.07,74.5,Severe
24-07-2019,126.8,408.5,190.3,31.7,91.0,43.8,5.26,95.2,119.5,10.14,28.7,6.94,487.2,Poor
25-07-2019,256.2,63.0,118.5,54.3,52.6,0.9,4.38,69.9,4.5,1.24,7.06,1.03,260.4,Satisfactory
26-07-2019,41.2,157.9,48.9,51.6,20.3,3.2,8.78,81.5,146.3,0.61,4.21,9.17,74.5,Poor
27-07-2019,367.0,413.2,134.1,123.6,59.3,34.7,1.02,98.4,0.8,2.56,11.35,6.12,92.3,Very Poor
28-07-2019,327.7,555.6,64.0,147.4,153.9,12.0,9.72,40.4,155.5,3.15,23.7,2.72,222.2,Moderate
29-07-2019,42.4,150.2,40.3,80.1,23.7,42.2,9.93,73.5,198.5,4.23,23.89,3.91,471.3,Very Poor
30-07-2019,436.1,470.8,153.6,100.0,22.5,45.0,8.56,88.6,101.3,7.12,8.61,2.53,230.0,Satisfactory
31-07-2019,339.0,164.9,15.3,7.8,186.6,2.3,6.96,28.1,12.6,7.14,28.41,0.83,324.6,Very Poor
01-08-2019,205.0,355.7,189.0,91.3,164.2,36.4,4.94,65.0,128.6,17.16,25.47,9.44,333.5,Severe
02-08-2019,414.6,544.3,31.9,142.3,72.7,21.1,0.2,43.7,1.4,19.73,27.77,0.22,412.4,Satisfactory
03-08-2019,464.1,12.0,86.9,137.3,171.0,42.7,4.13,77.5,21.7,1.3,1.96,4.47,195.6,Satisfactory
04-08-2019,295.7,153.0,14.8,83.1,134.9,1.3,9.98,8.3,16.8,16.63,21.73,6.59,305.6,Moderate
05-08-2019,379.6,214.8,11.5,124.2,75.6,17.4,8.68,48.1,164.2,1.82,14.08,8.25,166.8,Satisfactory
06-08-2019,459.1,588.3,64.6,95.6,17.4,17.7,4.95,10.3,153.9,13.32,25.38,9.79,210.0,Severe
07-08-2019,436.2,303.4,170.6,126.5,178.2,25.3,3.83,68.1,52.4,12.9,26.86,3.54,304.2,Moderate
08-08-2019,331.3,359.6,161.8,60.9,234.4,37.1,6.43,17.8,163.4,8.22,6.14,0.85,167.3,Poor
09-08-2019,328.2,11.4,169.0,50.7,13.2,16.9,4.79,4.2,105.7,1.06,6.34,9.14,304.2,Good
10-08-2019,167.8,408.8,110.0,34.8,95.4,37.0,3.49,38.4,5.5,9.94,15.62,1.59,457.0,Satisfactory
11-08-2019,342.1,229.7,119.3,68.0,68.1,49.5,8.41,38.5,116.4,18.68,17.83,1.9,325.0,Severe
12-08-2019,159.1,12.6,114.2,137.4,141.2,26.8,2.95,27.3,26.0,7.38,25.85,2.55,38.0,Good
13-08-2019,449.3,145.1,142.7,3.5,135.2,41.6,0.08,52.2,63.1,11.33,26.86,4.07,212.5,Very Poor
14-08-2019,393.9,337.0,70.0,17.1,143.1,41.6,3.58,4.1,96.4,17.23,3.37,1.82,112.5,Severe
15-08-2019,255.6,451.7,36.3,7.4,209.6,11.1,8.29,71.8,77.4,8.67,29.87,8.08,263.5,Moderate
16-08-2019,171.7,53.2,133.3,9.6,41.1,27.6,7.22,31.2,9.8,19.4,14.19,1.44,18.7,Poor
17-08-2019,308.4,208.6,41.9,56.7,198.1,5.8,0.47,96.7,81.9,8.4,13.97,0.58,143.0,Good
18-08-2019,65.7,281.5,82.4,102.7,11.3,12.2,1.88,3.5,141.5,0.46,22.24,3.98,361.7,Severe
19-08-2019,284.0,576.2,106.5,18.9,94.4,1.4,6.06,29.5,190.0,9.94,9.73,4.0,17.7,Good
20-08-2019,355.4,559.1,37.1,23.4,100.1,7.3,2.64,22.8,6.1,15.86,4.48,2.79,332.4,Satisfactory
21-08-2019,287.1,165.9,169.1,11.0,55.6,6.1,4.91,2.7,102.1,4.92,20.73,1.45,463.7,Moderate
22-08-2019,292.6,346.6,3.3,12.1,18.0,47.1,2.44,88.0,168.5,16.77,13.56,9.1,188.5,Satisfactory
23-08-2019,403.9,90.7,119.8,115.9,79.8,21.0,5.17,56.7,11.2,16.56,24.54,0.61,99.8,Good
24-08-2019,95.1,257.6,27.1,17.1,42.5,9.2,3.89,80.2,35.2,5.01,9.51,0.38,107.2,Severe
25-08-2019,355.5,553.1,94.8,121.9,211.3,22.7,4.3,7.7,45.8,13.19,14.16,4.07,334.0,Good
26-08-2019,246.4,341.0,77.0,8.0,81.5,27.8,8.31,63.7,38.6,18.5,4.89,8.32,454.0,Poor
27-08-2019,27.8,526.8,159.3,93.5,154.0,20.4,1.06,99.7,191.9,7.0,7.86,0.51,489.7,Severe
28-08-2019,392.9,282.4,25.8,76.3,34.5,31.4,2.61,65.5,105.1,3.55,16.42,4.15,289.3,Moderate
29-08-2019,20.2,52.4,83.5,70.9,154.7,33.0,5.05,48.7,124.1,13.78,26.12,5.41,389.5,Good
30-08-2019,428.3,569.9,68.1,129.4,47.3,22.9,9.11,22.4,60.6,5.5,16.73,3.12,353.8,Good
31-08-2019,127.9,238.6,197.8,1.4,142.5,39.7,0.33,35.7,64.9,12.27,23.13,2.45,88.9,Good
01-09-2019,281.7,208.8,145.0,138.5,102.3,21.7,9.15,90.3,26.1,0.99,28.24,2.15,468.7,Poor
02-09-2019,444.5,351.9,126.4,1.4,0.4,9.4,4.33,80.7,186.9,17.33,4.94,2.74,102.0,Poor
03-09-2019,141.8,73.5,59.2,68.7,46.6,23.2,2.19,28.6,134.9,8.01,2.11,5.28,351.9,Very Poor
04-09-2019,11.8,26.6,100.6,135.8,110.7,17.7,3.41,99.0,24.2,19.62,24.31,2.95,127.4,Good
05-09-2019,361.9,447.0,160.9,142.0,248.5,40.7,8.06,5.6,42.1,15.6,24.27,3.92,483.7,Moderate
06-09-2019,342.0,248.8,10.5,52.7,77.5,35.8,5.13,91.9,156.4,16.29,26.13,7.68,10.0,Good
07-09-2019,250.0,310.6,110.2,30.5,170.9,33.8,2.16,66.7,187.1,1.23,11.93,7.96,422.2,Severe
08-09-2019,454.7,97.0,89.0,14.5,213.0,14.9,0.07,95.5,48.1,19.69,7.55,6.94,351.1,Moderate
09-09-2019,149.4,17.3,57.5,72.5,13.3,26.8,0.46,47.1,36.4,13.8,28.55,9.26,454.6,Severe
10-09-2019,444.2,57.9,18.3,10.2,191.5,24.8,4.68,12.3,68.4,16.07,24.44,4.41,123.1,Poor
11-09-2019,322.2,346.2,196.1,18.4,48.9,43.4,1.57,97.8,86.7,17.54,29.72,8.02,267.7,Satisfactory
12-09-2019,46.2,148.2,100.2,90.4,21.3,24.6,3.07,93.7,49.7,11.78,21.09,5.57,238.4,Severe
13-09-2019,241.8,553.7,144.0,9.3,175.9,1.9,4.89,30.4,106.0,11.01,2.46,0.86,24.5,Poor
14-09-2019,477.7,252.3,83.9,95.7,184.7,9.6,9.91,7.3,168.3,16.34,13.71,0.35,263.6,Satisfactory
15-09-2019,150.2,462.6,125.0,99.0,101.5,21.8,7.22,69.0,59.5,10.1,28.65,4.92,294.3,Very Poor
16-09-2019,313.3,51.4,191.1,66.5,8.7,25.2,2.19,55.6,41.1,11.8,26.5,7.55,443.6,Very Poor
17-09-2019,424.1,558.1,119.9,54.7,213.2,14.7,4.09,88.8,191.3,0.35,1.08,8.21,325.4,Very Poor
18-09-2019,121.6,500.0,117.2,79.9,191.2,8.7,3.71,15.5,109.2,3.03,6.74,1.83,43.6,Satisfactory
19-09-2019,96.3,143.2,0.0,110.7,147.9,43.2,5.99,25.2,49.8,4.99,21.44,8.86,324.1,Moderate
20-09-2019,323.7,58.3,197.2,107.1,23.2,4.0,4.88,35.7,190.7,14.47,16.81,6.14,339.1,Very Poor
21-09-2019,239.4,371.2,125.3,24.5,113.8,27.4,1.31,81.8,8.5,1.14,18.19,8.38,284.7,Very Poor
22-09-2019,262.2,107.7,19.5,128.5,62.5,34.8,0.75,17.9,97.5,19.32,10.29,5.58,16.6,Good
23-09-2019,110.5,199.4,42.3,2.6,84.3,18.7,1.75,19.0,25.0,0.8,4.04,5.79,146.8,Severe
24-09-2019,87.2,434.5,141.9,74.1,171.6,33.8,5.05,0.5,175.4,8.36,28.75,5.06,316.7,Moderate
25-09-2019,399.2,591.2,16.1,104.7,204.9,49.6,2.89,34.0,162.3,14.2,13.3,5.71,499.9,Moderate
26-09-2019,154.9,299.2,135.8,104.4,155.2,31.3,5.39,65.4,123.2,1.29,22.9,3.52,241.5,Good
27-09-2019,43.3,24.6,71.7,14.3,219.7,28.1,6.33,95.8,111.6,12.66,0.52,7.22,20.7,Moderate
28-09-2019,433.1,69.6,169.7,76.7,16.1,21.6,6.96,14.8,25.3,4.65,26.6,8.4,385.6,Very Poor
29-09-2019,454.6,106.7,100.6,150.0,100.6,6.9,8.42,44.1,196.8,6.43,6.8,8.99,64.3,Satisfactory
30-09-2019,325.3,151.2,145.9,97.6,119.5,6.9,1.76,0.6,12.7,19.75,7.5,1.94,416.0,Poor
01-10-2019,454.9,167.8,68.0,117.7,195.5,28.8,7.38,4.1,196.8,17.26,7.49,7.18,93.6,Moderate
02-10-2019,261.6,528.6,149.1,106.1,153.9,18.6,0.45,71.6,159.3,19.06,6.1,6.66,18.1,Severe
03-10-2019,78.4,459.0,144.0,59.6,127.4,9.5,8.07,98.8,176.6,17.28,7.18,9.81,48.8,Very Poor
04-10-2019,354.8,560.0,163.4,122.0,105.8,43.0,0.97,33.9,136.6,7.84,13.08,7.33,354.5,Very Poor
05-10-2019,320.2,180.5,174.0,107.7,20.4,9.1,9.45,10.1,118.1,6.13,10.94,0.02,9.1,Good
06-10-2019,480.5,226.4,124.3,56.5,240.6,47.3,8.27,36.8,185.8,2.11,6.69,8.83,379.9,Severe
07-10-2019,171.0,585.1,21.3,38.7,183.9,28.6,6.62,48.3,187.2,5.73,13.03,0.3,155.6,Satisfactory
08-10-2019,112.8,484.4,44.2,48.2,227.8,37.6,9.06,14.5,146.8,5.39,16.54,2.98,194.0,Poor
09-10-2019,197.8,596.6,1.2,81.5,182.8,44.9,7.89,83.9,172.1,0.28,4.3,7.38,471.6,Moderate
10-10-2019,85.7,197.1,137.8,36.5,246.2,19.6,4.3,64.9,73.4,19.99,14.54,9.93,138.0,Satisfactory
11-10-2019,444.0,138.8,149.0,91.2,126.6,45.3,0.59,79.7,38.3,7.32,0.77,7.54,330.9,Moderate
12-10-2019,385.6,491.3,76.1,90.1,134.8,30.1,0.28,87.1,182.6,5.58,21.16,3.98,284.2,Very Poor
13-10-2019,467.7,237.2,197.1,51.4,44.5,25.4,9.89,81.2,170.0,7.43,17.29,7.47,456.3,Poor
14-10-2019,292.2,17.4,154.8,120.8,171.1,21.4,1.99,14.8,148.0,11.68,10.01,2.78,467.1,Poor
15-10-2019,135.7,102.6,41.5,117.6,213.1,25.7,3.64,70.2,67.7,19.02,14.41,3.45,177.2,Good
16-10-2019,35.5,529.7,193.8,83.4,191.6,6.7,1.81,42.6,139.4,16.55,8.04,7.45,263.5,Poor
17-10-2019,206.8,556.0,26.6,51.3,21.2,18.9,2.84,53.4,59.1,1.08,19.89,3.18,446.1,Good
18-10-2019,332.8,189.4,14.8,45.0,163.1,3.6,3.0,40.7,150.3,14.06,15.48,8.63,133.8,Moderate
19-10-2019,298.1,118.2,131.1,130.8,47.2,24.4,2.17,8.0,106.3,13.82,7.48,0.78,358.9,Very Poor
20-10-2019,60.9,219.7,76.8,82.1,178.8,42.9,2.56,62.9,191.0,10.5,9.74,9.23,245.4,Very Poor
21-10-2019,126.6,431.0,14.8,8.7,100.1,10.0,6.0,90.7,189.1,6.25,20.0,1.07,206.2,Moderate
22-10-2019,10.5,541.9,117.2,96.2,239.0,42.0,2.47,75.8,116.5,8.26,25.02,2.91,279.8,Good
23-10-2019,282.4,246.6,84.3,135.1,70.6,15.8,7.2,44.0,99.6,0.5,3.12,7.96,416.3,Good
24-10-2019,398.5,19.9,125.5,113.7,75.3,46.9,9.05,40.1,155.8,9.21,24.39,2.26,33.0,Good
25-10-2019,7.1,28.4,110.6,69.9,221.5,20.8,7.0,45.0,34.7,2.44,10.59,3.32,109.8,Moderate
26-10-2019,350.8,517.5,83.7,112.4,21.9,9.4,7.92,25.2,69.4,17.71,29.58,9.72,154.3,Moderate
27-10-2019,140.0,11.4,26.7,115.6,58.0,26.3,6.4,70.8,11.6,17.57,17.07,0.07,415.4,Moderate
28-10-2019,159.7,210.2,149.6,12.4,231.7,11.4,4.76,59.5,117.5,4.35,25.04,4.02,464.5,Very Poor
29-10-2019,259.4,530.8,128.5,63.2,18.0,32.1,8.59,29.3,134.0,15.42,5.14,1.53,189.7,Severe
30-10-2019,451.6,360.7,139.5,49.9,171.0,15.8,4.98,11.5,110.9,1.83,17.56,2.7,296.3,Moderate
31-10-2019,359.0,227.6,103.4,112.6,49.4,13.2,8.89,14.6,103.6,4.16,8.87,7.59,381.8,Good
01-11-2019,111.4,479.2,71.7,39.5,55.0,17.4,0.87,96.3,30.2,12.68,8.4,8.38,449.9,Very Poor
02-11-2019,40.6,206.7,144.9,44.2,193.3,43.9,6.8,10.9,60.2,18.85,6.04,9.74,255.0,Severe
03-11-2019,435.2,226.4,142.4,99.3,54.1,21.5,9.61,51.6,12.4,16.91,26.04,3.95,333.6,Poor
04-11-2019,139.9,482.9,23.7,32.4,158.9,32.5,3.37,1.7,160.1,10.86,2.44,6.0,196.5,Poor
05-11-2019,240.7,187.4,115.6,113.7,76.6,24.6,9.47,87.9,174.2,18.01,24.02,1.68,312.0,Poor
06-11-2019,469.1,216.6,15.8,117.3,87.3,7.7,3.56,60.0,138.1,16.04,4.17,8.17,438.2,Very Poor
07-11-2019,334.4,530.7,87.1,113.9,9.9,26.0,0.54,1.4,196.3,5.31,29.59,7.01,355.8,Good
08-11-2019,459.4,239.9,125.9,40.6,106.0,35.1,6.87,58.0,113.8,1.2,11.4,4.25,477.3,Poor
09-11-2019,217.4,192.3,63.6,80.2,192.3,43.8,8.42,46.6,36.6,0.11,22.06,0.87,276.8,Satisfactory
10-11-2019,382.7,99.5,43.1,122.2,148.6,15.3,6.43,53.6,14.4,19.92,2.92,4.44,24.4,Poor
11-11-2019,389.4,341.4,179.2,138.6,5.7,36.7,0.35,69.9,7.5,18.17,15.9,0.77,34.6,Severe
12-11-2019,164.5,191.3,100.8,25.1,247.1,20.9,8.8,47.7,52.4,18.17,14.08,6.6,12.1,Severe
13-11-2019,95.4,520.2,54.7,17.1,115.5,3.2,8.65,24.9,157.9,11.49,25.63,4.94,210.5,Moderate
14-11-2019,45.4,471.4,81.1,16.1,201.4,47.9,1.82,45.9,24.2,3.69,2.58,0.03,301.4,Poor
15-11-2019,91.8,13.1,94.0,119.1,17.3,26.8,4.84,53.9,186.2,8.13,21.73,6.36,76.7,Poor
16-11-2019,140.8,257.2,26.4,91.1,191.0,5.2,0.49,56.6,83.0,2.45,7.19,4.04,406.8,Severe
17-11-2019,343.2,43.2,16.6,147.2,243.1,26.0,8.5,22.9,93.1,2.85,26.64,1.83,404.9,Severe
18-11-2019,354.8,206.2,124.2,124.9,13.4,41.3,8.51,44.2,165.8,7.92,12.43,6.33,109.1,Very Poor
19-11-2019,211.0,132.9,29.5,40.7,247.7,47.9,9.08,29.9,189.6,14.67,14.88,1.47,138.1,Poor
20-11-2019,405.9,596.3,73.2,85.8,145.8,15.7,2.14,24.5,139.0,12.21,4.72,2.18,43.5,Poor
21-11-2019,200.5,368.0,101.8,148.8,133.4,14.3,5.42,71.0,138.6,3.89,6.31,6.09,478.9,Severe
22-11-2019,341.1,230.9,68.5,85.9,11.3,7.6,1.36,20.8,39.0,16.48,25.51,8.11,465.9,Very Poor
23-11-2019,297.1,595.6,168.2,57.3,164.0,27.4,8.3,0.3,181.2,9.26,6.2,7.63,131.9,Good
24-11-2019,100.7,206.8,6.6,19.2,200.4,48.8,1.51,73.0,1.3,11.58,6.25,5.31,198.5,Severe
25-11-2019,99.1,583.4,86.8,47.7,47.7,23.5,3.15,57.7,37.7,6.77,27.41,0.02,204.9,Satisfactory
26-11-2019,207.7,229.0,113.0,17.8,39.1,39.1,8.82,71.6,90.4,1.78,29.55,8.04,364.2,Poor
27-11-2019,447.7,273.7,161.9,29.0,138.5,47.5,8.81,92.8,162.3,12.35,21.48,9.97,370.1,Very Poor
28-11-2019,207.3,277.5,17.6,126.2,168.6,35.9,7.59,18.5,65.7,4.6,29.65,5.8,124.9,Severe
29-11-2019,11.5,377.9,7.1,87.2,33.5,13.7,8.81,11.2,47.2,19.56,10.44,5.35,349.7,Very Poor
30-11-2019,277.7,314.0,178.3,103.7,154.1,47.3,7.43,13.4,23.5,9.05,4.07,5.95,463.9,Severe
01-12-2019,206.1,85.7,107.8,126.7,171.1,28.1,6.4,73.1,178.5,19.68,2.91,1.96,256.3,Moderate
02-12-2019,22.7,53.2,184.0,114.5,218.1,29.1,2.01,65.1,30.7,13.52,12.02,5.23,283.1,Good
03-12-2019,484.8,360.1,151.4,142.0,9.1,13.1,2.3,9.5,9.0,17.81,27.98,6.57,165.5,Poor
04-12-2019,78.2,572.9,152.9,6.5,55.7,33.1,0.19,38.2,100.7,11.63,9.77,6.3,120.5,Moderate
05-12-2019,20.4,149.6,37.7,89.1,175.6,26.2,7.36,33.3,77.4,1.33,3.38,6.27,199.5,Satisfactory
06-12-2019,352.1,128.6,178.5,35.1,245.8,10.5,0.23,20.2,154.2,17.35,29.63,6.85,174.9,Moderate
07-12-2019,137.2,55.9,81.4,140.9,25.7,17.7,4.37,79.8,31.5,9.74,27.04,0.67,317.0,Poor
08-12-2019,103.3,86.6,122.3,36.9,68.3,48.3,2.2,55.5,34.1,11.89,20.06,0.94,330.5,Satisfactory
09-12-2019,221.8,345.8,121.9,19.1,202.0,33.8,9.74,18.5,46.2,11.48,22.53,8.83,381.5,Moderate
10-12-2019,154.2,562.4,10.4,124.4,66.4,36.1,1.28,72.8,25.1,14.15,25.05,4.2,450.4,Moderate
11-12-2019,90.1,544.5,192.6,16.3,246.4,19.1,3.62,53.5,37.1,19.54,5.35,7.62,343.6,Severe
12-12-2019,4.7,62.1,45.2,2.6,139.9,26.5,9.38,18.9,166.8,18.11,5.96,0.96,358.1,Very Poor
13-12-2019,328.3,201.8,88.0,28.6,226.2,22.3,9.15,63.3,48.8,19.9,22.38,5.55,70.1,Good
14-12-2019,24.8,486.9,104.4,62.7,109.9,43.0,3.81,50.1,98.0,12.16,18.7,2.2,335.6,Good
15-12-2019,355.1,12.8,109.2,119.4,136.0,28.5,9.93,1.6,117.4,18.6,27.09,3.37,439.8,Poor
16-12-2019,381.2,511.0,129.0,14.7,19.8,44.5,1.52,23.9,99.3,13.93,23.92,7.31,10.3,Moderate
17-12-2019,62.8,139.4,114.4,109.7,99.1,31.7,9.78,63.5,52.9,2.12,3.04,8.07,186.7,Severe
18-12-2019,448.1,321.3,36.9,62.3,210.6,37.2,2.42,81.7,153.6,5.44,2.63,4.5,254.2,Good
19-12-2019,394.2,80.8,170.7,36.1,138.4,5.7,2.68,68.3,68.9,13.0,14.47,4.34,462.1,Very Poor
20-12-2019,90.8,78.2,17.8,90.2,118.2,9.8,6.1,57.2,187.7,3.83,6.61,1.87,370.8,Poor
21-12-2019,74.0,20.4,59.1,62.2,196.0,28.7,7.6,55.8,81.2,16.68,25.34,8.05,385.8,Good
22-12-2019,3.6,355.6,80.6,12.2,126.5,39.7,4.04,40.9,123.4,16.04,13.0,0.41,297.2,Moderate
23-12-2019,50.6,270.9,103.0,60.1,204.0,2.5,9.18,44.6,150.8,14.5,23.56,7.28,412.6,Poor
24-12-2019,47.0,110.1,138.6,21.0,106.1,46.3,0.32,7.2,32.2,16.1,5.3,8.53,260.9,Good
25-12-2019,265.2,236.0,156.9,29.0,212.7,8.1,7.75,71.6,151.4,1.63,16.01,6.63,187.9,Severe
26-12-2019,208.2,558.4,152.1,14.9,122.2,32.1,9.35,88.7,98.5,11.53,24.58,9.26,197.9,Good
27-12-2019,420.6,124.9,9.2,27.3,4.5,17.7,3.69,53.0,139.1,2.87,16.03,4.37,179.2,Severe
28-12-2019,227.5,209.9,31.6,73.0,149.9,3.0,1.8,0.4,175.6,2.77,4.71,2.62,161.1,Severe
29-12-2019,102.3,187.1,21.6,59.9,153.1,20.1,8.5,26.3,101.0,17.11,25.36,6.04,144.2,Very Poor
30-12-2019,250.1,385.4,90.6,29.4,181.6,39.6,4.81,32.3,65.7,5.42,26.55,7.05,288.5,Good
31-12-2019,57.0,463.2,143.0,15.9,127.2,10.2,9.5,62.9,34.3,3.37,0.53,1.12,123.6,Very Poor
01-01-2020,408.3,48.8,87.6,24.1,186.4,6.6,9.39,78.4,103.6,13.28,6.26,8.39,412.8,Poor
02-01-2020,270.4,80.1,147.9,138.6,243.6,5.5,0.82,94.9,33.7,11.32,2.58,5.17,428.4,Satisfactory
03-01-2020,174.5,25.7,157.4,102.9,201.3,24.7,3.81,93.0,2.8,14.01,1.8,2.7,223.8,Very Poor
04-01-2020,172.6,536.3,7.6,112.9,35.0,0.3,0.59,58.3,58.3,4.28,13.28,3.77,114.4,Poor
05-01-2020,134.8,84.2,108.0,135.8,90.1,7.5,0.45,14.2,113.6,3.3,27.06,9.43,91.4,Moderate
06-01-2020,116.4,292.1,131.7,141.5,46.2,28.4,8.3,64.9,191.2,7.17,11.33,4.25,413.1,Moderate
07-01-2020,91.9,203.4,88.7,12.5,213.7,43.2,4.43,10.5,180.1,18.86,0.35,5.04,160.9,Poor
08-01-2020,97.8,44.3,86.3,21.9,77.1,12.4,7.13,91.5,148.8,0.29,2.4,1.57,181.2,Very Poor
09-01-2020,301.0,126.6,55.2,128.5,222.4,5.4,4.98,11.8,17.8,1.7,9.6,5.29,1.3,Severe
10-01-2020,255.6,538.7,41.0,55.6,248.2,38.2,1.6,56.0,157.1,4.05,15.96,0.39,9.8,Poor
11-01-2020,421.2,532.0,76.0,96.3,14.5,21.7,7.2,37.9,25.2,8.17,6.03,2.44,362.8,Satisfactory
12-01-2020,259.2,460.5,33.7,24.6,65.6,19.9,0.46,52.3,116.6,5.99,5.3,1.08,374.3,Satisfactory
13-01-2020,24.2,403.6,165.0,129.1,55.4,29.3,6.51,10.9,43.6,19.15,23.75,4.08,130.8,Satisfactory
14-01-2020,164.0,571.7,170.8,40.1,20.9,48.8,9.28,89.8,43.5,6.2,10.73,6.72,106.9,Good
15-01-2020,160.1,174.5,176.7,141.6,92.1,2.9,0.69,34.8,37.1,16.97,25.28,6.68,376.3,Good
16-01-2020,449.6,297.8,114.3,142.2,83.1,13.2,2.75,10.3,128.7,3.07,23.24,5.15,331.2,Moderate
17-01-2020,285.8,575.5,104.7,32.1,188.4,41.7,5.44,65.3,188.3,16.63,27.72,0.79,197.8,Severe
18-01-2020,145.1,179.1,111.6,94.3,215.9,11.1,2.19,17.1,153.8,9.88,25.81,4.32,402.8,Severe
19-01-2020,166.0,63.6,103.9,123.9,69.2,42.9,0.02,3.0,135.5,0.48,12.35,5.45,32.7,Severe
20-01-2020,450.7,224.8,69.4,56.4,218.9,9.0,2.45,15.8,158.1,15.37,11.76,9.0,486.2,Moderate
21-01-2020,237.8,588.9,6.5,135.4,61.4,4.1,6.97,63.4,103.7,9.94,2.54,7.18,386.0,Moderate
22-01-2020,82.7,401.6,38.8,149.9,30.6,20.7,8.16,14.1,98.6,14.43,2.25,9.29,10.4,Moderate
23-01-2020,239.6,537.8,42.0,52.6,193.7,32.7,1.99,77.6,116.0,18.49,20.48,4.57,489.8,Moderate
24-01-2020,492.6,270.3,1.6,31.6,33.2,11.0,1.0,40.5,62.9,1.26,17.02,6.59,303.3,Severe
25-01-2020,462.9,339.5,45.5,77.2,133.6,8.1,7.98,51.7,179.6,3.1,21.03,9.98,447.7,Moderate
26-01-2020,483.3,513.0,135.2,123.9,50.6,25.8,0.72,42.1,129.8,9.92,24.37,8.54,244.8,Severe
27-01-2020,457.0,461.2,81.6,44.4,177.2,37.8,2.21,79.4,78.3,7.03,12.07,7.67,27.3,Moderate
28-01-2020,473.5,451.0,83.6,132.3,163.5,8.9,6.77,34.1,37.9,5.79,27.19,6.43,193.4,Very Poor
29-01-2020,21.3,357.6,63.9,86.1,155.3,14.3,9.59,76.2,16.1,19.81,23.29,3.41,366.0,Moderate
30-01-2020,67.6,155.3,69.0,93.3,119.6,31.3,6.77,65.4,44.0,4.85,15.76,1.21,360.7,Good
31-01-2020,6.8,501.1,45.6,21.1,85.5,1.1,1.0,0.7,137.0,8.26,23.29,5.93,121.8,Good
01-02-2020,212.0,137.6,3.7,58.4,163.3,15.5,7.62,49.8,64.7,13.14,4.49,8.12,398.3,Good
02-02-2020,495.2,455.1,19.1,63.9,80.2,27.8,6.39,64.5,31.1,1.88,13.65,7.82,122.5,Severe
03-02-2020,120.3,69.8,104.3,86.7,196.9,23.1,7.86,62.8,32.7,2.92,25.38,0.24,283.9,Good
04-02-2020,302.4,306.3,130.2,74.3,73.9,34.3,7.45,61.3,119.1,6.35,9.14,5.25,172.1,Poor
05-02-2020,419.3,363.3,124.3,6.4,185.3,24.9,1.36,32.0,141.9,13.95,18.08,6.25,350.1,Moderate
06-02-2020,109.7,278.8,88.1,8.2,24.8,31.6,8.2,89.6,45.4,0.39,8.13,8.17,419.9,Satisfactory
07-02-2020,73.5,367.7,33.4,129.3,106.9,14.1,7.35,2.9,61.6,5.45,22.8,7.88,464.3,Severe
08-02-2020,167.9,555.1,107.3,109.9,118.0,11.1,0.18,31.4,103.2,6.82,12.91,4.98,39.5,Severe
09-02-2020,60.4,59.1,162.2,37.3,217.0,1.8,1.91,21.4,149.4,11.57,12.51,1.99,89.5,Severe
10-02-2020,456.9,103.8,122.8,81.7,102.3,32.0,3.18,35.6,32.3,0.25,3.57,3.29,98.6,Good
11-02-2020,51.3,499.5,25.6,2.8,249.9,14.2,9.39,71.7,162.5,5.94,5.05,2.66,390.2,Moderate
12-02-2020,364.9,130.2,197.0,137.5,121.6,32.6,1.16,55.6,63.4,11.62,4.35,0.52,223.4,Very Poor
13-02-2020,196.3,110.3,97.6,125.5,211.8,0.2,9.75,17.9,162.0,8.79,17.49,4.1,141.9,Very Poor
14-02-2020,186.2,45.7,93.0,0.6,185.5,9.4,9.71,83.0,148.0,1.66,13.64,2.41,94.6,Severe
15-02-2020,134.6,352.6,157.5,132.8,100.8,16.8,4.49,96.3,61.2,8.5,20.06,6.08,311.2,Poor
16-02-2020,125.5,418.2,1.2,50.8,216.2,32.7,1.9,91.2,78.3,2.19,20.72,1.31,296.1,Good
17-02-2020,121.7,520.4,155.8,26.6,146.3,20.3,6.78,36.5,152.1,16.68,23.29,2.3,219.4,Severe
18-02-2020,430.0,187.6,168.5,81.3,238.4,45.0,5.83,16.5,66.5,5.81,29.04,8.76,259.7,Severe
19-02-2020,256.2,339.2,183.5,121.0,171.6,13.7,2.48,58.6,33.6,13.35,22.99,4.99,234.4,Satisfactory
20-02-2020,399.3,17.9,85.8,146.9,243.3,48.5,2.5,51.6,108.0,2.87,19.5,5.57,330.2,Poor
21-02-2020,213.5,31.3,107.7,79.5,88.7,33.6,1.93,13.8,174.3,16.73,15.8,5.83,94.9,Satisfactory
22-02-2020,373.4,249.8,95.5,98.5,207.4,11.1,9.42,85.8,65.0,0.72,14.03,7.05,199.3,Severe
23-02-2020,440.5,168.5,14.7,12.8,27.2,22.0,6.99,29.0,194.8,7.93,25.83,7.1,361.0,Very Poor
24-02-2020,408.6,446.2,141.1,96.0,90.3,43.0,7.63,67.8,11.2,4.38,9.21,9.59,430.0,Poor
25-02-2020,311.5,284.6,17.5,113.4,70.9,11.7,9.33,58.9,57.8,17.21,17.98,3.82,67.2,Satisfactory
26-02-2020,234.1,50.8,124.0,28.1,72.8,29.8,8.79,16.4,146.0,10.8,22.13,6.07,409.6,Moderate
27-02-2020,265.8,267.6,121.7,18.1,230.0,28.9,3.15,79.8,109.2,13.95,6.34,3.84,417.9,Satisfactory
28-02-2020,231.5,120.2,89.9,86.6,7.0,5.9,3.09,78.0,167.1,2.46,13.29,4.13,384.5,Good
29-02-2020,106.4,90.5,193.9,55.6,234.1,28.5,6.36,34.2,144.9,7.52,4.94,7.8,397.3,Very Poor
01-03-2020,43.1,484.7,99.7,88.0,32.1,16.8,5.71,47.3,67.9,5.68,21.56,4.76,37.9,Good
02-03-2020,324.7,56.6,158.3,91.0,166.8,34.6,6.22,78.6,72.9,18.11,17.3,2.83,245.6,Poor
03-03-2020,35.5,103.0,59.0,91.4,130.0,39.2,8.04,92.5,53.2,10.26,25.77,8.51,357.0,Poor
04-03-2020,230.2,454.5,96.3,107.6,31.3,4.5,3.38,69.5,62.8,18.01,4.54,0.61,484.3,Moderate
05-03-2020,56.3,514.4,171.1,125.4,69.6,44.1,5.15,60.3,20.3,15.64,19.79,9.12,169.1,Poor
06-03-2020,326.8,253.1,180.2,116.9,214.9,1.5,9.1,77.4,135.7,2.49,15.36,1.71,461.8,Very Poor
07-03-2020,301.0,592.0,10.9,110.7,201.6,24.5,1.36,61.7,139.2,4.61,13.82,9.16,37.3,Poor
08-03-2020,75.0,173.6,77.2,6.4,147.0,48.8,8.99,71.8,146.8,9.8,15.98,1.11,369.2,Poor
09-03-2020,250.9,238.3,48.1,78.2,108.9,35.6,0.69,45.4,46.6,3.86,27.8,6.27,46.1,Severe
10-03-2020,287.2,448.9,77.0,16.7,180.4,19.1,5.59,59.4,49.6,10.78,4.33,8.39,252.1,Very Poor
11-03-2020,445.2,519.8,23.0,68.7,11.4,30.8,1.04,70.5,149.4,8.01,22.14,5.86,46.0,Very Poor
12-03-2020,140.5,405.9,10.7,146.1,213.4,20.1,7.23,4.7,48.4,3.66,16.72,5.23,99.4,Severe
13-03-2020,452.9,240.4,32.0,103.1,1.7,25.7,6.85,10.1,182.6,4.7,21.31,6.13,98.4,Moderate
14-03-2020,21.2,202.1,106.8,118.7,180.4,46.9,5.1,93.4,1.5,11.09,6.38,5.7,75.9,Very Poor
15-03-2020,372.0,489.5,82.3,53.1,8.5,32.1,8.12,16.5,181.1,12.09,14.23,8.95,169.5,Very Poor
16-03-2020,8.6,128.5,42.3,131.3,30.2,49.8,2.56,100.0,143.6,8.21,3.03,2.48,211.2,Satisfactory
17-03-2020,144.1,215.6,185.4,132.2,209.7,39.8,4.48,18.5,31.4,15.77,7.16,1.21,254.1,Moderate
18-03-2020,264.8,455.6,103.6,54.1,133.5,13.0,10.0,46.1,127.8,3.77,19.42,1.11,400.2,Poor
19-03-2020,183.5,399.2,0.5,104.5,246.1,22.5,6.66,52.5,141.1,17.0,5.23,8.12,226.9,Satisfactory
20-03-2020,63.4,408.4,124.3,33.5,178.8,49.4,4.99,92.5,172.2,19.36,18.29,7.05,396.5,Poor
21-03-2020,418.4,180.3,16.0,76.3,110.4,28.1,8.43,93.9,58.3,17.62,23.42,4.05,466.0,Moderate
22-03-2020,125.7,77.2,23.2,129.1,195.0,45.5,0.73,19.0,36.5,1.72,7.26,4.99,31.8,Very Poor
23-03-2020,356.6,313.6,159.6,110.1,242.4,0.3,4.33,83.0,62.0,8.89,15.36,5.72,449.8,Good
24-03-2020,455.1,14.3,73.6,55.7,48.6,3.9,6.27,29.3,129.5,14.36,28.74,4.34,465.3,Moderate
25-03-2020,410.5,525.3,49.7,50.8,233.2,26.5,4.12,78.1,155.4,14.86,29.83,6.39,321.4,Moderate
26-03-2020,434.7,291.1,190.0,128.6,236.0,36.4,4.41,16.5,152.8,11.53,19.39,2.32,219.4,Moderate
27-03-2020,2.6,295.6,84.9,42.8,180.1,7.8,5.96,7.7,30.9,3.2,21.95,7.61,226.4,Severe
28-03-2020,246.2,286.0,144.0,20.4,0.3,20.5,8.23,6.9,60.3,15.15,0.68,9.57,181.5,Very Poor
29-03-2020,286.7,278.1,38.7,130.3,53.2,21.9,5.84,11.7,93.2,7.75,27.0,2.96,331.7,Severe
30-03-2020,283.6,346.8,89.5,137.9,175.7,25.5,3.33,98.8,1.8,11.85,7.13,2.57,238.0,Severe
31-03-2020,113.3,231.8,72.0,140.6,94.2,6.1,5.67,26.9,62.0,13.08,28.43,2.35,335.8,Moderate
01-04-2020,400.7,113.4,94.5,134.9,115.4,3.0,6.47,84.9,8.8,19.31,16.42,6.26,318.8,Poor
02-04-2020,412.6,499.8,161.3,11.2,103.0,12.5,4.65,27.5,185.1,16.15,7.84,9.21,250.5,Moderate
03-04-2020,74.3,324.6,11.3,140.1,124.7,45.2,1.38,8.7,129.6,13.33,15.74,5.78,464.5,Severe
04-04-2020,356.3,267.0,194.3,82.2,149.7,40.3,0.34,19.2,48.8,2.9,2.79,3.97,356.2,Very Poor
05-04-2020,442.5,299.8,182.4,26.8,236.9,22.6,8.13,37.6,4.0,4.0,8.18,6.37,153.6,Very Poor
06-04-2020,220.6,87.7,149.2,79.8,91.2,42.6,2.87,9.3,32.0,4.61,5.38,6.31,499.1,Satisfactory
07-04-2020,38.6,37.3,87.5,92.0,164.1,33.3,3.82,57.3,39.8,6.98,16.04,1.96,76.3,Moderate
08-04-2020,492.0,475.4,134.8,143.5,246.6,35.1,3.85,5.5,125.4,7.47,14.59,3.21,221.7,Moderate
09-04-2020,437.4,170.1,181.2,149.6,111.2,41.4,2.23,52.4,170.1,5.54,29.11,1.27,191.3,Very Poor
10-04-2020,381.1,461.5,197.4,102.5,48.9,17.5,3.28,4.8,161.4,5.71,21.95,5.03,239.7,Poor
11-04-2020,160.7,468.8,199.8,116.8,203.0,20.3,2.43,66.2,146.3,5.45,19.67,0.15,284.8,Good
12-04-2020,384.2,524.1,90.6,96.8,19.5,30.0,9.81,67.3,152.5,14.2,22.28,1.4,136.5,Good
13-04-2020,251.2,353.5,74.0,79.9,197.5,23.7,8.69,63.7,180.2,2.1,25.48,8.06,292.6,Good
14-04-2020,38.4,379.9,137.6,124.5,14.8,21.1,4.26,65.3,51.0,4.11,4.4,4.59,477.0,Good
15-04-2020,262.5,26.8,62.2,118.6,176.4,32.3,7.35,64.5,74.1,14.97,15.83,2.97,271.1,Very Poor
16-04-2020,220.0,9.7,84.3,27.5,146.1,47.8,1.32,34.9,161.3,5.85,15.63,2.88,115.3,Satisfactory
17-04-2020,450.5,359.8,40.4,129.3,47.0,21.1,9.86,97.7,154.7,2.72,29.81,5.75,389.3,Very Poor
18-04-2020,118.4,264.0,117.3,147.8,30.7,4.5,0.85,46.1,101.3,14.87,25.4,8.46,171.9,Severe
19-04-2020,98.9,340.1,118.6,66.5,135.2,26.6,1.46,71.8,186.1,4.64,0.73,7.66,254.5,Severe
20-04-2020,58.9,387.0,179.0,67.7,18.5,0.5,3.17,31.7,154.7,3.49,7.34,5.39,182.5,Satisfactory
21-04-2020,97.1,581.9,13.0,95.7,93.4,15.7,2.38,75.1,93.1,5.15,29.62,6.52,358.9,Very Poor
22-04-2020,382.5,75.9,82.6,25.4,196.4,14.7,7.46,47.5,178.1,5.77,24.57,9.82,107.7,Severe
23-04-2020,223.1,515.0,16.7,41.3,55.5,1.1,0.14,71.1,38.1,4.6,9.18,1.84,18.9,Poor
24-04-2020,88.1,17.1,144.7,38.7,65.7,28.6,1.56,34.2,5.4,6.44,8.34,3.27,470.8,Poor
25-04-2020,434.5,34.7,154.4,149.5,120.2,3.0,0.87,30.0,178.0,6.55,7.23,0.2,154.5,Severe
26-04-2020,398.6,204.4,123.3,91.8,82.9,32.3,0.48,11.4,45.8,7.96,7.64,0.64,470.5,Poor
27-04-2020,354.5,535.7,21.7,54.2,87.9,32.4,4.12,50.1,24.1,12.16,17.91,2.98,223.5,Satisfactory
28-04-2020,304.0,196.4,36.7,95.2,10.2,13.6,4.52,73.4,174.1,6.97,4.93,9.21,253.1,Moderate
29-04-2020,34.2,394.9,191.2,104.5,101.2,44.0,4.35,33.6,142.5,13.87,20.19,2.67,317.9,Satisfactory
30-04-2020,146.3,595.2,15.8,139.0,234.4,40.7,7.54,80.2,14.4,18.74,22.7,8.02,353.5,Very Poor
01-05-2020,484.0,465.6,83.8,39.5,147.4,26.6,3.77,73.6,36.8,11.19,20.7,2.33,39.6,Very Poor
02-05-2020,164.8,78.1,29.5,139.9,186.5,17.8,2.19,6.8,21.5,8.1,19.63,7.15,73.2,Satisfactory
03-05-2020,447.2,78.2,150.3,99.8,15.2,5.1,5.44,62.7,23.9,1.66,23.04,7.2,322.5,Very Poor
04-05-2020,213.6,156.3,168.3,29.1,135.3,40.2,6.89,57.7,198.7,2.81,4.85,2.77,33.6,Moderate
05-05-2020,326.4,70.5,30.8,124.7,42.1,34.2,4.03,54.8,123.4,19.49,10.75,7.25,459.7,Very Poor
06-05-2020,102.4,350.3,38.7,47.0,31.5,3.8,5.18,23.9,55.9,4.24,13.27,3.33,481.9,Satisfactory
07-05-2020,377.6,513.9,22.1,52.9,131.3,2.0,4.04,3.6,183.0,11.22,1.41,4.12,391.6,Poor
08-05-2020,258.7,169.1,19.0,46.3,134.1,19.9,2.21,81.2,34.5,12.45,14.06,8.55,390.9,Very Poor
09-05-2020,483.5,7.7,52.6,73.0,61.7,21.0,7.31,36.5,6.1,16.9,24.63,0.74,308.5,Poor
10-05-2020,96.2,488.6,97.4,110.8,105.7,29.3,7.32,66.8,151.9,8.95,5.37,0.64,215.0,Poor
11-05-2020,296.2,71.1,50.2,85.6,28.0,32.6,3.79,89.6,42.8,9.71,21.12,6.51,146.4,Very Poor
12-05-2020,144.9,121.6,63.7,18.4,99.2,17.6,7.39,56.5,135.7,19.3,15.49,2.54,474.9,Moderate
13-05-2020,191.2,413.8,9.5,35.9,126.5,6.5,0.39,44.6,59.0,18.37,15.89,2.96,312.6,Poor
14-05-2020,302.7,315.7,177.9,114.4,244.2,41.8,9.8,2.8,129.0,2.26,5.75,5.45,11.3,Good
15-05-2020,96.1,360.4,94.6,38.4,49.2,28.3,9.26,82.0,10.6,4.46,0.42,0.39,396.5,Moderate
16-05-2020,474.8,284.4,79.7,30.3,156.6,46.0,0.81,92.3,55.7,18.73,13.52,1.69,385.4,Very Poor
17-05-2020,328.8,220.0,88.8,16.3,27.5,43.1,5.91,82.9,153.0,9.92,13.75,9.13,414.4,Satisfactory
18-05-2020,365.9,196.9,40.1,106.1,150.4,8.7,3.94,82.1,144.7,15.46,15.83,7.34,162.9,Poor
19-05-2020,128.8,27.8,5.0,90.3,15.9,7.5,1.3,93.3,48.1,4.15,18.15,1.99,125.6,Satisfactory
20-05-2020,37.3,188.5,148.7,149.5,69.4,35.7,4.67,14.1,143.6,11.7,4.9,0.44,267.1,Poor
21-05-2020,281.5,403.0,31.5,13.2,247.3,37.3,1.16,9.8,37.0,0.06,12.79,0.87,151.6,Severe
22-05-2020,170.4,335.4,117.9,87.3,208.0,8.0,5.19,66.6,51.2,15.86,13.01,5.31,42.8,Poor
23-05-2020,437.9,407.9,158.8,88.2,167.8,16.0,8.16,97.9,152.1,13.84,23.53,7.59,381.7,Poor
24-05-2020,252.2,514.9,168.6,31.8,227.9,9.0,0.61,97.1,131.8,9.16,11.98,2.18,191.7,Moderate
25-05-2020,337.5,85.3,92.1,16.7,207.3,21.0,4.86,44.5,132.5,17.66,17.24,0.58,136.4,Good
26-05-2020,464.2,37.6,29.5,33.4,136.6,36.6,1.59,53.3,109.9,8.17,14.2,9.79,481.9,Satisfactory
27-05-2020,123.5,48.1,147.3,110.1,6.3,14.4,9.19,8.8,22.0,0.48,5.31,8.66,123.7,Severe
28-05-2020,11.1,405.5,149.8,79.2,122.5,11.5,7.82,32.6,91.2,8.8,10.08,7.94,333.3,Poor
29-05-2020,322.9,77.4,113.1,136.4,137.9,22.7,3.99,2.1,49.8,5.22,9.53,8.34,9.3,Satisfactory
30-05-2020,273.8,352.1,128.4,130.0,190.7,3.4,0.74,85.8,36.7,9.9,15.1,9.32,193.5,Very Poor
31-05-2020,49.9,218.6,42.3,117.0,57.0,38.7,6.53,35.7,52.7,17.64,27.86,8.55,95.6,Good
01-06-2020,350.1,483.6,98.4,52.4,48.7,3.1,9.2,58.5,163.2,19.63,4.03,5.44,412.8,Very Poor
02-06-2020,130.3,192.6,133.2,99.8,144.0,43.3,4.88,13.6,14.5,5.56,16.07,2.7,263.5,Severe
03-06-2020,315.7,151.6,77.5,114.5,180.4,13.4,5.63,54.0,76.5,12.98,15.56,8.04,19.7,Poor
04-06-2020,94.5,560.0,50.2,81.7,106.5,9.1,9.19,91.4,45.1,5.4,18.23,8.7,328.4,Very Poor
05-06-2020,462.7,554.4,90.0,16.3,21.4,12.2,5.57,10.1,75.3,17.65,1.71,3.23,98.9,Moderate
06-06-2020,92.0,222.5,93.3,117.5,113.1,34.6,7.35,94.3,38.5,2.75,20.87,8.52,489.8,Moderate
07-06-2020,271.9,45.8,63.8,15.0,196.8,38.2,0.13,39.1,136.0,7.27,23.02,4.5,339.9,Moderate
08-06-2020,39.4,102.0,95.6,92.0,31.6,33.8,1.78,34.9,53.9,12.77,19.49,8.62,442.2,Severe
09-06-2020,247.9,249.2,86.9,1.3,39.7,27.8,1.94,91.1,126.8,7.68,25.47,5.85,38.5,Good
10-06-2020,286.4,421.0,119.4,5.0,229.4,12.9,5.7,78.0,22.6,19.87,9.94,7.03,31.4,Moderate
11-06-2020,376.1,541.5,6.0,108.3,223.8,17.8,1.98,24.3,198.5,1.94,11.38,0.53,415.8,Moderate
12-06-2020,414.3,311.0,127.2,38.9,227.8,15.4,0.94,66.1,141.4,17.88,23.18,4.58,197.4,Good
13-06-2020,176.8,427.9,119.8,45.4,134.7,19.6,5.26,95.0,168.2,5.85,3.09,3.07,363.0,Very Poor
14-06-2020,53.4,119.3,2.0,47.8,131.2,25.9,1.66,38.8,110.9,9.89,17.21,6.93,263.6,Poor
15-06-2020,403.9,458.8,63.2,113.6,34.2,0.2,1.96,42.8,147.9,10.61,24.88,2.1,208.2,Poor
16-06-2020,165.7,325.2,87.4,6.2,188.9,7.1,2.28,54.3,36.0,6.14,22.94,1.23,159.8,Severe
17-06-2020,377.5,453.0,118.8,105.7,238.6,17.6,5.88,19.4,117.3,16.31,27.55,5.88,145.7,Poor
18-06-2020,38.1,321.3,123.7,107.8,180.9,5.2,8.57,19.3,40.2,15.93,17.83,2.21,372.2,Poor
19-06-2020,208.2,294.8,20.2,78.8,189.9,1.5,5.09,4.6,94.3,1.39,3.36,9.94,213.4,Poor
20-06-2020,457.4,338.1,116.2,19.3,28.4,46.9,5.28,99.7,118.2,7.5,19.68,0.81,281.5,Very Poor
21-06-2020,99.4,421.6,133.5,33.9,202.9,9.2,5.58,53.6,20.5,16.0,18.49,7.8,376.3,Poor
22-06-2020,248.5,362.6,23.9,4.9,77.5,20.9,3.81,76.5,187.1,19.57,23.94,8.59,109.1,Satisfactory
23-06-2020,366.9,371.1,39.4,108.2,99.1,28.3,2.67,8.0,96.3,16.77,18.72,9.3,105.1,Severe
24-06-2020,278.2,581.7,146.3,10.6,37.5,3.1,2.73,79.7,48.1,11.72,13.62,8.62,358.3,Severe
25-06-2020,491.1,217.4,78.2,76.3,215.5,14.3,5.74,23.1,107.6,15.18,26.2,5.73,438.7,Poor
26-06-2020,339.7,498.2,115.2,99.5,126.2,30.2,2.29,83.3,155.4,19.65,9.87,6.73,166.6,Moderate
27-06-2020,387.1,479.7,167.6,104.8,23.8,0.8,2.75,24.8,71.3,12.4,23.93,3.14,105.3,Satisfactory
28-06-2020,257.5,585.0,39.0,86.2,9.1,34.3,0.96,36.3,48.8,19.16,13.22,0.61,209.0,Moderate
29-06-2020,360.1,542.3,172.8,35.4,68.1,12.4,1.24,2.7,33.6,15.23,6.63,1.65,311.1,Very Poor
30-06-2020,109.8,214.3,40.3,24.0,200.0,9.9,5.11,93.6,194.7,11.34,8.55,9.45,260.3,Very Poor
01-07-2020,462.3,110.9,28.8,36.6,85.4,41.6,3.63,24.4,142.6,12.93,4.42,4.92,336.7,Severe
02-07-2020,65.6,180.6,55.3,101.9,241.6,17.3,0.58,75.9,175.7,10.34,22.97,5.79,174.8,Poor
03-07-2020,381.0,209.7,166.4,54.3,137.7,40.5,0.88,46.8,111.4,19.14,15.13,4.59,276.6,Satisfactory
04-07-2020,242.2,452.4,89.6,16.1,204.7,0.5,5.88,48.1,168.3,16.39,2.42,2.89,162.5,Good
05-07-2020,62.6,359.8,28.4,62.0,5.4,44.9,1.82,17.8,74.7,4.19,27.32,9.85,169.8,Very Poor
06-07-2020,255.5,64.0,75.2,12.9,57.6,42.3,0.17,64.9,11.8,7.04,10.09,7.45,7.6,Severe
07-07-2020,464.9,187.6,38.5,72.7,137.8,16.4,4.22,64.9,34.7,11.57,14.84,2.45,451.8,Moderate
08-07-2020,62.9,482.9,1.5,57.6,204.7,2.3,5.19,38.2,90.5,13.51,16.97,8.44,167.3,Very Poor
09-07-2020,445.4,143.4,102.9,23.2,28.6,10.9,2.27,29.8,164.9,8.35,22.83,4.5,239.2,Moderate
10-07-2020,15.5,216.2,102.5,136.6,207.9,15.6,1.74,45.4,24.6,11.7,7.61,7.77,152.8,Poor
11-07-2020,457.8,358.3,169.8,135.1,236.6,23.4,4.65,59.7,176.8,5.65,3.94,1.53,394.0,Very Poor
12-07-2020,467.8,352.1,133.6,66.9,18.6,48.0,1.06,43.0,118.9,0.3,28.77,8.4,443.0,Satisfactory
13-07-2020,228.2,72.4,70.7,45.8,53.0,15.6,2.72,88.9,26.4,16.69,29.94,4.37,338.8,Severe
14-07-2020,481.0,300.6,97.7,79.0,161.7,30.7,5.46,17.7,18.9,19.73,15.04,5.94,46.3,Satisfactory
15-07-2020,499.3,467.2,156.0,90.4,231.1,17.2,4.51,57.8,15.9,8.26,4.82,2.92,147.0,Satisfactory
16-07-2020,19.4,125.5,26.2,98.6,225.8,37.0,8.5,99.2,29.4,1.48,6.0,6.9,110.9,Very Poor
17-07-2020,76.0,330.4,123.2,28.0,9.8,12.6,2.69,27.7,129.1,6.25,3.37,8.21,394.5,Severe
18-07-2020,185.3,267.3,105.9,124.5,218.5,1.3,4.7,95.1,23.7,11.37,14.35,1.51,165.1,Satisfactory
19-07-2020,236.8,292.7,186.5,126.8,243.8,18.2,1.32,28.8,192.8,10.91,25.91,2.9,135.1,Good
20-07-2020,195.5,35.3,113.5,46.9,63.5,34.5,8.92,29.9,138.5,19.37,29.27,9.72,33.9,Moderate
21-07-2020,105.3,413.2,1.2,145.5,34.5,31.5,2.28,4.2,141.2,4.46,25.82,9.05,35.6,Severe
22-07-2020,354.5,254.1,73.7,3.4,44.3,44.5,3.1,3.6,59.0,1.07,10.21,1.19,66.6,Poor
23-07-2020,423.1,109.5,130.1,129.6,131.8,26.4,5.07,90.6,68.2,8.6,24.89,2.33,262.7,Good
24-07-2020,253.5,219.2,97.2,39.3,223.5,40.1,3.53,16.8,122.6,2.62,3.06,0.21,146.6,Moderate
25-07-2020,215.2,224.7,131.4,8.3,192.5,45.8,9.17,71.9,128.0,10.58,5.92,6.25,30.7,Satisfactory
26-07-2020,3.7,464.5,37.1,45.9,42.3,23.3,0.74,2.4,121.5,1.32,18.74,6.78,63.6,Satisfactory
27-07-2020,455.7,556.7,153.0,93.2,62.6,11.8,8.69,21.0,113.1,6.85,4.53,8.99,459.3,Poor
28-07-2020,104.1,62.4,78.9,82.8,213.5,28.5,8.8,57.4,70.0,18.73,3.27,6.33,486.1,Severe
29-07-2020,239.7,122.9,163.2,31.0,64.9,34.9,5.17,84.9,94.4,16.34,12.52,0.73,448.1,Very Poor
30-07-2020,429.8,59.0,138.9,117.0,148.8,48.0,3.22,61.1,65.7,3.84,6.64,5.92,355.1,Very Poor
31-07-2020,70.7,127.5,165.2,131.1,210.2,34.7,8.26,51.7,144.1,12.05,12.17,0.88,460.4,Moderate
01-08-2020,169.8,117.2,156.3,0.9,132.0,20.7,8.1,6.6,180.0,12.17,10.14,7.98,249.9,Good
02-08-2020,471.3,30.3,129.9,139.3,153.6,22.2,0.01,86.1,35.4,2.34,8.05,0.28,189.1,Satisfactory
03-08-2020,47.1,490.9,92.2,65.1,234.8,2.0,8.87,4.1,170.6,17.52,11.03,5.5,224.7,Very Poor
04-08-2020,368.5,280.7,121.0,16.6,67.8,35.0,2.86,64.5,40.6,2.56,5.37,3.17,471.3,Poor
05-08-2020,226.1,349.6,6.2,51.0,216.8,21.9,2.74,47.6,101.7,13.99,7.11,3.34,415.5,Poor
06-08-2020,167.5,557.8,121.8,137.3,199.7,1.6,5.35,60.5,166.0,14.6,16.62,0.84,176.0,Moderate
07-08-2020,68.2,271.0,68.3,43.8,191.7,30.3,6.84,84.4,95.7,15.49,26.37,9.21,279.2,Poor
08-08-2020,212.9,138.4,190.4,86.0,10.7,5.8,8.31,57.8,16.6,10.41,29.17,9.55,90.2,Moderate
09-08-2020,180.9,176.8,175.7,84.3,154.4,4.2,0.04,78.4,64.2,11.59,12.35,0.76,92.9,Good
10-08-2020,356.0,327.3,56.8,11.4,211.2,22.1,5.05,21.5,191.2,3.07,19.87,1.75,144.3,Severe
11-08-2020,91.4,147.1,175.9,60.6,156.2,15.9,8.17,33.7,107.5,17.46,24.27,5.28,236.5,Poor
12-08-2020,78.8,501.3,5.7,6.1,190.1,4.9,3.14,84.0,161.8,15.2,18.63,5.57,105.7,Severe
13-08-2020,435.4,266.7,99.7,61.4,118.4,42.8,2.53,14.9,70.3,16.09,5.67,4.71,107.9,Poor
14-08-2020,428.6,593.4,87.0,35.7,66.9,29.0,5.77,85.9,16.0,17.63,21.16,3.61,438.0,Poor
15-08-2020,323.0,379.2,181.3,35.0,208.4,5.0,7.58,42.1,104.3,15.38,29.9,5.95,329.2,Poor
16-08-2020,120.0,395.1,34.2,103.4,218.2,4.1,9.12,72.3,16.3,12.84,4.33,0.36,420.7,Severe
17-08-2020,56.6,494.1,136.9,15.0,6.8,8.5,4.84,72.4,4.8,4.4,7.32,2.49,391.7,Poor
18-08-2020,345.8,552.6,162.3,55.3,157.1,6.5,1.27,65.3,45.6,2.93,22.54,2.24,286.5,Good
19-08-2020,26.8,406.6,88.4,76.7,249.5,43.8,1.81,17.5,183.8,9.22,12.26,3.87,387.4,Satisfactory
20-08-2020,454.3,256.4,86.9,55.7,220.5,7.8,8.14,39.5,67.5,0.94,8.96,0.73,251.6,Good
21-08-2020,214.5,80.0,105.1,16.3,24.8,46.8,5.54,53.1,189.2,17.41,0.31,9.27,403.5,Good
22-08-2020,432.9,592.5,87.6,16.2,84.3,36.1,2.38,93.8,22.0,5.03,2.26,2.51,398.5,Poor
23-08-2020,360.6,415.3,134.0,126.2,153.4,23.2,6.86,38.4,105.2,7.27,9.03,8.46,166.6,Moderate
24-08-2020,231.9,5.6,97.4,79.4,196.9,43.7,9.92,87.4,150.4,4.41,14.69,7.56,133.3,Poor
25-08-2020,123.0,49.4,51.1,38.4,122.0,48.7,2.27,9.2,176.5,5.42,24.43,0.5,308.2,Very Poor
26-08-2020,184.2,200.9,100.9,99.4,228.7,46.7,6.07,82.2,48.4,9.58,10.35,1.47,457.7,Poor
27-08-2020,190.3,3.2,127.2,140.9,238.8,40.2,7.22,16.7,76.6,4.06,27.74,7.04,280.2,Satisfactory
28-08-2020,79.4,344.0,98.7,45.4,163.0,1.1,1.96,75.2,170.9,17.99,6.97,1.5,187.2,Poor
29-08-2020,166.8,231.3,5.0,0.7,15.6,21.0,3.55,26.3,92.5,15.44,5.07,8.11,472.7,Satisfactory
30-08-2020,483.8,433.4,14.1,121.5,154.3,40.0,6.77,0.8,148.4,7.86,26.15,5.29,193.3,Satisfactory
31-08-2020,50.5,423.2,133.1,67.9,210.8,8.9,8.46,6.7,69.9,14.59,2.1,4.47,387.2,Satisfactory
01-09-2020,397.8,459.6,198.4,37.9,57.1,42.7,6.39,8.9,18.6,13.43,27.62,5.26,175.1,Moderate
02-09-2020,323.6,358.0,89.8,10.5,82.2,7.8,8.46,41.8,59.5,6.89,5.32,8.67,335.3,Very Poor
03-09-2020,31.7,588.3,175.3,56.6,231.8,17.2,9.25,42.2,153.0,1.87,7.47,0.1,380.4,Satisfactory
04-09-2020,144.4,24.3,58.9,144.6,208.1,3.5,0.76,80.9,176.9,2.56,3.77,6.75,152.9,Poor
05-09-2020,305.6,76.7,42.9,6.3,177.2,30.4,1.42,78.2,133.4,7.02,5.34,3.74,356.0,Very Poor
06-09-2020,487.0,65.9,98.3,107.5,95.6,14.0,0.39,27.2,1.6,10.48,10.21,6.47,489.1,Severe
07-09-2020,473.8,508.9,141.8,128.0,92.9,7.4,1.03,51.4,18.3,7.68,9.11,8.92,368.6,Moderate
08-09-2020,23.0,150.3,0.3,14.6,33.0,12.1,0.1,76.7,196.8,6.39,26.63,8.87,219.6,Satisfactory
09-09-2020,215.3,110.1,66.5,16.2,192.6,0.2,0.83,28.1,140.3,3.93,20.99,6.84,142.7,Satisfactory
10-09-2020,431.4,522.6,157.2,112.8,100.7,13.1,1.5,54.5,98.9,12.56,5.53,8.77,40.5,Poor
11-09-2020,336.0,331.5,99.0,61.8,132.0,27.9,9.11,66.9,14.0,18.11,12.8,0.51,230.5,Poor
12-09-2020,436.8,533.4,167.5,69.1,140.4,17.4,4.03,81.3,82.3,18.51,19.05,7.3,20.0,Poor
13-09-2020,470.1,172.5,41.6,119.2,239.4,24.3,8.73,77.1,72.4,19.22,5.4,1.24,12.0,Moderate
14-09-2020,437.7,499.0,137.4,39.4,179.2,48.5,5.47,97.2,195.0,2.46,25.19,1.08,285.8,Moderate
15-09-2020,155.7,346.7,113.7,136.1,208.2,27.4,7.52,99.5,169.8,5.28,26.95,2.67,76.5,Moderate
16-09-2020,252.4,370.0,81.8,71.4,192.3,31.3,9.5,81.1,59.2,7.81,22.48,4.1,363.3,Moderate
17-09-2020,411.7,127.8,56.8,28.1,187.2,49.0,5.3,69.1,186.5,2.77,13.9,7.15,222.3,Satisfactory
18-09-2020,232.2,191.3,81.9,43.3,206.8,8.3,2.86,60.8,134.3,9.4,21.63,0.38,366.1,Severe
19-09-2020,389.5,157.3,32.0,69.3,174.6,11.1,9.14,16.0,163.9,8.13,1.55,6.04,490.9,Very Poor
20-09-2020,307.0,447.7,100.4,142.0,66.1,37.9,5.64,8.3,2.4,19.83,28.46,1.29,57.0,Very Poor
21-09-2020,194.1,578.4,21.2,140.1,189.7,35.2,0.12,91.1,47.7,18.0,19.69,1.99,483.7,Very Poor
22-09-2020,431.2,380.8,66.2,10.1,112.8,39.7,1.5,78.6,191.5,4.43,24.95,8.29,458.1,Severe
23-09-2020,133.5,484.7,59.0,38.3,38.6,29.8,9.14,88.8,15.2,17.34,2.75,3.97,255.4,Good
24-09-2020,288.4,397.7,191.4,103.8,58.6,7.3,5.65,95.9,13.1,3.22,16.1,4.61,330.2,Moderate
25-09-2020,197.0,134.0,174.4,106.3,51.1,18.8,2.17,71.9,160.9,10.96,12.6,3.34,343.2,Moderate
26-09-2020,52.5,130.0,179.5,64.8,161.6,32.5,9.51,66.5,11.1,19.66,22.68,0.69,69.1,Moderate
27-09-2020,216.8,593.8,158.7,105.3,175.4,26.2,9.16,25.4,49.2,0.59,16.29,2.64,453.6,Satisfactory
28-09-2020,58.4,195.4,147.9,15.1,38.8,42.2,6.53,56.9,99.0,2.02,14.79,0.54,421.1,Poor
29-09-2020,314.5,127.9,33.5,69.2,73.4,6.2,3.78,15.4,1.0,16.08,21.01,2.82,311.2,Good
30-09-2020,408.1,489.0,110.1,41.8,248.4,44.2,0.85,16.4,7.7,4.86,17.9,7.92,7.1,Severe
01-10-2020,274.3,217.0,96.0,147.0,206.0,46.6,0.68,31.7,133.9,9.39,24.54,9.82,472.3,Poor
02-10-2020,273.2,313.9,18.7,25.4,244.1,3.3,8.16,43.1,9.5,17.59,7.6,2.18,313.3,Good
03-10-2020,8.9,387.6,14.9,36.6,177.1,7.2,8.91,18.8,190.7,16.05,8.54,5.38,164.4,Good
04-10-2020,459.4,150.6,176.0,44.3,57.3,11.0,3.47,54.3,81.1,8.16,11.89,7.41,37.1,Poor
05-10-2020,53.7,260.0,162.2,104.8,82.8,14.7,1.05,29.8,160.2,8.9,11.09,6.39,19.3,Severe
06-10-2020,90.4,34.2,46.0,52.5,99.3,31.4,7.26,48.3,181.6,8.62,13.77,9.92,196.2,Moderate
07-10-2020,499.9,196.7,49.7,114.7,10.7,34.7,1.68,72.2,70.4,16.52,28.54,2.17,6.3,Severe
08-10-2020,298.8,594.6,9.1,40.3,123.4,27.9,5.47,66.4,25.3,18.35,8.01,3.96,100.7,Very Poor
09-10-2020,376.6,34.7,99.2,84.2,208.1,22.1,3.35,56.6,108.1,10.92,16.56,4.48,481.9,Moderate
10-10-2020,23.3,241.2,190.3,12.5,80.5,16.6,4.5,10.7,159.0,6.6,14.68,7.38,458.6,Moderate
11-10-2020,462.2,582.0,152.0,68.2,90.0,48.0,6.15,29.8,94.1,15.05,28.64,9.61,91.9,Poor
12-10-2020,281.5,364.6,50.1,126.8,161.5,13.3,1.88,0.7,86.5,15.03,27.08,6.76,313.7,Poor
13-10-2020,208.0,313.8,40.4,106.5,119.3,23.6,3.89,3.3,117.7,13.6,12.78,5.18,340.6,Very Poor
14-10-2020,267.1,90.6,9.0,68.5,186.5,36.0,6.73,21.8,69.0,17.72,17.91,9.62,199.6,Very Poor
15-10-2020,176.3,583.3,2.1,128.8,242.6,15.2,2.57,91.6,152.5,6.48,26.5,1.76,296.6,Satisfactory
16-10-2020,305.7,357.0,29.2,84.6,186.9,38.1,2.87,73.7,149.2,1.9,12.88,2.57,331.1,Severe
17-10-2020,126.2,5.5,104.2,32.8,187.3,21.3,8.69,45.7,192.2,13.49,8.04,3.62,125.1,Moderate
18-10-2020,426.6,441.8,145.9,108.9,23.6,6.1,9.99,19.1,17.0,10.9,2.94,6.22,399.5,Moderate
19-10-2020,387.9,275.6,110.2,134.6,12.7,3.2,2.78,61.7,161.2,19.66,3.75,1.19,370.5,Very Poor
20-10-2020,452.0,44.5,55.4,129.3,224.3,45.7,3.27,15.3,12.6,2.39,8.9,1.32,312.9,Good
21-10-2020,416.1,598.8,30.4,21.8,160.7,36.8,9.86,50.7,146.2,9.92,24.77,1.88,399.5,Severe
22-10-2020,267.1,269.8,55.7,110.4,244.6,17.2,4.05,66.7,101.7,19.23,19.29,7.75,464.5,Satisfactory
23-10-2020,57.9,503.5,69.1,75.0,177.9,35.6,4.01,75.4,72.2,14.6,28.11,6.98,161.2,Satisfactory
24-10-2020,490.5,132.9,0.7,55.7,173.5,3.9,7.83,99.9,165.5,19.99,14.87,7.2,119.4,Moderate
25-10-2020,277.1,467.4,77.6,84.7,99.0,35.5,5.88,78.4,177.2,6.76,3.25,6.02,374.5,Satisfactory
26-10-2020,19.1,9.7,172.8,42.1,88.0,26.1,9.02,16.7,78.0,1.23,24.02,2.17,174.2,Satisfactory
27-10-2020,205.0,372.6,147.4,3.3,49.7,21.7,0.26,97.0,55.5,10.32,7.86,0.29,484.0,Satisfactory
28-10-2020,371.2,242.1,94.6,91.9,84.1,26.4,0.55,21.6,64.2,8.32,0.79,4.65,37.4,Satisfactory
29-10-2020,190.7,256.1,75.1,113.8,81.1,7.1,2.58,4.9,138.6,10.6,13.33,7.63,189.6,Poor
30-10-2020,294.7,221.0,172.1,56.5,169.0,16.0,2.66,38.7,21.9,1.27,27.85,8.18,114.5,Moderate
31-10-2020,193.8,505.3,121.4,149.5,219.1,14.8,3.68,14.8,41.9,13.34,5.06,5.87,461.3,Moderate
01-11-2020,151.2,214.9,170.1,48.1,186.1,21.3,0.16,7.2,172.8,19.06,14.63,9.09,472.4,Poor
02-11-2020,19.1,211.6,139.0,59.0,152.8,8.7,7.16,87.8,140.7,2.03,9.72,1.44,402.7,Satisfactory
03-11-2020,167.0,406.0,96.8,74.0,70.1,43.6,1.3,28.2,57.8,13.4,21.44,4.3,262.4,Moderate
04-11-2020,331.7,560.1,94.4,126.1,219.0,38.0,9.15,58.9,34.2,18.6,4.6,0.35,322.0,Satisfactory
05-11-2020,189.6,566.6,172.0,63.3,185.0,8.7,1.73,85.1,195.6,15.73,24.59,7.19,342.1,Poor
06-11-2020,22.7,376.0,41.4,25.0,223.6,27.2,1.16,10.1,3.6,6.98,14.99,5.0,283.8,Severe
07-11-2020,107.4,118.5,41.6,57.8,56.4,31.9,1.82,51.8,34.0,3.22,17.2,4.74,238.3,Good
08-11-2020,95.7,190.1,186.0,129.6,156.8,19.6,8.23,55.9,53.7,0.33,10.9,8.83,218.8,Moderate
09-11-2020,245.7,175.0,27.2,7.1,122.0,45.1,8.63,84.4,144.4,19.69,11.99,9.48,431.2,Poor
10-11-2020,137.4,590.6,130.0,126.0,31.3,36.2,8.02,71.4,188.1,11.26,18.16,3.91,70.0,Good
11-11-2020,466.6,111.8,9.7,19.9,14.0,28.9,1.87,52.8,125.7,5.48,19.24,4.25,268.0,Moderate
12-11-2020,391.6,80.4,94.1,110.9,14.3,38.6,1.75,7.5,74.0,5.61,25.86,8.15,454.2,Severe
13-11-2020,357.8,467.2,12.6,96.4,65.3,23.7,7.98,21.7,100.5,6.13,2.32,9.01,226.2,Good
14-11-2020,155.5,99.7,47.2,10.3,32.9,26.3,2.73,51.9,99.4,13.66,4.38,7.36,334.4,Very Poor
15-11-2020,386.1,360.0,188.2,144.9,231.8,32.1,7.67,83.5,169.5,4.73,12.85,1.56,448.8,Satisfactory
16-11-2020,483.8,56.6,37.2,109.3,206.7,40.5,5.69,96.3,188.1,16.86,6.61,3.78,324.4,Satisfactory
17-11-2020,152.6,126.4,95.9,49.6,92.9,18.2,2.61,20.4,165.0,10.56,24.0,6.82,229.3,Poor
18-11-2020,135.1,366.2,104.3,125.5,169.6,2.1,7.3,33.1,135.1,18.92,28.83,0.53,234.2,Severe
19-11-2020,88.1,194.2,36.0,70.5,32.3,35.8,4.35,55.3,99.8,3.4,15.41,9.8,98.2,Satisfactory
20-11-2020,12.2,255.7,28.7,49.5,3.0,33.2,5.62,62.4,178.4,13.67,8.48,1.97,210.1,Satisfactory
21-11-2020,483.6,148.9,194.1,3.9,72.8,41.3,7.22,95.1,160.5,8.73,1.48,9.96,498.6,Severe
22-11-2020,204.3,3.7,46.0,120.0,220.3,1.4,2.34,28.3,197.3,2.42,12.75,3.5,466.1,Moderate
23-11-2020,333.6,74.6,44.8,109.4,107.1,26.5,7.63,21.9,85.1,4.48,24.73,7.87,432.0,Satisfactory
24-11-2020,36.0,295.1,129.1,66.9,84.4,24.7,6.34,18.3,33.3,17.44,26.24,0.27,130.2,Very Poor
25-11-2020,433.7,26.6,96.3,24.0,164.2,28.2,4.61,0.1,196.5,10.95,1.49,0.31,360.4,Good
26-11-2020,141.2,554.2,183.5,52.7,218.1,26.7,6.79,97.0,146.2,16.53,3.46,7.88,362.9,Severe
27-11-2020,369.9,569.1,152.6,13.2,227.6,23.9,5.07,59.5,18.3,5.04,2.01,5.6,350.1,Poor
28-11-2020,446.2,49.2,151.2,2.2,120.3,40.1,1.03,12.9,33.7,19.97,10.11,8.58,123.6,Satisfactory
29-11-2020,63.4,351.2,197.0,50.3,171.4,30.0,9.56,25.8,162.4,10.68,4.93,7.47,181.2,Good
30-11-2020,39.3,27.3,13.0,124.0,26.2,38.4,7.24,49.4,30.8,1.0,3.91,7.7,348.1,Moderate
01-12-2020,263.7,204.2,174.2,97.0,88.6,48.8,2.66,13.1,190.8,18.32,29.05,6.85,113.9,Satisfactory
02-12-2020,61.6,378.6,163.1,115.2,184.8,33.8,9.09,46.6,68.5,19.83,16.29,9.4,209.0,Severe
03-12-2020,262.8,207.1,198.2,92.7,31.3,17.5,5.71,72.5,28.4,2.61,2.06,2.79,287.0,Moderate
04-12-2020,282.4,290.4,86.9,36.4,130.3,35.0,3.49,92.8,107.4,0.03,23.56,7.73,184.6,Poor
05-12-2020,130.3,162.9,160.0,90.8,196.2,26.5,0.35,16.5,43.0,6.19,3.56,3.67,408.7,Severe
06-12-2020,209.4,571.0,135.7,122.8,150.6,44.1,3.16,75.4,67.2,0.15,10.31,2.74,297.2,Good
07-12-2020,475.6,217.7,156.7,53.8,162.1,32.8,7.47,67.4,198.5,7.73,14.3,2.99,483.3,Severe
08-12-2020,88.3,264.9,107.8,112.1,52.8,44.0,2.8,42.6,74.3,7.83,5.66,4.96,105.6,Satisfactory
09-12-2020,247.3,78.0,178.4,146.9,177.0,1.4,4.84,23.7,178.1,9.11,18.3,6.82,376.6,Satisfactory
10-12-2020,363.7,274.5,140.5,134.3,123.8,15.0,8.96,67.2,15.0,1.99,8.08,7.67,94.7,Severe
11-12-2020,73.3,368.4,118.6,90.9,64.4,5.3,4.63,24.5,132.3,2.67,13.58,5.06,240.9,Poor
12-12-2020,133.2,311.5,30.4,139.6,95.7,31.7,3.25,5.5,90.6,18.51,25.44,5.72,409.4,Good
13-12-2020,422.4,530.5,49.9,116.2,46.4,40.0,8.93,60.9,52.1,15.66,10.94,5.22,246.6,Very Poor
14-12-2020,421.3,49.9,132.1,41.4,8.0,26.7,3.64,65.0,5.1,13.13,14.38,6.01,231.7,Moderate
15-12-2020,24.4,59.5,171.2,115.7,51.0,41.6,6.02,46.8,57.3,5.51,13.62,6.11,285.9,Very Poor
16-12-2020,314.4,485.1,151.3,121.9,201.7,40.7,3.69,85.8,158.0,19.4,25.0,3.77,377.1,Good
17-12-2020,372.0,273.7,193.3,125.9,74.3,29.1,6.13,11.4,89.7,18.03,20.46,5.05,210.3,Severe
18-12-2020,196.0,232.9,101.8,104.3,227.8,17.0,4.12,87.6,100.2,6.99,3.41,5.37,412.5,Severe
19-12-2020,365.9,412.4,81.2,141.3,241.8,12.9,5.03,99.5,83.9,17.54,29.64,5.59,467.3,Poor
20-12-2020,214.7,178.7,58.1,24.7,90.8,11.7,8.39,65.1,104.1,10.23,20.73,1.35,129.4,Moderate
21-12-2020,440.1,137.4,135.6,112.3,16.6,18.7,2.17,17.0,88.3,9.79,9.94,1.49,421.2,Poor
22-12-2020,423.8,295.6,77.3,43.4,53.4,44.3,9.39,89.8,108.3,7.42,0.71,1.79,119.5,Very Poor
23-12-2020,492.0,465.6,173.5,3.8,120.5,9.4,0.48,13.1,0.8,13.1,12.06,3.84,317.4,Satisfactory
24-12-2020,224.0,548.2,101.1,122.9,41.7,12.9,4.26,86.4,187.1,10.63,20.59,6.38,191.5,Very Poor
25-12-2020,144.0,308.1,18.5,49.4,241.2,44.1,0.76,7.6,163.4,3.09,16.39,7.24,349.8,Good
26-12-2020,188.4,69.1,129.6,3.0,246.8,44.1,4.09,93.0,95.4,14.82,13.72,9.48,174.0,Poor
27-12-2020,180.7,462.2,67.0,30.2,80.8,47.5,8.72,0.5,90.2,7.86,29.59,0.0,211.5,Severe
28-12-2020,207.0,354.6,110.9,34.1,46.6,21.0,1.4,45.2,21.1,13.1,19.04,8.04,58.5,Severe
29-12-2020,212.3,308.0,166.7,104.3,134.5,25.6,1.66,7.8,53.6,0.16,9.34,7.73,15.0,Good
30-12-2020,57.1,553.0,92.6,11.6,67.8,38.0,5.8,33.2,177.4,1.07,10.76,9.54,461.5,Severe
31-12-2020,75.0,162.8,96.0,111.2,146.6,16.3,3.67,62.6,55.3,6.27,20.19,8.96,197.6,Very Poor
01-01-2021,348.0,245.8,93.8,141.3,178.9,49.6,8.44,2.8,73.0,4.81,14.77,8.72,30.0,Severe
02-01-2021,346.2,548.9,198.7,125.9,202.1,39.3,8.62,72.8,73.7,1.95,5.63,8.74,34.5,Very Poor
03-01-2021,30.0,414.8,48.0,36.3,190.5,7.6,7.23,83.0,123.1,0.79,20.73,8.11,105.5,Good
04-01-2021,424.1,222.4,101.9,100.8,209.0,9.1,4.32,11.6,29.5,10.68,5.02,9.9,297.4,Moderate
05-01-2021,399.7,182.5,123.0,106.5,55.7,22.2,1.14,3.5,99.6,8.53,3.52,5.81,183.1,Poor
06-01-2021,17.4,572.2,57.4,72.4,236.1,3.8,2.83,88.2,134.6,11.48,16.35,5.05,108.5,Poor
07-01-2021,259.1,482.4,182.3,67.1,55.5,41.8,9.7,35.4,143.9,1.87,10.13,7.73,178.4,Satisfactory
08-01-2021,434.8,57.2,103.4,106.9,53.6,34.2,9.83,1.9,177.5,3.93,6.23,3.9,53.0,Satisfactory
09-01-2021,22.6,140.8,97.7,75.3,124.6,30.0,8.61,22.7,26.1,16.58,15.86,2.36,492.7,Good
10-01-2021,498.5,199.5,120.0,89.7,79.6,24.5,3.88,46.0,195.7,0.07,25.9,5.74,134.3,Moderate
11-01-2021,297.8,109.8,197.1,8.2,221.8,41.3,0.84,16.1,160.9,5.83,4.2,2.92,143.9,Moderate
12-01-2021,68.5,541.9,85.3,120.7,9.0,15.8,6.53,42.7,161.4,16.8,10.77,3.33,107.0,Good
13-01-2021,396.3,434.3,72.3,102.5,71.4,31.1,5.28,48.4,96.6,13.82,2.61,6.18,48.4,Severe
14-01-2021,141.1,47.6,49.7,14.5,65.3,14.0,6.61,82.3,97.2,19.45,7.55,6.73,213.8,Severe
15-01-2021,472.7,155.1,174.4,141.8,95.3,35.0,0.75,49.7,10.0,7.09,16.04,8.89,73.5,Moderate
16-01-2021,0.6,565.0,36.4,139.6,81.5,26.0,5.31,14.7,71.3,8.2,1.94,1.19,224.5,Very Poor
17-01-2021,268.1,54.3,24.5,145.8,215.7,13.1,0.98,77.2,98.2,15.34,3.82,4.65,268.3,Good
18-01-2021,479.6,482.6,138.0,85.8,94.2,45.7,8.55,2.1,133.8,8.53,28.74,5.06,202.2,Satisfactory
19-01-2021,355.1,317.4,117.0,57.4,126.1,28.0,7.67,46.5,84.1,17.94,18.54,9.48,48.7,Good
20-01-2021,344.2,385.4,66.8,136.0,150.7,27.9,1.17,99.9,131.8,17.57,8.33,0.47,450.3,Poor
21-01-2021,140.5,164.4,10.6,65.1,245.2,3.4,8.12,48.8,110.8,1.83,4.45,1.75,271.8,Severe
22-01-2021,412.6,418.1,115.3,143.9,152.9,4.2,2.74,61.7,51.8,19.68,14.33,1.74,265.6,Good
23-01-2021,41.2,266.8,1.5,131.2,90.2,26.4,6.39,83.6,69.4,19.64,14.74,3.79,0.4,Satisfactory
24-01-2021,87.5,100.8,194.1,85.5,97.8,19.3,2.48,80.0,36.5,0.47,27.24,7.95,469.6,Good
25-01-2021,444.4,203.4,94.0,74.3,160.3,30.0,6.45,48.7,35.7,19.88,17.02,2.75,45.0,Good
26-01-2021,343.2,384.9,190.7,132.5,71.0,41.2,8.79,44.6,177.9,2.45,29.3,3.96,416.6,Poor
27-01-2021,9.4,555.7,185.8,133.7,128.1,19.3,6.43,57.5,187.9,15.46,11.99,8.56,392.2,Very Poor
28-01-2021,220.7,542.5,173.7,99.6,33.8,42.4,2.78,11.0,186.7,16.59,24.87,0.96,73.9,Severe
29-01-2021,13.0,301.2,98.0,65.0,145.6,29.2,8.35,13.6,8.2,11.32,27.93,9.36,172.9,Poor
30-01-2021,369.5,390.2,78.8,91.1,232.7,4.7,1.48,83.8,146.8,7.8,26.5,4.55,7.9,Satisfactory
31-01-2021,274.6,55.3,157.9,46.3,149.2,15.2,0.86,15.1,26.9,4.25,16.9,8.82,241.4,Moderate
01-02-2021,462.9,530.5,115.6,72.0,18.5,45.9,3.92,55.3,20.0,16.13,18.02,5.16,361.8,Satisfactory
02-02-2021,180.8,353.9,47.8,31.1,162.3,22.9,9.93,69.3,20.7,10.28,21.5,1.37,413.8,Moderate
03-02-2021,14.5,489.8,89.4,69.8,46.8,11.2,6.54,24.5,124.6,13.45,3.63,2.37,107.8,Severe
04-02-2021,180.6,548.9,50.5,55.6,215.6,1.8,8.48,76.2,10.5,2.9,17.88,3.69,104.8,Severe
05-02-2021,249.4,307.8,130.9,109.4,199.5,30.2,4.93,41.4,65.9,10.28,11.65,0.98,217.8,Moderate
06-02-2021,326.8,350.1,98.5,47.5,233.7,39.6,3.43,66.4,169.1,6.06,23.26,0.09,52.7,Poor
07-02-2021,349.7,192.2,138.0,13.8,72.9,40.2,5.01,87.6,121.8,14.28,13.39,8.98,301.3,Very Poor
08-02-2021,274.6,417.5,57.2,10.9,46.6,36.1,8.21,97.0,197.3,5.61,2.84,3.26,240.7,Moderate
09-02-2021,446.3,285.1,120.9,101.2,231.9,14.4,6.47,25.5,81.6,16.89,23.79,3.26,428.5,Good
10-02-2021,47.5,20.8,192.3,39.8,136.2,33.1,2.57,10.8,2.0,6.5,25.58,9.78,288.7,Satisfactory
11-02-2021,4.1,549.9,6.5,22.6,182.1,43.5,8.06,78.9,106.8,5.28,21.73,0.86,348.4,Severe
12-02-2021,372.5,378.2,18.7,108.0,15.5,14.3,0.35,4.3,17.9,15.33,8.96,3.05,278.8,Moderate
13-02-2021,382.6,451.3,85.5,84.8,117.5,43.3,9.1,98.5,61.2,3.38,1.81,7.54,241.9,Good
14-02-2021,50.3,74.1,21.3,30.4,179.7,46.8,4.18,17.4,74.2,17.52,8.57,8.09,254.2,Poor
15-02-2021,278.4,485.5,42.3,37.3,173.5,35.6,0.56,34.7,193.9,10.83,15.87,2.44,19.5,Severe
16-02-2021,282.7,208.5,177.2,116.4,63.9,28.4,1.2,52.1,46.9,2.19,15.51,6.28,100.8,Good
17-02-2021,272.8,56.5,109.9,58.7,182.8,46.4,6.41,57.2,177.1,9.03,3.65,4.01,34.0,Severe
18-02-2021,129.8,80.5,56.6,43.2,97.6,35.4,7.18,63.4,89.5,3.54,13.57,6.41,481.2,Severe
19-02-2021,301.5,96.7,193.6,137.5,171.7,36.8,2.93,67.7,36.0,2.36,14.12,8.61,297.6,Moderate
20-02-2021,107.8,372.5,175.5,126.3,76.8,46.8,5.73,19.5,101.5,11.07,6.05,0.03,230.8,Good
21-02-2021,428.5,86.3,179.8,6.2,56.2,48.6,7.77,12.0,157.4,12.77,0.1,1.12,409.5,Good
22-02-2021,388.8,19.2,183.6,85.9,149.1,24.0,1.43,72.0,109.8,1.99,7.15,2.88,338.0,Good
23-02-2021,119.2,522.2,97.0,147.9,67.4,37.7,9.04,51.8,99.3,11.73,12.82,0.78,305.7,Good
24-02-2021,17.4,327.2,166.3,104.5,241.1,29.8,0.13,81.5,22.6,2.82,8.64,8.72,291.6,Poor
25-02-2021,123.4,237.5,177.8,21.8,4.1,15.5,5.41,40.3,163.4,7.77,22.28,4.35,255.8,Moderate
26-02-2021,468.8,38.3,96.6,141.1,107.5,36.5,6.78,45.9,191.0,14.9,1.94,5.77,367.4,Good
27-02-2021,80.7,246.6,75.6,111.2,154.2,14.0,7.72,48.8,86.9,17.34,8.95,8.2,30.6,Very Poor
28-02-2021,132.3,378.0,179.4,56.6,108.6,38.4,4.23,52.4,195.4,3.42,19.03,6.66,489.3,Moderate
01-03-2021,482.4,37.4,141.1,137.1,171.7,41.6,4.57,34.8,64.9,12.61,18.29,6.58,467.2,Severe
02-03-2021,164.0,255.6,194.9,73.7,217.2,11.9,3.85,41.7,29.3,15.45,29.04,3.98,328.8,Satisfactory
03-03-2021,450.2,178.3,1.9,28.1,55.7,3.1,3.68,81.3,35.2,3.54,16.72,5.43,172.9,Good
04-03-2021,10.1,136.8,56.3,149.1,170.3,49.6,5.18,76.1,127.0,11.2,3.66,2.84,270.3,Severe
05-03-2021,215.7,205.0,127.9,117.9,218.3,45.1,3.11,65.4,61.7,19.95,4.74,6.26,262.3,Poor
06-03-2021,242.6,50.9,128.0,108.6,74.4,42.1,6.42,0.5,136.3,10.94,12.64,5.48,130.3,Very Poor
07-03-2021,71.6,140.0,171.3,100.4,77.2,17.5,2.54,60.1,43.3,2.82,14.85,9.31,478.0,Satisfactory
08-03-2021,380.1,355.7,191.5,31.8,196.7,39.6,7.75,55.5,20.1,9.93,29.3,0.3,170.9,Satisfactory
09-03-2021,393.8,510.8,100.5,33.1,82.9,32.5,6.18,40.0,155.7,9.87,20.87,3.51,491.5,Good
10-03-2021,283.8,321.2,54.0,57.8,62.0,40.6,4.17,74.0,163.8,18.05,1.11,6.29,246.5,Very Poor
11-03-2021,440.9,47.8,103.3,4.1,137.8,12.4,5.87,14.9,86.1,15.51,1.34,2.62,8.3,Satisfactory
12-03-2021,403.1,370.2,176.1,98.6,82.0,42.1,5.98,95.4,14.7,9.42,6.89,6.87,324.5,Satisfactory
13-03-2021,299.1,455.4,197.6,106.6,73.4,43.2,2.14,40.4,19.0,12.46,24.53,2.71,425.8,Severe
14-03-2021,196.3,338.1,70.2,35.6,204.1,48.2,7.3,16.7,165.5,15.75,23.65,8.49,461.1,Poor
15-03-2021,434.2,324.0,3.1,101.0,28.2,24.7,5.29,11.8,114.9,3.06,22.59,8.38,240.8,Very Poor
16-03-2021,163.5,586.8,130.4,133.6,87.6,31.3,9.37,9.8,143.9,6.78,16.84,1.11,0.8,Moderate
17-03-2021,129.6,144.1,130.2,132.5,163.5,38.0,0.73,90.4,22.6,1.14,0.13,7.44,133.5,Good
18-03-2021,20.6,14.8,91.8,92.9,108.3,8.9,0.81,100.0,75.8,18.39,25.31,9.92,176.2,Satisfactory
19-03-2021,230.1,136.1,81.3,4.0,75.3,30.8,2.13,2.8,86.0,16.05,17.34,9.19,448.6,Severe
20-03-2021,325.9,281.3,131.8,94.8,153.4,41.6,1.59,20.7,141.7,1.29,27.65,9.05,356.9,Severe
21-03-2021,430.3,210.2,196.4,81.3,90.6,15.3,3.28,20.9,169.8,11.81,19.93,3.39,491.2,Moderate
22-03-2021,308.9,140.2,195.9,19.4,164.4,34.0,5.53,29.0,103.6,13.82,24.74,7.31,299.6,Satisfactory
23-03-2021,376.3,539.7,143.0,104.0,19.5,39.2,4.21,64.7,18.5,0.52,22.6,0.34,278.0,Good
24-03-2021,135.9,369.3,125.7,77.3,144.9,24.6,3.42,38.6,160.4,1.67,17.7,7.53,119.6,Moderate
25-03-2021,44.7,214.5,129.9,62.5,80.0,34.3,2.02,65.1,166.6,14.61,27.33,3.37,387.4,Satisfactory
26-03-2021,17.9,25.5,56.9,120.3,0.2,0.1,6.29,77.0,138.2,17.35,27.29,5.34,220.3,Poor
27-03-2021,401.4,161.9,91.5,92.2,44.3,13.5,7.81,97.4,150.1,18.92,5.32,1.38,454.2,Satisfactory
28-03-2021,446.3,46.7,132.7,133.7,28.4,30.4,0.32,28.5,2.2,7.28,4.63,7.52,328.4,Severe
29-03-2021,178.9,144.2,17.2,135.0,87.5,30.1,4.63,2.8,35.2,16.02,27.89,0.14,177.6,Very Poor
30-03-2021,297.9,116.6,71.9,36.1,95.1,42.3,1.98,65.4,31.2,15.7,22.89,1.09,94.2,Severe
31-03-2021,499.0,80.6,77.2,6.8,96.3,3.3,3.68,53.5,194.7,2.06,28.93,5.36,280.2,Moderate
01-04-2021,350.8,433.6,23.4,22.2,85.3,28.7,0.69,87.5,119.9,9.68,28.69,2.68,185.0,Severe
02-04-2021,240.2,560.8,6.7,12.0,151.8,27.4,6.92,18.7,180.4,0.65,23.78,8.21,146.5,Good
03-04-2021,277.2,369.3,194.7,116.0,148.2,48.7,6.85,4.8,196.2,11.12,23.7,0.97,310.6,Severe
04-04-2021,217.5,332.1,70.2,23.6,89.4,7.2,2.37,83.0,19.6,13.05,23.55,1.59,165.0,Poor
05-04-2021,404.9,328.4,84.4,79.2,26.7,24.7,1.98,4.2,41.2,16.54,8.5,9.32,491.9,Very Poor
06-04-2021,189.6,80.9,4.2,85.6,158.4,36.4,4.18,24.0,144.7,11.39,3.57,9.99,472.9,Good
07-04-2021,75.9,80.9,14.9,18.7,93.0,40.5,4.89,43.2,190.1,9.55,28.66,6.74,299.4,Very Poor
08-04-2021,279.1,297.6,198.5,75.9,77.4,43.8,9.65,87.0,81.8,10.54,6.61,8.99,386.6,Good
09-04-2021,272.4,417.7,179.9,13.3,138.6,28.3,1.98,80.1,91.3,11.09,17.59,9.95,209.9,Very Poor
10-04-2021,494.5,265.5,184.9,60.7,58.9,33.9,9.5,91.3,23.7,2.82,18.09,9.45,458.4,Poor
11-04-2021,459.6,519.6,19.4,89.7,186.7,17.2,2.42,82.1,48.3,10.85,17.71,2.51,131.9,Good
12-04-2021,240.8,19.6,84.5,147.3,29.5,8.3,8.29,27.4,107.7,1.13,2.0,6.04,152.3,Very Poor
13-04-2021,25.5,308.0,190.4,85.9,126.8,1.2,8.84,84.1,61.9,3.47,26.94,8.66,364.3,Good
14-04-2021,465.5,254.6,29.2,72.5,126.7,28.9,3.73,73.6,155.0,10.1,29.75,1.46,381.3,Satisfactory
15-04-2021,393.7,157.2,31.4,9.2,55.4,31.1,4.44,97.0,132.8,16.71,29.66,6.34,186.1,Severe
16-04-2021,407.1,329.8,198.9,52.1,189.5,26.1,4.05,35.2,122.4,3.29,8.97,8.41,244.4,Good
17-04-2021,334.3,434.5,3.0,138.8,203.1,22.5,2.99,44.4,137.7,11.56,5.71,6.63,281.6,Satisfactory
18-04-2021,69.8,123.1,158.6,119.2,165.8,7.6,3.71,4.8,184.2,9.54,4.49,5.85,244.3,Good
19-04-2021,305.2,164.1,132.0,140.3,116.5,19.5,0.14,82.5,44.3,18.86,25.73,9.91,376.4,Moderate
20-04-2021,87.3,316.2,172.4,48.3,58.5,21.7,3.14,62.3,66.1,12.05,28.19,4.67,218.2,Very Poor
21-04-2021,207.0,72.6,146.3,99.0,106.5,16.8,6.25,38.6,187.7,5.44,5.56,5.65,147.0,Good
22-04-2021,79.4,409.6,179.4,144.9,44.8,5.9,0.06,88.2,178.6,18.79,9.79,7.03,243.7,Severe
23-04-2021,430.5,505.1,118.1,121.3,216.2,0.5,8.23,0.5,150.5,16.57,7.74,9.85,82.3,Very Poor
24-04-2021,280.0,428.0,2.3,17.5,54.0,25.3,6.83,38.1,181.8,17.04,5.89,4.68,478.0,Satisfactory
25-04-2021,229.9,497.2,0.4,15.1,39.2,22.9,4.72,6.2,46.2,13.85,21.59,7.11,49.1,Satisfactory
26-04-2021,418.5,546.9,24.7,18.7,21.3,26.0,2.45,64.9,186.3,13.59,16.24,4.13,183.5,Satisfactory
27-04-2021,287.7,297.0,97.2,75.0,196.7,7.4,10.0,27.2,199.6,15.35,7.87,7.26,51.6,Satisfactory
28-04-2021,54.9,468.3,21.0,3.1,93.0,7.6,9.29,34.1,46.8,19.46,27.65,4.23,445.2,Poor
29-04-2021,158.2,404.6,74.8,83.4,244.5,16.7,1.11,82.8,195.5,6.97,9.94,9.01,50.1,Satisfactory
30-04-2021,45.0,339.0,16.3,25.2,46.4,10.0,9.53,98.0,2.2,5.26,9.98,7.84,87.9,Severe
01-05-2021,165.8,375.7,140.9,41.8,14.3,20.6,2.11,41.4,149.0,12.89,4.14,6.68,49.4,Severe
02-05-2021,59.1,309.3,130.6,78.0,74.2,24.3,5.27,61.9,16.8,8.66,12.1,1.66,193.7,Moderate
03-05-2021,360.2,554.3,48.7,66.9,17.6,7.9,0.56,14.5,165.8,8.3,6.87,3.46,385.6,Good
04-05-2021,140.2,440.7,79.7,45.7,161.0,47.6,4.49,74.6,119.8,4.38,2.05,8.68,235.9,Moderate
05-05-2021,366.2,69.5,44.8,70.9,131.6,43.7,9.25,95.5,149.6,4.69,5.45,2.76,286.2,Good
06-05-2021,338.8,310.3,40.7,27.8,56.9,42.9,9.39,58.0,148.4,18.17,7.27,1.94,166.7,Severe
07-05-2021,19.6,168.9,45.4,81.9,246.9,26.7,1.8,62.6,194.8,6.22,15.6,3.14,237.8,Satisfactory
08-05-2021,106.3,404.2,75.0,132.8,14.9,9.7,7.51,21.5,111.1,3.57,29.6,6.33,252.4,Moderate
09-05-2021,408.8,51.5,136.6,97.1,184.6,37.0,3.82,6.5,58.0,16.94,20.5,7.83,187.9,Moderate
10-05-2021,256.1,412.6,192.8,118.1,173.2,6.9,9.45,91.5,50.8,15.97,20.99,4.57,3.3,Poor
11-05-2021,288.7,414.1,51.0,6.3,42.6,49.8,4.32,76.2,82.0,12.2,7.35,6.57,498.1,Moderate
12-05-2021,452.1,574.7,195.3,107.4,219.9,7.6,5.29,6.8,9.3,7.93,13.09,3.09,134.1,Moderate
13-05-2021,482.6,533.9,163.9,109.1,74.6,31.6,3.54,73.6,31.1,7.0,0.99,3.67,488.6,Severe
14-05-2021,319.2,147.9,108.4,43.7,86.1,2.5,0.23,26.8,1.1,3.92,20.81,4.59,263.4,Satisfactory
15-05-2021,456.5,73.9,187.3,94.2,248.2,28.1,6.18,96.5,34.5,13.17,9.93,7.85,493.9,Moderate
16-05-2021,196.8,346.8,121.3,5.7,148.1,6.4,7.86,95.8,81.4,5.9,2.1,5.57,142.9,Satisfactory
17-05-2021,127.0,492.4,6.3,3.5,142.6,33.8,9.78,66.9,94.0,11.0,10.11,4.46,107.1,Severe
18-05-2021,381.9,363.8,24.2,103.8,84.0,30.5,5.03,35.2,4.5,16.81,6.82,6.92,90.8,Very Poor
19-05-2021,381.1,353.5,152.1,91.6,147.4,47.9,8.74,0.9,129.0,18.73,0.8,8.29,107.3,Severe
20-05-2021,258.3,142.0,147.8,140.5,11.4,23.4,9.25,5.8,21.5,13.94,21.31,1.56,176.9,Severe
21-05-2021,95.1,437.9,190.5,149.1,4.9,17.9,6.89,52.1,16.9,18.6,18.97,9.42,471.1,Severe
22-05-2021,186.5,488.8,142.1,85.3,138.1,36.7,9.13,4.1,196.0,14.67,17.02,8.18,297.6,Severe
23-05-2021,260.0,125.6,112.8,92.9,161.4,19.3,4.18,18.4,185.8,2.95,12.46,5.27,37.1,Good
24-05-2021,374.6,2.6,55.0,139.9,50.1,46.9,0.38,58.9,27.7,12.37,24.58,6.5,37.1,Poor
25-05-2021,437.1,497.5,155.6,24.2,47.4,42.8,7.28,15.8,58.4,12.79,16.24,3.46,227.0,Severe
26-05-2021,475.1,547.6,63.3,114.5,93.0,49.9,9.98,90.2,188.8,11.73,19.81,3.37,235.6,Satisfactory
27-05-2021,76.4,96.4,127.1,116.2,205.6,46.0,0.95,90.5,5.7,1.67,10.15,2.56,411.3,Good
28-05-2021,317.4,74.2,43.1,143.6,189.5,31.5,0.89,61.2,146.3,9.85,22.17,2.63,218.1,Poor
29-05-2021,324.2,488.7,94.6,7.0,94.9,41.8,1.66,21.8,177.4,14.79,26.73,7.61,145.8,Severe
30-05-2021,370.6,243.5,29.7,43.7,99.3,34.6,7.58,61.4,133.4,19.82,4.81,7.4,27.7,Good
31-05-2021,266.9,216.1,87.2,98.5,113.4,35.9,7.15,42.8,25.8,9.97,16.7,1.43,38.8,Poor
01-06-2021,463.2,554.0,11.9,73.7,210.2,30.1,9.97,4.7,165.2,1.19,6.07,1.79,286.5,Very Poor
02-06-2021,459.8,107.4,55.0,37.8,216.9,42.0,7.49,54.7,0.4,18.77,0.33,9.25,66.9,Poor
03-06-2021,286.1,323.8,86.1,1.1,180.5,49.9,4.58,77.1,137.3,16.8,11.44,1.59,361.4,Satisfactory
04-06-2021,216.2,142.4,104.2,145.3,55.3,0.5,1.57,53.2,136.1,12.8,12.78,6.02,142.6,Poor
05-06-2021,494.8,483.4,137.3,91.9,250.0,12.8,6.92,41.0,122.1,0.86,27.71,0.8,241.5,Severe
06-06-2021,204.4,304.0,68.4,123.0,195.0,17.7,2.81,40.9,36.4,18.67,4.65,2.92,74.9,Severe
07-06-2021,3.4,550.0,103.3,18.7,222.4,48.4,1.91,89.5,13.5,5.3,19.8,1.93,147.6,Good
08-06-2021,109.9,518.9,49.7,144.3,101.1,14.9,6.78,57.8,191.7,6.89,28.59,8.22,335.6,Poor
09-06-2021,62.9,285.0,189.0,10.5,217.6,35.2,6.03,88.1,165.8,0.84,23.59,1.45,489.0,Satisfactory
10-06-2021,347.0,515.5,130.9,136.7,209.8,20.4,4.54,32.3,172.0,6.49,4.6,0.96,295.8,Satisfactory
11-06-2021,72.1,178.8,31.8,128.1,101.7,21.7,9.17,81.8,163.7,12.54,22.16,0.79,263.5,Severe
12-06-2021,26.7,159.7,198.3,7.3,54.3,26.5,2.37,24.4,166.1,6.3,12.99,1.84,388.3,Good
13-06-2021,85.6,391.3,3.3,2.3,154.6,23.3,5.51,2.0,199.5,7.36,22.35,1.37,122.8,Moderate
14-06-2021,498.1,9.4,178.9,120.4,226.0,48.1,8.55,77.2,81.3,8.37,24.27,3.41,356.3,Good
15-06-2021,467.5,493.4,102.6,53.7,121.2,1.6,6.66,4.5,48.0,4.5,22.65,4.78,165.8,Severe
16-06-2021,458.2,60.1,101.0,48.7,136.5,20.1,3.8,50.5,185.0,2.45,19.45,5.47,316.6,Severe
17-06-2021,144.9,88.3,78.0,15.5,37.2,23.5,2.88,32.9,124.9,2.59,3.17,9.78,172.0,Poor
18-06-2021,92.5,245.9,158.8,4.3,87.8,48.9,8.75,68.3,167.6,4.04,25.51,9.97,128.9,Very Poor
19-06-2021,443.3,413.2,152.6,104.3,85.9,45.1,4.29,55.7,108.8,19.66,2.24,7.88,351.5,Very Poor
20-06-2021,234.3,86.6,72.6,99.6,3.5,8.6,9.42,55.7,95.5,10.61,14.86,3.58,221.7,Poor
21-06-2021,376.7,358.9,24.2,142.8,208.0,22.2,4.09,76.0,157.3,7.8,4.38,9.74,368.1,Poor
22-06-2021,446.7,50.2,59.9,20.5,186.6,3.1,8.58,77.2,132.5,16.49,23.39,3.56,394.7,Good
23-06-2021,487.8,70.3,83.1,14.9,90.4,22.5,6.48,66.0,61.9,1.03,20.45,6.97,177.7,Satisfactory
24-06-2021,483.3,147.5,3.0,21.7,172.0,0.4,9.55,2.9,32.7,14.41,7.03,1.26,250.9,Severe
25-06-2021,386.2,326.4,39.3,19.8,225.1,10.6,9.45,77.0,1.4,9.7,4.85,1.4,130.3,Moderate
26-06-2021,187.6,575.6,6.3,57.0,188.7,24.3,5.16,64.8,165.0,0.23,18.93,3.96,440.4,Moderate
27-06-2021,373.5,503.3,180.3,43.4,76.9,7.4,7.02,34.3,92.0,15.65,24.12,9.9,28.5,Satisfactory
28-06-2021,355.5,432.4,20.8,39.8,76.7,31.2,0.78,83.4,94.8,18.18,12.98,9.88,206.7,Satisfactory
29-06-2021,149.4,549.0,150.7,26.1,45.4,42.4,7.32,60.3,77.7,10.75,11.87,0.85,2.0,Satisfactory
30-06-2021,357.1,102.2,125.4,99.9,183.5,18.3,5.22,88.7,142.6,8.6,28.39,8.91,248.2,Severe
01-07-2021,5.5,439.4,77.2,73.3,64.8,41.8,3.51,58.8,137.8,5.19,7.14,0.83,233.1,Good
02-07-2021,4.2,84.4,141.1,78.3,172.0,49.2,4.68,9.6,45.9,12.66,27.98,2.63,321.4,Very Poor
03-07-2021,140.4,115.8,93.3,82.7,157.1,7.6,3.43,99.9,128.3,3.44,2.9,1.01,236.7,Satisfactory
04-07-2021,46.0,343.2,182.1,40.9,64.4,8.3,1.01,5.7,88.6,17.18,13.55,7.75,21.7,Good
05-07-2021,303.4,312.4,63.1,126.3,4.0,45.4,9.46,13.5,100.1,0.07,24.99,6.32,371.1,Satisfactory
06-07-2021,440.7,113.5,33.5,23.8,75.5,11.0,8.94,83.2,13.3,14.01,7.13,1.63,389.4,Severe
07-07-2021,73.1,32.4,1.6,51.3,233.2,24.3,1.47,98.2,119.9,13.37,3.36,1.58,280.7,Good
08-07-2021,104.6,436.7,21.1,128.1,97.9,0.0,1.52,22.5,109.2,9.15,7.38,9.71,179.4,Satisfactory
09-07-2021,382.6,104.9,21.3,84.4,110.0,23.5,7.94,86.8,131.1,13.55,2.75,2.8,318.3,Very Poor
10-07-2021,87.2,392.3,192.6,131.6,192.3,25.0,2.43,10.2,80.7,18.15,13.66,8.59,409.9,Poor
11-07-2021,441.5,75.8,125.9,40.8,216.8,19.1,8.5,16.4,16.4,18.8,27.15,7.48,404.2,Good
12-07-2021,252.6,143.9,132.5,76.3,208.9,17.7,3.91,30.9,168.3,15.04,22.62,5.09,96.0,Poor
13-07-2021,323.8,299.9,38.7,117.9,103.9,49.2,7.98,95.5,6.3,19.22,14.25,7.43,74.3,Good
14-07-2021,108.7,455.4,5.1,31.5,45.8,8.2,1.42,18.4,113.3,0.54,11.66,9.77,132.1,Moderate
15-07-2021,387.9,104.4,196.6,13.8,32.6,6.1,9.01,2.6,3.0,17.43,12.89,2.53,58.3,Poor
16-07-2021,109.4,362.7,121.5,28.0,161.4,37.2,8.37,93.1,180.6,0.11,3.66,8.58,461.9,Good
17-07-2021,6.8,231.7,16.2,71.8,17.6,44.2,2.38,96.4,107.9,19.05,29.7,3.23,159.0,Poor
18-07-2021,238.8,554.9,110.4,148.3,175.5,38.7,6.14,86.1,69.5,2.09,23.09,9.14,211.8,Good
19-07-2021,373.9,361.9,131.0,50.4,28.0,25.8,8.07,99.5,93.6,5.91,3.65,3.75,470.2,Satisfactory
20-07-2021,83.5,77.6,136.2,119.9,48.2,9.9,8.97,27.5,118.2,4.86,28.84,6.58,402.5,Good
21-07-2021,448.3,450.1,18.7,119.7,194.6,9.8,0.73,3.6,155.9,12.91,25.0,3.72,406.5,Good
22-07-2021,236.4,141.8,47.1,34.0,147.4,5.2,7.35,79.0,6.4,1.4,10.77,9.24,365.8,Satisfactory
23-07-2021,0.2,328.2,166.4,40.9,70.8,44.9,0.45,9.1,110.1,9.84,10.72,8.75,430.2,Good
24-07-2021,241.5,203.4,100.5,16.8,180.2,36.4,8.73,45.4,25.6,9.14,19.45,3.64,461.7,Severe
25-07-2021,168.8,251.4,19.1,78.7,32.8,4.3,2.85,81.7,45.9,6.14,14.97,6.44,101.0,Very Poor
26-07-2021,67.8,446.7,10.9,95.7,48.5,9.9,4.45,22.7,36.4,0.9,0.84,1.69,499.4,Severe
27-07-2021,494.4,278.0,110.0,83.3,246.6,35.9,8.81,20.8,118.4,7.54,4.24,7.04,429.5,Poor
28-07-2021,429.1,266.8,181.6,129.0,226.1,39.0,8.05,22.4,131.3,2.18,4.71,2.44,303.3,Moderate
29-07-2021,262.1,261.2,77.5,24.2,23.7,20.8,2.05,86.2,185.2,15.02,24.25,2.79,36.4,Good
30-07-2021,387.8,301.6,171.3,121.6,173.4,5.0,3.49,70.9,23.9,13.66,7.41,1.13,239.4,Satisfactory
31-07-2021,240.6,34.7,1.6,143.3,71.6,21.1,7.3,84.8,162.2,19.97,12.02,6.94,248.4,Good
01-08-2021,139.8,321.6,37.7,2.9,140.4,42.6,7.14,83.9,158.3,19.6,9.33,3.34,216.1,Satisfactory
02-08-2021,80.1,579.8,39.8,27.0,147.8,45.0,8.35,54.5,84.6,4.14,26.06,3.81,232.7,Moderate
03-08-2021,278.6,11.9,74.4,63.1,47.0,24.0,9.71,40.2,18.0,0.24,25.88,6.93,352.8,Good
04-08-2021,243.9,402.8,66.5,129.6,105.2,23.3,0.04,82.5,77.5,18.66,17.65,9.7,19.0,Severe
05-08-2021,31.2,149.2,176.2,34.1,30.0,44.1,7.61,70.6,178.2,10.62,1.17,1.92,98.8,Very Poor
06-08-2021,101.2,338.3,165.3,102.9,166.6,2.8,2.31,63.9,96.4,6.22,18.65,0.06,418.1,Severe
07-08-2021,381.3,454.3,116.7,106.2,157.9,13.1,5.46,81.5,148.5,3.63,12.71,7.32,453.9,Poor
08-08-2021,468.6,146.5,155.0,128.3,160.8,22.8,5.29,12.8,27.6,1.79,14.73,2.23,453.2,Poor
09-08-2021,111.5,490.6,57.9,123.0,49.2,25.0,1.29,35.6,143.2,4.13,13.53,9.63,405.4,Severe
10-08-2021,15.6,160.9,2.2,7.7,125.8,48.1,2.42,99.5,168.9,11.27,18.41,1.48,474.5,Moderate
11-08-2021,273.0,103.2,91.9,96.1,89.0,22.5,8.27,58.7,58.4,3.88,15.34,2.47,490.4,Good
12-08-2021,181.5,213.9,40.0,86.9,32.4,29.6,0.35,91.8,152.9,18.64,29.92,8.42,460.5,Moderate
13-08-2021,211.8,240.9,127.8,119.1,246.1,18.7,8.84,7.4,167.8,1.34,1.27,8.97,224.8,Moderate
14-08-2021,144.3,474.6,168.7,44.5,69.9,24.9,4.96,84.0,102.4,3.32,12.34,6.06,337.3,Severe
15-08-2021,219.9,449.9,178.1,78.3,170.0,22.2,8.07,65.3,90.6,11.3,14.84,7.93,57.1,Very Poor
16-08-2021,391.6,195.8,5.6,116.4,34.7,12.1,7.84,65.7,61.7,0.19,26.21,8.86,447.5,Very Poor
17-08-2021,59.7,378.1,116.8,85.7,205.0,47.9,1.98,71.8,147.0,5.42,8.99,1.56,177.5,Poor
18-08-2021,14.6,1.7,37.9,1.2,2.6,5.7,3.87,80.8,30.8,9.79,1.62,7.38,120.0,Severe
19-08-2021,29.7,392.3,49.9,129.7,133.6,19.9,9.01,76.2,21.1,15.41,20.88,1.24,175.1,Very Poor
20-08-2021,264.2,268.8,188.0,144.1,47.7,10.4,9.45,85.7,189.7,9.77,21.13,3.35,361.3,Poor
21-08-2021,399.8,9.3,47.1,120.4,220.6,31.3,0.12,19.9,135.8,15.99,2.35,0.89,439.5,Very Poor
22-08-2021,205.7,32.0,176.9,80.1,92.0,39.5,7.69,21.0,20.4,15.12,20.76,5.63,448.9,Very Poor
23-08-2021,95.8,387.8,180.1,100.5,179.2,4.4,4.56,56.3,83.3,16.66,15.16,8.57,461.0,Severe
24-08-2021,179.6,421.7,58.5,83.3,145.9,34.4,3.42,2.3,58.9,9.58,26.57,4.71,337.3,Severe
25-08-2021,193.9,595.5,191.6,41.5,74.2,5.4,8.32,55.8,74.6,6.78,6.35,5.56,125.5,Moderate
26-08-2021,171.0,236.0,117.7,121.9,48.9,9.9,4.05,93.2,93.8,0.65,22.51,9.38,243.6,Severe
27-08-2021,114.9,591.1,76.0,31.0,125.7,22.8,2.27,14.7,168.3,1.06,16.62,0.87,121.0,Moderate
28-08-2021,278.3,87.3,56.7,44.5,138.9,44.2,5.01,93.1,14.2,0.13,0.2,1.41,196.4,Severe
29-08-2021,102.8,430.1,191.4,89.9,185.8,0.0,4.41,1.8,77.0,2.9,22.71,1.79,89.0,Moderate
30-08-2021,484.9,471.4,97.1,111.8,95.9,37.0,6.24,32.5,120.3,14.85,15.37,3.25,427.6,Moderate
31-08-2021,415.9,328.4,48.1,48.9,109.4,23.3,5.94,2.0,35.0,17.01,9.85,3.94,25.1,Severe
01-09-2021,493.4,252.2,35.4,56.2,178.3,33.5,8.78,21.0,91.0,0.56,9.72,7.48,209.6,Severe
02-09-2021,356.2,112.8,106.3,103.3,61.3,6.9,6.73,40.8,113.4,17.06,7.27,7.01,132.5,Very Poor
03-09-2021,466.2,421.8,26.7,132.3,18.0,22.3,8.31,50.2,121.5,4.81,0.22,9.15,433.1,Moderate
04-09-2021,227.4,319.1,55.2,126.0,53.9,1.2,0.18,14.4,157.1,2.73,29.5,2.61,182.3,Very Poor
05-09-2021,381.4,272.2,9.6,25.3,66.8,41.7,1.51,28.9,79.4,7.37,13.41,8.98,154.7,Severe
06-09-2021,7.3,12.7,146.1,59.9,116.6,21.5,3.86,89.0,146.4,7.53,25.5,1.35,77.8,Very Poor
07-09-2021,147.0,113.8,60.4,49.1,224.1,18.5,1.1,53.9,159.4,4.14,7.39,2.76,52.7,Good
08-09-2021,2.1,396.2,62.7,19.4,158.5,42.8,3.7,31.2,177.5,10.05,23.47,9.38,286.9,Good
09-09-2021,322.2,23.8,129.4,1.3,66.7,30.3,3.49,65.9,195.7,5.93,2.23,0.4,491.6,Severe
10-09-2021,340.0,162.4,109.3,84.3,239.4,32.9,0.51,63.7,109.0,1.61,3.58,9.3,237.9,Good
11-09-2021,436.9,544.6,146.2,29.9,86.1,40.8,4.59,80.8,61.2,7.16,14.98,8.23,192.2,Severe
12-09-2021,450.6,561.1,137.5,69.7,175.9,11.2,2.02,64.4,2.4,17.28,25.7,6.57,432.8,Severe
13-09-2021,287.6,522.3,102.8,33.1,249.0,1.5,0.44,47.6,100.6,3.84,22.09,9.26,434.6,Very Poor
14-09-2021,20.8,301.8,21.9,67.0,76.1,9.2,3.98,38.9,105.5,2.63,7.72,8.94,148.7,Moderate
15-09-2021,92.5,244.4,148.4,139.4,179.5,6.0,6.53,40.8,127.6,18.89,20.03,6.72,107.3,Satisfactory
16-09-2021,25.2,369.8,108.9,56.5,203.6,19.6,1.06,77.7,16.7,5.61,5.59,3.49,69.5,Very Poor
17-09-2021,405.6,565.1,102.9,130.0,227.6,33.9,2.09,19.5,66.8,16.47,21.9,7.37,426.3,Severe
18-09-2021,23.5,389.3,145.5,58.3,52.7,17.7,5.29,79.2,139.0,5.83,26.05,6.11,141.2,Very Poor
19-09-2021,252.2,137.2,61.5,54.0,159.5,34.3,5.2,63.1,198.4,11.65,10.9,2.16,369.7,Severe
20-09-2021,80.8,173.6,126.2,55.3,129.0,4.7,3.12,36.3,37.3,2.99,20.91,0.46,193.0,Very Poor
21-09-2021,220.6,68.2,188.4,77.8,186.9,19.3,9.13,37.9,127.3,19.32,14.7,0.24,344.3,Very Poor
22-09-2021,483.7,458.5,101.0,138.5,155.1,25.1,8.02,57.9,16.9,16.65,7.19,8.04,76.9,Satisfactory
23-09-2021,238.7,59.0,102.6,103.8,207.4,27.6,9.27,25.0,124.4,0.7,22.65,5.98,418.2,Good
24-09-2021,159.6,6.4,57.2,1.0,32.1,12.8,3.92,40.8,63.8,9.07,4.61,8.3,40.8,Poor
25-09-2021,36.8,82.9,90.2,3.7,25.3,4.7,9.34,25.0,166.6,12.81,0.16,5.64,461.3,Severe
26-09-2021,454.8,210.4,31.1,147.3,215.5,26.4,1.83,46.6,39.7,12.56,6.77,1.17,275.7,Satisfactory
27-09-2021,169.2,387.2,179.1,125.5,50.5,36.9,6.57,27.9,154.4,17.53,21.8,9.94,177.3,Moderate
28-09-2021,377.9,514.1,112.6,114.5,42.6,11.3,3.69,52.8,115.0,7.15,16.96,6.41,277.9,Satisfactory
29-09-2021,229.3,368.1,9.0,46.7,111.5,5.6,2.23,68.3,62.5,13.56,5.9,7.44,462.1,Moderate
30-09-2021,436.8,466.8,190.9,111.6,14.0,20.3,1.56,90.4,90.5,0.81,4.46,2.87,50.1,Severe
01-10-2021,355.0,131.2,163.2,81.6,129.4,35.2,0.13,37.1,160.0,16.45,18.39,2.46,86.0,Very Poor
02-10-2021,277.7,183.8,173.8,123.1,57.3,19.8,8.63,33.9,11.0,7.54,10.15,0.44,397.2,Very Poor
03-10-2021,32.5,267.2,153.0,44.5,118.3,41.0,4.02,47.9,199.4,7.5,4.64,8.27,197.0,Severe
04-10-2021,91.8,30.2,80.1,101.0,48.5,25.5,5.17,56.4,77.1,12.01,13.24,9.93,204.8,Severe
05-10-2021,222.5,481.6,13.0,47.0,231.8,13.0,8.1,21.7,160.7,18.52,4.61,2.65,191.6,Poor
06-10-2021,460.3,456.5,12.7,92.3,125.3,41.9,8.03,44.8,17.0,9.84,17.5,5.93,130.0,Poor
07-10-2021,313.0,489.1,54.4,30.3,51.7,22.1,4.62,15.0,72.9,5.83,10.43,6.89,81.1,Very Poor
08-10-2021,333.7,92.0,9.2,118.9,110.3,31.2,2.86,8.0,9.3,8.16,24.41,3.98,145.9,Very Poor
09-10-2021,331.9,411.7,39.7,71.9,41.6,17.1,4.44,3.2,155.9,7.87,18.16,1.72,369.1,Severe
10-10-2021,64.1,413.4,115.6,117.9,97.8,34.3,4.02,83.1,90.2,4.84,16.44,3.34,423.0,Good
11-10-2021,323.5,586.0,173.5,109.0,204.7,45.8,6.95,69.7,76.8,9.16,20.6,9.12,257.5,Very Poor
12-10-2021,140.5,88.8,101.2,128.3,97.5,35.8,2.1,85.9,171.7,8.66,1.13,6.23,386.6,Very Poor
13-10-2021,85.1,103.6,105.2,27.8,25.1,16.3,1.55,94.5,27.7,16.68,4.57,7.63,113.9,Good
14-10-2021,313.4,498.1,53.3,14.7,148.1,34.5,6.69,63.8,45.9,15.26,18.83,1.95,258.0,Severe
15-10-2021,274.6,396.8,10.3,54.7,17.3,18.1,5.14,39.2,10.2,17.18,18.23,3.58,403.3,Severe
16-10-2021,156.7,212.9,160.0,74.2,35.2,30.4,4.95,54.7,26.0,1.4,7.07,5.57,146.8,Satisfactory
17-10-2021,42.8,312.7,161.4,14.0,150.2,47.6,5.71,74.6,83.0,11.15,6.62,6.87,143.2,Very Poor
18-10-2021,210.6,576.8,76.4,109.5,135.0,28.7,3.85,91.8,99.5,18.29,15.54,4.23,402.1,Moderate
19-10-2021,346.6,358.2,18.9,84.1,179.5,47.0,5.68,70.1,16.9,17.31,11.78,1.3,473.8,Good
20-10-2021,195.1,568.8,103.1,119.5,239.9,34.5,6.27,59.8,139.0,4.89,26.61,6.77,354.7,Moderate
21-10-2021,344.7,103.4,56.1,132.2,53.0,34.7,9.26,50.8,95.3,3.08,19.13,7.8,179.7,Very Poor
22-10-2021,380.8,522.2,139.4,50.4,139.3,39.1,8.07,26.0,122.5,16.69,13.95,6.35,181.8,Severe
23-10-2021,446.6,381.4,132.9,126.4,113.3,45.7,8.5,0.5,189.8,13.51,2.74,1.34,9.3,Very Poor
24-10-2021,283.4,2.0,55.2,4.2,55.0,31.8,8.61,90.8,123.5,1.09,21.3,8.34,333.9,Severe
25-10-2021,432.1,79.3,134.3,48.0,51.5,24.6,2.12,50.8,138.9,5.04,17.2,2.1,189.8,Poor
26-10-2021,278.4,256.0,22.5,39.8,51.5,30.0,9.77,44.3,17.9,14.76,13.89,2.79,337.8,Good
27-10-2021,426.5,91.0,138.4,5.2,13.5,28.8,8.69,41.7,185.1,16.13,15.22,5.4,488.6,Satisfactory
28-10-2021,183.7,576.9,167.1,49.1,223.1,14.2,5.0,4.0,0.8,13.6,13.28,2.77,353.9,Very Poor
29-10-2021,62.8,542.1,172.7,145.4,230.3,29.6,4.27,12.2,164.0,6.13,24.06,7.78,226.0,Poor
30-10-2021,102.6,542.6,117.6,1.9,84.8,41.5,5.17,35.8,163.3,0.41,15.9,7.76,114.3,Severe
31-10-2021,475.4,260.5,17.8,121.1,135.5,22.4,5.38,51.1,63.1,19.82,2.49,1.73,43.2,Good
01-11-2021,123.8,261.8,147.9,34.0,13.9,39.9,4.88,7.7,138.5,15.99,26.96,8.54,337.2,Moderate
02-11-2021,115.2,492.6,40.7,125.1,228.1,4.6,0.76,53.9,84.0,19.13,11.51,2.87,18.1,Moderate
03-11-2021,115.3,484.0,5.1,136.5,150.3,25.0,5.41,20.4,157.7,19.71,27.18,0.58,61.4,Poor
04-11-2021,331.7,12.9,138.9,63.6,137.3,28.4,2.37,59.2,103.6,1.03,17.78,3.36,366.9,Very Poor
05-11-2021,412.6,261.9,190.4,33.3,218.7,39.5,7.23,5.3,64.7,1.65,9.02,2.93,347.5,Satisfactory
06-11-2021,181.9,314.5,46.1,4.6,42.5,21.3,5.12,24.3,114.4,10.92,22.91,7.52,480.1,Poor
07-11-2021,131.2,197.7,184.9,51.9,209.4,0.6,8.17,69.1,102.9,12.96,24.36,6.95,42.2,Very Poor
08-11-2021,12.0,454.9,86.7,52.7,25.1,1.5,2.28,0.9,75.9,9.17,17.72,7.27,406.2,Severe
09-11-2021,463.0,91.4,171.9,102.3,228.8,21.9,9.28,12.4,141.8,3.01,0.48,4.87,127.1,Severe
10-11-2021,427.5,13.0,168.5,142.1,225.1,28.3,8.34,71.4,161.3,8.04,15.05,4.54,455.9,Poor
11-11-2021,135.2,523.5,32.2,55.1,124.5,25.3,9.1,82.5,6.3,16.56,4.7,6.42,384.1,Poor
12-11-2021,447.4,314.1,40.2,52.6,215.9,14.6,6.72,20.2,146.8,15.86,28.96,9.65,189.3,Satisfactory
13-11-2021,407.7,470.9,61.7,94.7,151.4,28.3,2.13,80.8,4.2,6.19,5.04,1.38,54.8,Good
14-11-2021,387.7,105.7,14.9,118.6,28.7,2.4,9.65,17.8,8.5,1.75,7.87,4.73,437.3,Satisfactory
15-11-2021,87.5,361.2,61.3,83.0,231.7,1.2,2.84,71.3,101.1,15.25,28.75,5.96,83.9,Good
16-11-2021,304.1,305.9,10.1,139.6,68.2,36.2,7.2,29.6,119.7,13.27,28.65,8.23,234.5,Severe
17-11-2021,451.0,79.8,9.3,79.5,246.5,24.3,8.69,65.1,36.5,15.86,6.12,1.62,321.5,Severe
18-11-2021,339.0,370.3,143.7,105.4,234.5,7.5,7.63,83.6,8.9,2.62,14.11,0.3,154.7,Moderate
19-11-2021,48.0,477.5,136.0,81.7,240.1,21.2,7.78,28.9,29.0,5.34,11.97,1.83,324.3,Poor
20-11-2021,442.1,113.6,28.2,107.9,54.3,20.5,0.75,62.2,183.3,12.03,20.45,2.71,415.7,Poor
21-11-2021,437.6,563.0,56.2,143.5,63.4,26.4,3.49,26.4,114.4,3.9,15.48,2.26,430.8,Poor
22-11-2021,176.4,404.9,30.8,38.8,146.0,24.5,6.38,14.5,165.1,12.72,3.12,9.32,138.4,Good
23-11-2021,239.4,373.3,81.9,21.5,201.4,38.8,2.68,2.7,136.3,2.89,14.27,8.43,257.7,Satisfactory
24-11-2021,379.8,239.0,184.0,28.5,90.5,44.0,7.99,59.7,91.0,7.79,10.25,1.96,110.3,Severe
25-11-2021,11.1,503.1,152.5,87.3,151.0,27.9,1.18,94.1,154.1,10.5,4.81,8.5,410.0,Satisfactory
26-11-2021,132.6,468.5,194.5,82.6,249.7,25.6,2.35,22.2,64.9,1.52,29.37,0.23,22.3,Poor
27-11-2021,76.4,587.8,27.3,45.2,58.9,36.7,0.31,66.2,183.8,18.96,3.26,5.07,160.6,Moderate
28-11-2021,320.5,77.8,98.1,54.1,243.2,6.3,8.59,71.7,169.5,4.46,18.5,6.49,181.6,Severe
29-11-2021,435.5,113.6,37.8,65.7,207.7,48.1,1.33,66.2,2.9,11.0,20.05,8.28,76.0,Satisfactory
30-11-2021,303.9,9.6,65.1,58.9,118.8,44.9,0.78,97.9,166.7,3.92,15.4,2.43,499.7,Very Poor
01-12-2021,352.4,233.5,120.2,141.6,79.8,44.6,6.17,62.7,172.5,1.7,7.99,2.84,76.8,Very Poor
02-12-2021,463.3,283.3,174.5,16.9,90.7,3.1,3.69,38.2,152.3,14.33,28.09,4.18,36.5,Good
03-12-2021,177.2,356.8,91.2,75.7,32.4,28.8,9.51,80.6,61.4,13.63,10.25,0.11,305.8,Severe
04-12-2021,470.8,31.1,198.1,91.6,246.8,22.7,3.93,28.3,46.0,18.91,12.63,1.11,274.1,Moderate
05-12-2021,14.6,42.8,191.2,106.0,70.0,3.0,2.1,80.7,152.3,3.54,12.63,8.12,283.0,Moderate
06-12-2021,172.7,119.6,112.5,20.7,229.1,45.4,8.24,45.3,127.7,14.5,18.41,5.76,155.5,Moderate
07-12-2021,149.4,584.9,93.8,141.2,0.8,49.6,6.97,20.1,33.2,12.44,6.88,6.3,335.0,Severe
08-12-2021,110.2,123.1,188.0,18.1,233.0,2.3,7.8,3.1,40.6,10.96,24.2,7.16,448.1,Moderate
09-12-2021,304.6,34.0,160.4,92.9,110.4,28.0,0.33,21.2,37.1,11.0,2.6,6.52,319.9,Severe
10-12-2021,115.9,456.9,196.3,125.3,192.7,40.3,6.53,93.8,75.0,10.27,15.47,5.94,484.4,Satisfactory
11-12-2021,265.9,387.5,89.6,131.6,187.0,28.4,5.56,55.6,62.9,11.81,13.39,9.61,142.3,Severe
12-12-2021,180.8,406.7,56.6,28.3,60.0,21.0,6.52,95.1,29.3,1.47,25.0,2.22,125.7,Very Poor
13-12-2021,363.4,403.1,191.5,94.5,77.4,5.1,8.85,95.0,181.5,2.84,14.62,3.62,199.3,Satisfactory
14-12-2021,404.6,201.2,82.9,142.0,185.4,36.2,5.02,63.5,74.1,8.21,3.78,1.14,250.8,Poor
15-12-2021,494.8,93.4,54.2,142.7,165.6,30.3,1.0,11.1,185.2,14.99,22.39,0.33,98.0,Very Poor
16-12-2021,54.5,142.7,197.8,74.4,33.7,36.0,6.67,77.0,30.1,7.37,13.48,7.87,3.7,Satisfactory
17-12-2021,36.7,62.8,73.4,85.4,19.0,2.2,5.76,56.1,152.4,3.25,6.17,6.89,52.1,Very Poor
18-12-2021,315.1,294.9,170.3,55.5,56.6,41.6,9.05,32.5,95.5,2.91,9.44,5.41,257.8,Satisfactory
19-12-2021,316.7,208.5,132.3,114.8,81.9,18.8,6.39,63.5,47.3,11.84,24.94,8.12,356.9,Satisfactory
20-12-2021,326.4,317.1,191.4,115.5,19.3,13.5,8.1,36.0,38.2,16.24,3.23,4.68,20.0,Moderate
21-12-2021,0.9,292.1,115.5,51.2,167.7,41.9,6.25,65.1,96.0,11.93,23.83,5.97,293.4,Very Poor
22-12-2021,127.3,103.1,147.7,31.0,54.8,19.6,3.74,2.6,192.5,10.17,17.61,8.22,463.9,Moderate
23-12-2021,434.0,496.4,91.4,74.1,138.9,49.9,9.45,29.7,90.7,6.19,13.85,4.3,491.4,Very Poor
24-12-2021,430.7,413.3,56.0,108.7,90.8,42.5,5.53,80.1,63.9,19.27,13.23,6.33,11.7,Good
25-12-2021,26.8,145.7,152.1,119.1,181.9,38.4,5.23,77.5,74.0,10.84,14.42,6.0,195.9,Severe
26-12-2021,52.6,304.6,195.0,10.7,233.2,5.0,2.41,59.0,108.5,16.85,1.2,5.52,111.7,Very Poor
27-12-2021,437.0,35.1,31.1,61.7,112.4,49.0,6.43,76.3,71.8,0.5,15.25,7.66,105.8,Moderate
28-12-2021,434.1,593.9,38.6,115.2,207.4,28.5,3.4,53.5,184.1,19.29,7.52,3.5,337.2,Very Poor
29-12-2021,11.5,164.6,173.0,19.5,157.2,34.2,0.6,14.9,83.3,4.14,22.78,0.83,346.8,Poor
30-12-2021,499.7,101.5,199.2,67.0,103.0,1.8,9.47,57.3,138.3,8.93,26.54,2.99,248.0,Poor
31-12-2021,121.6,100.9,15.8,19.2,202.4,24.0,8.6,34.4,181.3,5.72,24.94,6.98,16.0,Moderate
01-01-2022,444.0,577.4,191.3,28.6,43.9,15.6,1.27,83.7,127.1,12.83,25.36,5.28,7.3,Severe
02-01-2022,321.7,185.6,39.8,147.1,40.3,32.9,3.99,0.2,98.0,17.14,2.22,3.11,200.8,Poor
03-01-2022,379.4,336.7,104.4,90.7,66.7,42.1,7.09,24.1,179.4,13.69,23.04,5.91,78.4,Moderate
04-01-2022,233.6,29.8,11.4,41.8,118.6,16.3,1.3,3.5,43.4,15.33,4.31,1.59,297.7,Poor
05-01-2022,11.6,75.8,199.0,148.6,107.2,20.5,1.95,74.5,118.4,4.94,27.85,1.59,256.8,Good
06-01-2022,425.2,577.5,74.9,144.1,76.5,46.1,5.2,88.1,76.5,13.02,2.92,3.22,155.3,Poor
07-01-2022,116.5,304.3,12.0,106.9,141.5,41.2,2.08,2.7,141.6,7.53,29.77,9.56,25.0,Moderate
08-01-2022,93.4,568.9,106.7,132.1,223.1,21.9,4.32,19.9,164.2,7.72,22.85,1.06,410.8,Satisfactory
09-01-2022,207.2,257.6,113.0,79.5,97.2,38.2,7.14,35.9,54.5,16.75,20.09,8.53,301.3,Poor
10-01-2022,98.1,8.1,131.8,98.2,191.3,19.5,4.19,17.4,111.2,6.66,15.52,3.54,391.6,Good
11-01-2022,290.8,178.2,29.0,24.9,182.6,37.7,6.41,71.5,137.2,10.42,14.68,1.15,382.2,Very Poor
12-01-2022,104.8,358.5,182.7,19.6,197.6,12.1,4.7,54.8,5.5,6.18,21.66,7.13,274.8,Moderate
13-01-2022,356.6,387.7,121.5,142.9,184.1,38.7,3.15,71.7,71.9,14.59,29.72,9.33,492.1,Poor
14-01-2022,80.5,585.9,129.5,45.6,219.8,40.4,9.38,91.3,48.0,16.06,1.35,2.44,439.3,Good
15-01-2022,187.3,426.0,139.2,76.2,133.2,25.4,3.51,27.5,94.2,3.28,4.39,6.21,143.5,Good
16-01-2022,134.3,534.5,85.6,72.1,227.4,11.9,4.94,88.0,172.7,16.49,13.77,1.93,222.6,Satisfactory
17-01-2022,151.1,111.9,81.2,102.7,138.4,47.8,6.64,94.6,73.0,6.8,17.1,5.98,473.2,Satisfactory
18-01-2022,320.2,138.1,195.5,15.5,69.5,28.5,9.95,77.3,47.9,16.62,19.79,0.77,71.0,Very Poor
19-01-2022,293.0,390.6,14.1,110.2,217.6,10.0,4.12,99.3,100.5,19.53,27.05,0.31,428.4,Severe
20-01-2022,67.3,574.2,157.5,139.7,53.8,8.0,7.1,46.6,66.2,19.25,14.9,7.95,134.0,Satisfactory
21-01-2022,298.7,536.9,113.0,104.4,12.3,23.3,3.88,30.7,152.6,13.57,6.18,0.51,420.2,Satisfactory
22-01-2022,187.9,497.4,96.8,41.5,10.3,18.5,3.42,86.4,149.3,3.03,14.18,5.24,229.9,Poor
23-01-2022,107.1,335.7,191.4,95.5,115.4,23.4,3.76,95.1,14.7,2.05,19.38,4.28,373.7,Poor
24-01-2022,209.9,36.7,86.8,95.4,235.3,31.2,8.52,22.9,137.9,19.24,11.01,5.61,152.7,Very Poor
25-01-2022,377.5,10.4,100.5,143.6,160.8,48.0,3.47,41.3,159.9,9.08,8.64,8.68,283.8,Poor
26-01-2022,58.5,109.9,112.9,86.2,14.1,44.9,5.67,74.1,185.7,19.46,14.13,5.62,218.2,Moderate
27-01-2022,140.4,557.5,97.0,95.5,128.4,11.0,6.29,48.2,139.6,7.71,11.48,4.64,162.9,Poor
28-01-2022,433.8,420.5,186.2,139.3,70.1,9.6,0.12,88.9,184.5,4.53,28.74,5.01,259.2,Good
29-01-2022,58.2,394.1,127.8,23.2,240.5,22.2,4.44,70.9,55.8,13.04,2.88,5.47,379.6,Very Poor
30-01-2022,143.6,212.7,35.8,61.8,163.2,13.4,8.54,87.1,11.3,2.42,2.19,1.11,314.1,Severe
31-01-2022,46.6,29.4,0.4,55.9,66.0,32.0,6.74,64.1,68.5,15.42,16.8,6.27,168.5,Severe
01-02-2022,370.9,535.5,106.6,24.5,68.3,44.9,8.55,3.0,193.3,8.44,15.44,4.67,448.7,Severe
02-02-2022,328.8,3.8,198.3,88.5,8.8,14.0,1.76,91.4,114.8,18.27,20.7,3.79,493.9,Good
03-02-2022,102.9,129.4,37.7,8.8,70.0,13.4,0.75,21.6,186.2,14.35,19.06,2.26,455.6,Very Poor
04-02-2022,152.5,29.4,35.1,117.0,9.9,35.7,7.53,32.6,109.8,5.61,13.4,8.6,465.1,Good
05-02-2022,436.2,265.4,16.7,120.6,245.5,8.3,8.91,7.8,49.0,13.37,6.61,2.21,285.6,Severe
06-02-2022,384.7,233.1,114.8,102.1,214.5,20.4,4.21,80.7,57.4,13.62,11.78,8.01,354.7,Moderate
07-02-2022,435.7,10.6,115.5,110.3,139.1,39.5,0.68,66.8,149.1,19.45,2.96,3.53,201.7,Severe
08-02-2022,87.3,418.5,30.1,137.3,50.3,10.0,9.66,71.5,122.9,16.74,17.53,6.0,369.4,Moderate
09-02-2022,142.4,351.7,147.6,36.2,114.4,44.1,2.9,80.1,183.8,7.57,27.46,5.77,457.1,Good
10-02-2022,223.7,99.3,88.9,116.0,241.0,15.6,3.07,15.5,69.1,11.22,7.31,9.13,418.9,Satisfactory
11-02-2022,344.6,511.4,164.1,135.6,229.3,27.9,0.05,80.6,40.9,8.51,11.74,8.2,16.8,Severe
12-02-2022,85.7,3.5,133.8,67.7,155.7,5.0,0.97,98.9,66.1,16.04,12.9,1.55,83.3,Moderate
13-02-2022,415.6,135.8,116.1,96.9,158.2,46.3,2.36,37.0,63.8,12.49,2.3,2.39,311.4,Moderate
14-02-2022,251.5,5.0,158.2,85.8,201.0,3.2,8.67,34.8,158.6,2.59,24.45,3.22,378.1,Satisfactory
15-02-2022,264.2,123.2,48.1,32.2,178.4,10.0,5.83,62.2,170.5,12.75,0.04,1.36,368.5,Very Poor
16-02-2022,223.0,443.9,169.9,133.8,115.0,37.7,8.66,61.6,96.7,15.15,16.56,7.3,16.2,Poor
17-02-2022,377.5,294.3,95.7,61.6,172.3,20.4,3.09,46.6,76.1,0.91,23.95,6.22,342.5,Very Poor
18-02-2022,234.9,244.3,83.7,89.9,96.8,5.5,9.98,92.9,59.0,1.2,21.27,1.63,348.6,Good
19-02-2022,211.9,521.9,16.1,56.7,196.2,40.6,4.55,25.4,176.5,8.15,16.99,3.12,239.9,Severe
20-02-2022,268.6,315.8,115.1,48.4,114.2,23.9,9.61,99.7,82.6,17.83,3.22,9.25,70.1,Severe
21-02-2022,335.1,59.8,155.4,69.2,20.1,42.9,2.13,46.6,192.8,14.31,27.38,8.51,35.3,Good
22-02-2022,330.8,598.0,21.8,136.6,73.6,22.0,8.73,45.4,146.2,2.26,13.29,2.18,395.7,Poor
23-02-2022,232.4,436.5,91.2,135.3,116.3,9.0,8.66,76.5,64.3,16.52,28.93,3.84,349.7,Good
24-02-2022,262.7,97.9,139.5,131.6,24.0,3.8,2.34,60.6,138.5,11.71,11.26,8.51,290.4,Good
25-02-2022,141.3,192.1,3.8,53.6,75.8,48.0,4.36,11.1,58.2,0.18,4.88,4.87,460.6,Poor
26-02-2022,446.0,413.8,136.8,5.5,7.2,15.3,4.58,37.0,73.4,12.67,2.89,3.0,367.2,Satisfactory
27-02-2022,48.0,334.1,101.9,87.6,178.6,13.0,8.95,64.7,123.6,14.53,24.5,8.53,395.4,Moderate
28-02-2022,288.7,480.1,134.4,102.9,164.6,31.6,5.27,36.0,130.3,6.3,17.13,8.15,467.2,Good
01-03-2022,46.1,412.9,153.1,14.0,60.5,49.3,8.86,16.0,58.0,18.66,2.63,7.38,428.2,Satisfactory
02-03-2022,415.6,329.4,57.1,131.6,41.2,15.3,0.29,62.9,92.0,19.01,20.88,9.4,135.0,Good
03-03-2022,488.4,112.2,67.4,0.4,126.3,2.7,5.61,66.9,185.5,1.41,15.18,8.92,192.4,Moderate
04-03-2022,423.3,98.6,186.3,25.3,162.9,22.9,6.03,57.1,97.2,16.44,27.38,5.02,402.9,Good
05-03-2022,54.6,59.1,48.3,48.6,194.3,10.9,5.23,56.0,113.8,18.69,20.51,6.54,289.6,Very Poor
06-03-2022,245.7,458.4,3.7,54.7,162.3,21.4,7.1,8.2,183.3,14.51,17.38,5.08,199.0,Very Poor
07-03-2022,210.0,84.2,78.0,104.2,75.6,25.4,1.36,74.3,101.4,9.53,22.31,1.98,225.0,Poor
08-03-2022,105.4,529.8,53.8,115.1,103.3,41.1,6.74,97.9,193.5,15.28,6.45,2.54,467.6,Moderate
09-03-2022,57.2,117.2,6.9,94.7,238.7,34.3,1.89,32.2,137.8,19.07,23.99,8.43,493.7,Severe
10-03-2022,377.7,117.0,181.7,147.2,75.1,19.7,4.71,68.7,155.2,12.64,16.99,7.48,415.2,Very Poor
11-03-2022,43.0,264.8,146.8,53.7,177.1,34.8,8.77,72.6,170.9,14.77,23.72,7.01,458.7,Satisfactory
12-03-2022,60.3,119.2,196.3,65.7,176.2,34.9,0.86,28.9,107.6,7.68,18.97,4.64,446.3,Satisfactory
13-03-2022,31.0,465.6,24.1,147.2,27.7,46.9,5.08,34.7,115.5,9.03,18.63,4.54,275.0,Very Poor
14-03-2022,243.2,307.0,198.4,90.2,246.6,7.8,6.99,72.9,109.0,1.3,1.15,1.51,441.8,Good
15-03-2022,473.9,580.7,23.6,11.7,227.6,27.8,5.91,53.8,94.3,8.77,17.69,2.72,360.3,Severe
16-03-2022,250.8,83.4,56.0,44.3,249.4,32.5,5.38,36.1,180.9,4.93,4.11,3.7,452.7,Very Poor
17-03-2022,457.8,385.3,121.4,113.2,83.8,45.0,2.06,86.0,63.6,9.73,13.98,9.57,208.5,Moderate
18-03-2022,0.8,374.8,2.4,129.3,85.2,41.0,0.26,33.0,121.1,12.8,11.41,7.17,403.5,Moderate
19-03-2022,104.8,508.3,128.2,40.0,124.6,25.8,7.4,75.5,1.3,16.97,21.48,5.63,494.2,Poor
20-03-2022,392.4,107.7,13.8,101.7,70.0,24.6,7.33,45.8,164.1,2.11,29.44,4.95,376.2,Moderate
21-03-2022,64.2,44.6,148.5,27.7,61.4,10.8,1.49,10.2,191.6,1.81,11.4,1.99,68.0,Satisfactory
22-03-2022,91.9,372.0,124.3,49.5,69.6,16.1,0.51,17.1,21.2,11.8,1.36,3.96,288.4,Moderate
23-03-2022,464.6,572.9,90.6,68.8,224.2,48.3,6.58,92.6,94.0,6.19,6.3,6.43,478.4,Poor
24-03-2022,487.1,118.7,28.6,148.1,125.7,40.8,8.94,39.7,36.3,7.04,14.67,6.98,111.6,Good
25-03-2022,156.4,130.7,160.0,63.8,98.3,46.5,6.48,19.8,56.0,12.87,8.78,0.39,240.1,Poor
26-03-2022,84.4,538.9,112.6,4.8,38.1,13.8,4.0,21.5,196.4,14.07,29.11,5.05,18.5,Very Poor
27-03-2022,64.6,169.2,102.8,68.0,62.6,17.4,5.88,80.3,167.3,4.61,26.03,3.25,416.7,Satisfactory
28-03-2022,24.5,252.1,43.4,78.7,90.5,18.7,1.88,59.9,45.1,17.05,13.76,7.72,93.4,Very Poor
29-03-2022,478.7,195.6,193.7,120.6,108.9,6.6,6.53,65.7,62.6,12.18,1.46,2.52,214.9,Severe
30-03-2022,174.2,201.6,65.6,99.8,43.2,49.1,6.59,75.8,63.2,0.81,16.67,9.86,27.1,Poor
31-03-2022,356.2,526.5,176.2,92.3,174.6,20.9,8.34,51.6,123.5,0.51,21.04,5.04,215.5,Poor
01-04-2022,100.7,428.9,108.7,63.4,187.9,39.3,0.76,0.4,93.2,0.73,22.82,7.01,363.8,Good
02-04-2022,379.7,405.6,136.4,86.4,194.6,34.2,2.57,82.9,141.8,2.76,2.78,2.0,359.6,Very Poor
03-04-2022,90.2,395.0,119.6,7.0,110.7,19.7,1.14,56.8,162.2,6.83,2.57,4.8,456.5,Severe
04-04-2022,168.7,566.0,153.0,72.3,130.7,24.8,3.67,65.6,166.5,8.08,3.57,5.42,6.7,Very Poor
05-04-2022,58.6,540.4,199.5,37.3,133.2,7.3,4.01,49.1,150.3,9.7,12.17,3.28,196.0,Poor
06-04-2022,102.0,578.3,3.3,136.0,220.7,38.4,6.88,17.6,159.1,14.77,3.17,5.51,442.0,Poor
07-04-2022,237.9,334.1,69.4,67.2,249.2,41.3,6.59,14.5,27.7,1.73,23.68,3.85,287.8,Poor
08-04-2022,17.1,213.8,149.0,99.9,193.8,9.1,2.11,8.8,176.7,14.95,16.52,7.9,471.7,Good
09-04-2022,398.6,356.1,52.5,140.7,86.5,46.3,5.12,88.1,22.9,5.69,23.74,7.37,27.6,Severe
10-04-2022,133.0,143.4,61.1,89.4,181.3,12.4,9.5,10.2,19.8,16.24,24.98,1.35,292.5,Severe
11-04-2022,181.6,376.1,130.8,120.7,239.1,39.1,0.97,14.1,170.3,19.2,1.87,4.62,220.7,Poor
12-04-2022,215.8,149.4,164.5,138.4,146.3,49.5,0.08,56.2,154.9,0.48,29.6,7.94,8.5,Severe
13-04-2022,413.0,16.4,143.0,30.9,20.4,31.7,7.43,88.5,158.6,9.76,13.48,9.55,414.6,Good
14-04-2022,374.8,495.0,147.9,57.7,10.3,40.9,3.4,51.8,63.0,17.43,29.3,1.16,251.7,Satisfactory
15-04-2022,73.3,124.8,37.4,7.3,227.1,34.6,5.98,21.7,184.2,17.11,10.28,6.76,289.0,Good
16-04-2022,194.3,337.4,71.0,140.3,150.7,49.3,8.03,84.5,31.3,17.57,10.17,6.48,293.8,Moderate
17-04-2022,433.3,172.2,123.8,82.2,224.2,14.1,6.72,80.3,68.0,1.44,24.11,4.81,2.1,Poor
18-04-2022,131.4,39.6,28.4,120.2,146.9,0.4,3.72,14.4,79.3,10.61,20.59,1.77,207.7,Satisfactory
19-04-2022,397.8,221.1,55.1,137.3,55.5,5.6,7.91,35.8,62.4,18.57,16.42,9.35,227.5,Severe
20-04-2022,498.3,293.3,116.2,58.8,182.0,25.7,4.31,66.6,65.3,6.01,15.46,1.49,225.2,Very Poor
21-04-2022,428.4,19.2,10.3,75.1,194.5,26.1,2.48,91.8,36.9,14.9,21.82,9.81,53.9,Poor
22-04-2022,469.4,574.5,36.5,122.6,193.3,25.6,5.91,41.8,106.9,16.65,0.22,8.02,303.3,Moderate
23-04-2022,287.0,109.7,191.6,96.0,215.1,24.0,6.95,84.6,102.2,10.35,1.59,2.3,218.0,Satisfactory
24-04-2022,360.2,69.5,13.0,106.8,67.9,35.0,5.84,73.1,127.2,3.62,21.28,5.56,104.1,Severe
25-04-2022,318.3,242.5,100.7,85.1,118.3,25.6,9.4,75.2,56.7,1.32,19.36,5.99,269.2,Severe
26-04-2022,310.8,136.4,83.1,44.5,41.1,34.0,1.32,78.4,11.0,12.45,29.1,9.18,174.2,Satisfactory
27-04-2022,106.4,521.1,120.2,74.7,234.9,19.0,7.53,11.7,22.4,11.84,22.08,7.94,343.3,Moderate
28-04-2022,117.2,233.5,67.4,25.7,24.3,45.0,3.47,50.2,62.8,7.23,13.19,4.35,278.9,Severe
29-04-2022,196.7,586.7,182.0,78.4,43.1,3.6,0.53,39.4,23.0,8.16,0.48,7.96,73.4,Good
30-04-2022,461.7,244.8,27.5,120.4,245.5,25.7,2.83,98.2,67.5,12.5,16.8,7.72,466.7,Severe
01-05-2022,119.6,380.0,39.1,18.5,43.0,40.9,4.55,18.2,25.0,12.27,22.08,8.59,183.9,Good
02-05-2022,441.0,18.4,54.6,98.0,248.6,28.7,0.58,42.9,17.6,12.88,26.73,8.99,312.5,Moderate
03-05-2022,256.9,282.1,104.4,138.2,146.9,45.0,8.55,34.4,122.3,3.96,19.22,5.57,297.9,Satisfactory
04-05-2022,123.6,415.7,164.5,44.3,103.1,30.5,8.56,44.1,178.4,13.45,6.56,6.87,165.5,Severe
05-05-2022,21.6,599.9,127.6,28.3,61.4,37.4,9.12,65.3,93.1,14.83,5.51,6.71,349.3,Very Poor
06-05-2022,439.4,499.9,76.9,13.7,56.3,3.1,1.72,62.1,194.8,11.27,20.9,0.46,71.7,Satisfactory
07-05-2022,261.3,227.4,124.7,116.5,36.2,36.8,8.56,17.5,5.1,16.62,17.38,5.0,215.3,Moderate
08-05-2022,128.9,150.4,142.1,101.7,32.7,28.6,5.94,28.7,159.6,13.86,0.29,5.51,472.9,Very Poor
09-05-2022,167.1,151.8,2.9,106.3,187.7,29.4,4.55,49.4,115.5,11.35,25.04,2.28,32.0,Good
10-05-2022,229.0,589.1,96.9,3.6,217.5,29.0,9.3,31.9,51.1,15.26,29.0,7.7,378.6,Moderate
11-05-2022,232.4,442.4,193.6,105.3,102.1,6.7,2.56,88.4,114.5,10.62,13.91,1.93,326.1,Very Poor
12-05-2022,258.4,371.2,88.0,110.7,107.5,15.4,1.73,74.8,148.6,2.92,7.16,0.58,116.1,Satisfactory
13-05-2022,80.0,206.9,114.7,28.5,71.0,29.0,6.62,67.7,90.0,9.52,4.22,8.39,240.5,Severe
14-05-2022,120.8,270.1,100.2,23.7,140.7,30.3,1.79,6.1,162.6,15.85,25.98,0.41,307.0,Satisfactory
15-05-2022,30.0,420.0,199.9,100.8,75.8,47.3,1.25,2.4,152.6,6.61,10.23,5.88,338.0,Poor
16-05-2022,242.9,386.3,51.7,94.1,231.6,16.8,0.85,11.4,56.6,3.06,6.64,7.52,170.3,Good
17-05-2022,403.0,396.8,139.6,146.1,24.3,30.5,4.46,62.9,100.7,17.18,22.22,2.8,42.6,Satisfactory
18-05-2022,165.7,119.8,111.1,105.3,115.3,6.7,4.0,59.8,111.7,18.89,18.59,1.44,327.4,Poor
19-05-2022,46.9,340.5,53.1,92.1,86.3,20.0,3.75,74.4,81.7,3.11,5.89,3.12,185.1,Moderate
20-05-2022,256.4,596.5,146.8,20.2,167.1,4.6,5.17,12.1,63.5,18.76,25.84,2.92,243.3,Satisfactory
21-05-2022,46.0,559.9,166.7,4.5,218.8,44.8,1.48,6.0,114.6,2.88,27.86,2.3,353.2,Severe
22-05-2022,120.6,79.6,53.3,101.2,151.5,24.9,0.87,99.0,144.6,1.82,18.06,9.56,20.9,Good
23-05-2022,281.7,241.9,100.1,139.9,94.6,37.5,9.29,10.0,195.5,19.98,24.81,9.97,405.9,Moderate
24-05-2022,17.9,574.1,166.9,77.0,51.0,8.4,9.64,31.4,160.0,8.54,3.13,9.52,168.8,Satisfactory
25-05-2022,203.9,411.9,95.2,112.3,121.6,42.4,3.34,78.0,147.6,7.96,2.11,3.78,15.3,Moderate
26-05-2022,302.8,204.8,87.8,35.0,51.6,13.5,6.19,11.0,119.4,16.34,0.5,4.83,481.5,Severe
27-05-2022,321.2,25.8,162.3,134.4,151.8,16.4,3.75,49.9,191.1,9.21,5.05,0.35,63.8,Moderate
28-05-2022,425.6,44.4,75.6,18.9,37.3,6.3,7.83,11.8,28.6,8.34,20.55,5.61,271.9,Good
29-05-2022,240.1,573.6,108.9,81.7,195.2,38.7,1.67,2.5,16.7,2.46,19.55,8.78,432.1,Poor
30-05-2022,430.3,307.0,26.0,0.4,132.4,5.6,5.51,22.4,34.4,16.76,8.82,0.89,488.5,Satisfactory
31-05-2022,318.7,166.4,30.9,42.2,103.8,42.4,2.32,29.1,69.6,2.89,4.4,3.7,421.8,Very Poor
01-06-2022,437.5,213.9,136.0,28.6,208.2,45.7,0.25,82.2,21.0,6.83,2.56,7.32,441.0,Poor
02-06-2022,361.9,488.5,105.6,130.1,88.9,35.8,9.08,83.9,138.9,7.51,26.53,5.35,462.5,Moderate
03-06-2022,210.8,279.4,197.5,113.0,8.7,10.7,1.38,47.5,145.0,17.22,14.1,0.79,343.1,Good
04-06-2022,272.5,285.9,68.8,139.7,214.2,22.8,9.42,75.3,112.9,2.47,11.41,2.83,413.4,Poor
05-06-2022,275.1,555.7,148.3,54.0,53.6,29.3,8.41,15.9,32.4,9.94,6.75,2.3,221.4,Severe
06-06-2022,23.7,328.7,139.7,103.9,165.7,25.3,0.97,56.1,53.9,1.09,21.89,1.6,372.6,Poor
07-06-2022,306.3,333.0,142.2,95.7,198.5,33.6,7.79,36.2,186.6,15.8,16.16,6.91,20.8,Moderate
08-06-2022,190.7,185.2,86.7,6.8,138.6,21.7,1.64,47.8,111.1,0.71,23.48,6.44,181.8,Good
09-06-2022,11.3,22.1,71.9,32.9,25.9,36.9,5.62,5.8,166.6,3.8,16.46,1.24,390.2,Severe
10-06-2022,102.9,158.9,3.5,49.1,21.5,30.0,8.66,77.9,94.2,18.72,5.16,4.97,494.5,Very Poor
11-06-2022,261.4,118.6,124.5,78.3,96.3,6.9,4.71,60.6,94.9,10.7,2.35,4.3,28.1,Moderate
12-06-2022,387.8,184.6,23.5,51.3,247.0,15.7,5.4,45.6,142.1,12.99,11.96,9.37,390.7,Severe
13-06-2022,151.5,6.0,171.8,63.8,52.8,44.9,6.45,10.8,16.2,12.31,16.82,9.61,472.0,Very Poor
14-06-2022,279.6,204.6,110.7,119.9,99.7,45.9,8.65,74.2,63.8,8.31,29.73,1.89,481.0,Good
15-06-2022,63.3,304.4,182.2,39.5,31.3,5.3,1.21,30.5,102.4,5.12,2.45,6.54,28.9,Moderate
16-06-2022,154.5,557.5,182.5,138.0,128.4,49.1,4.82,79.8,98.2,6.91,27.01,3.95,179.8,Satisfactory
17-06-2022,442.5,130.6,128.6,131.9,68.9,34.6,6.85,8.6,87.6,7.93,18.61,8.6,378.3,Good
18-06-2022,206.1,338.7,176.8,47.1,56.3,41.4,3.78,70.2,108.6,5.78,6.19,8.9,465.5,Poor
19-06-2022,330.2,197.7,59.3,144.3,68.7,17.0,2.43,9.5,174.0,3.89,24.12,9.13,336.0,Good
20-06-2022,191.0,308.6,7.0,90.4,115.0,1.6,1.36,45.2,90.4,14.62,21.11,3.95,287.7,Satisfactory
21-06-2022,101.1,85.2,168.7,21.8,64.9,14.3,4.66,96.5,65.8,10.94,10.22,6.44,171.7,Severe
22-06-2022,8.1,509.7,22.7,27.8,198.0,17.2,4.66,12.8,127.5,2.34,11.43,2.36,215.0,Severe
23-06-2022,196.0,256.1,31.0,78.4,29.3,45.6,3.93,34.7,149.7,12.79,28.19,4.07,82.8,Good
24-06-2022,0.8,313.7,157.0,22.6,210.5,21.1,7.62,39.8,126.6,1.1,29.11,7.82,244.4,Very Poor
25-06-2022,217.7,450.9,126.3,56.5,81.0,21.2,7.6,17.8,194.3,1.85,29.4,0.76,442.2,Severe
26-06-2022,293.3,439.3,23.0,146.8,22.1,24.8,0.02,71.6,171.2,13.4,27.29,6.81,242.2,Moderate
27-06-2022,126.4,280.0,17.8,5.2,142.5,26.0,1.29,75.4,106.5,14.34,5.32,9.88,19.9,Severe
28-06-2022,454.2,540.3,176.5,98.0,127.6,23.5,8.46,43.0,19.0,13.49,12.95,1.4,376.2,Moderate
29-06-2022,112.1,330.5,77.7,63.9,31.3,3.0,8.59,84.4,31.0,9.57,3.89,8.61,103.7,Poor
30-06-2022,113.2,424.4,25.1,53.2,236.6,3.7,4.23,84.3,47.8,16.13,9.2,8.8,155.7,Severe
01-07-2022,373.4,295.3,10.0,106.9,178.0,25.3,9.37,19.7,156.9,19.67,24.49,8.96,461.2,Poor
02-07-2022,438.9,265.5,9.0,38.6,28.5,36.7,3.99,98.3,59.0,9.05,14.4,3.64,242.1,Very Poor
03-07-2022,10.0,375.1,186.5,1.4,151.4,21.9,4.23,31.7,55.3,19.55,22.95,3.71,361.4,Satisfactory
04-07-2022,490.0,327.8,141.8,114.9,149.4,31.3,2.48,73.1,20.4,3.02,2.89,4.22,380.0,Severe
05-07-2022,327.1,215.9,78.9,16.6,152.1,33.9,2.01,42.0,168.4,19.97,10.27,0.67,9.0,Moderate
06-07-2022,99.0,50.5,165.6,75.0,147.4,18.0,8.43,49.3,83.7,11.08,16.67,3.65,181.1,Moderate
07-07-2022,185.0,576.1,155.7,125.5,178.7,45.0,0.56,81.6,162.1,10.27,28.73,3.94,128.2,Good
08-07-2022,111.1,599.3,72.2,115.5,139.7,27.9,9.86,51.2,179.4,8.6,6.3,2.88,338.4,Poor
09-07-2022,51.9,343.7,148.5,67.3,169.8,23.4,1.69,3.2,182.1,11.5,0.42,9.83,363.4,Satisfactory
10-07-2022,115.5,387.0,106.3,11.7,85.8,3.6,8.63,74.6,76.8,2.17,15.32,5.59,479.6,Satisfactory
11-07-2022,68.4,437.0,69.5,24.4,171.3,44.5,5.6,96.0,8.7,12.77,10.72,0.02,401.3,Severe
12-07-2022,283.9,188.8,122.1,25.7,122.5,27.7,0.8,23.3,198.1,18.96,23.99,0.6,53.7,Satisfactory
13-07-2022,429.9,306.1,22.2,33.6,199.6,4.2,8.11,21.6,12.8,10.12,17.61,2.17,422.6,Severe
14-07-2022,347.0,584.7,37.6,65.6,88.9,33.8,2.76,76.6,49.9,5.43,25.63,6.89,188.9,Satisfactory
15-07-2022,43.6,34.5,118.7,15.0,161.3,4.3,8.45,64.7,61.9,3.69,9.74,0.72,18.1,Satisfactory
16-07-2022,440.8,259.7,73.0,13.8,133.1,4.6,5.61,50.9,106.6,3.08,12.28,4.99,312.1,Satisfactory
17-07-2022,65.5,423.6,24.7,125.4,62.2,46.5,8.16,58.8,116.0,8.53,29.17,5.37,143.8,Poor
18-07-2022,362.7,202.2,145.3,40.4,203.8,10.1,0.18,63.5,161.1,5.76,23.9,7.67,58.3,Severe
19-07-2022,201.1,360.2,3.0,55.8,142.6,35.3,7.2,39.7,157.8,2.66,29.36,2.39,371.7,Severe
20-07-2022,74.7,595.5,85.4,29.5,201.4,34.8,9.65,86.8,143.4,7.38,23.13,1.54,169.6,Good
21-07-2022,379.0,412.0,153.6,74.0,70.4,27.0,2.69,1.5,199.0,15.37,23.04,3.33,146.2,Moderate
22-07-2022,187.4,382.3,52.9,72.7,15.6,27.2,4.04,36.8,137.6,6.03,28.17,2.18,204.3,Poor
23-07-2022,74.4,71.2,31.7,3.0,228.1,38.9,3.9,5.1,144.1,0.2,17.76,0.94,65.1,Very Poor
24-07-2022,205.9,150.9,22.4,132.5,246.8,0.5,1.48,2.7,10.1,1.71,7.58,8.47,6.0,Severe
25-07-2022,329.1,286.5,41.8,116.1,72.7,9.5,6.73,87.5,192.9,6.63,11.91,6.59,39.0,Good
26-07-2022,284.1,94.8,165.1,145.7,242.9,3.2,5.12,20.3,114.3,10.91,4.06,1.12,98.6,Poor
27-07-2022,258.3,453.8,98.2,119.8,212.1,4.6,9.76,50.7,127.9,4.23,23.48,9.93,342.4,Severe
28-07-2022,324.7,402.8,110.7,68.8,193.7,7.3,8.82,85.0,121.6,16.37,21.57,7.47,32.3,Very Poor
29-07-2022,410.0,473.2,131.7,58.0,185.0,13.0,3.58,38.5,151.2,19.62,18.09,7.53,429.9,Very Poor
30-07-2022,320.9,326.5,145.8,82.3,175.7,24.6,5.56,48.1,53.3,14.3,25.79,0.63,238.5,Severe
31-07-2022,279.4,228.2,35.0,149.8,127.7,35.5,0.16,28.2,20.2,17.62,13.42,6.2,332.7,Very Poor
01-08-2022,375.3,561.5,21.2,41.1,97.0,39.7,0.57,25.5,17.3,0.37,12.84,2.51,371.0,Very Poor
02-08-2022,92.8,339.2,64.8,98.4,173.3,39.4,2.25,78.3,6.4,10.08,5.36,5.63,256.6,Good
03-08-2022,358.0,417.8,153.0,17.9,117.1,30.1,9.45,82.7,32.6,9.47,19.17,9.59,292.9,Severe
04-08-2022,418.7,187.4,60.6,113.9,209.6,3.2,5.63,69.9,121.3,1.28,9.09,9.41,180.2,Satisfactory
05-08-2022,453.6,309.1,61.4,104.6,226.1,13.6,8.8,51.1,107.0,9.08,12.4,2.89,256.7,Satisfactory
06-08-2022,430.6,62.0,9.3,72.2,155.4,31.1,7.25,77.1,163.0,14.73,16.43,8.08,333.9,Satisfactory
07-08-2022,447.0,129.4,79.2,3.7,139.8,8.3,1.87,54.7,195.5,0.14,0.01,0.15,44.8,Satisfactory
08-08-2022,485.3,327.0,136.3,106.2,35.8,6.7,6.07,62.6,112.1,11.58,6.7,1.72,409.8,Moderate
09-08-2022,195.7,480.6,97.4,92.1,39.8,19.9,0.56,78.1,104.8,8.34,23.31,6.57,111.0,Severe
10-08-2022,206.7,513.2,67.0,76.1,23.0,37.9,6.94,71.3,189.8,10.71,17.69,3.29,65.7,Moderate
11-08-2022,233.6,290.5,83.0,89.2,52.8,35.7,4.66,29.3,33.1,18.25,27.26,5.68,68.3,Moderate
12-08-2022,1.8,120.4,78.2,141.3,194.3,40.0,9.54,86.2,197.1,7.39,5.29,6.96,125.0,Poor
13-08-2022,393.1,183.7,19.4,132.2,86.2,5.6,0.17,92.2,109.6,19.58,8.54,7.5,47.0,Poor
14-08-2022,60.5,236.2,179.7,116.8,21.5,35.0,4.76,87.0,176.2,4.75,12.56,5.95,291.7,Satisfactory
15-08-2022,129.5,466.0,81.8,40.7,99.0,46.7,9.38,2.5,96.2,16.46,1.21,5.02,213.0,Satisfactory
16-08-2022,203.9,299.1,147.8,69.8,160.2,29.8,10.0,24.0,176.2,8.5,6.12,2.26,484.9,Moderate
17-08-2022,352.5,234.4,88.4,73.4,231.3,37.2,2.51,28.9,143.0,8.67,29.58,5.12,401.9,Severe
18-08-2022,343.7,167.1,34.3,72.4,75.3,28.3,1.74,79.7,171.9,17.79,13.96,9.91,32.9,Very Poor
19-08-2022,373.1,423.6,2.6,45.5,104.7,18.2,2.73,86.6,32.3,14.94,16.27,3.61,229.5,Moderate
20-08-2022,187.5,284.0,124.8,81.0,246.9,39.9,9.39,66.0,100.8,11.89,3.21,3.68,44.5,Good
21-08-2022,95.1,205.5,2.4,80.0,55.5,32.5,1.96,77.0,137.7,15.25,22.57,1.74,60.9,Satisfactory
22-08-2022,314.5,557.4,111.5,80.5,103.7,19.0,6.08,24.2,61.0,13.39,15.31,0.59,78.0,Very Poor
23-08-2022,184.6,462.7,19.6,149.7,72.1,2.8,7.64,15.1,25.0,16.48,28.45,2.05,102.5,Satisfactory
24-08-2022,460.2,139.0,30.4,32.1,171.8,16.5,2.35,20.9,64.8,8.5,14.8,0.37,44.6,Satisfactory
25-08-2022,338.9,375.9,98.0,128.8,237.3,28.6,2.25,1.7,89.2,18.2,18.83,0.42,287.1,Severe
26-08-2022,416.0,510.8,7.5,119.5,155.0,47.7,9.78,16.4,100.7,12.33,8.39,8.2,136.1,Good
27-08-2022,408.3,335.3,158.1,5.3,196.5,40.6,7.85,88.6,16.9,5.45,2.74,6.18,283.7,Moderate
28-08-2022,424.6,378.3,126.4,90.8,12.1,41.3,6.51,15.8,81.2,0.87,8.67,2.75,95.9,Severe
29-08-2022,267.4,83.4,183.9,90.0,103.0,20.9,2.95,11.3,65.4,5.06,25.95,3.46,161.1,Very Poor
30-08-2022,389.7,395.7,153.9,5.2,5.1,46.3,7.8,38.6,2.4,6.46,22.86,4.17,50.9,Satisfactory
31-08-2022,35.8,584.9,46.9,85.7,102.1,26.1,5.98,26.2,96.1,15.93,4.7,0.66,33.2,Satisfactory
01-09-2022,462.1,560.8,90.2,33.5,151.2,14.6,3.43,24.4,100.7,5.99,20.03,5.47,283.8,Satisfactory
02-09-2022,476.1,327.1,153.7,1.8,188.2,47.7,8.35,86.4,2.9,4.94,19.44,9.5,442.7,Good
03-09-2022,243.1,133.0,66.9,40.0,180.3,33.0,0.92,89.5,11.8,5.79,27.44,4.9,115.8,Poor
04-09-2022,41.6,52.0,111.4,69.4,102.0,44.1,1.68,50.6,161.5,11.35,11.42,3.85,352.0,Poor
05-09-2022,307.6,406.2,79.5,30.2,228.9,48.4,9.3,29.8,198.4,17.76,18.18,4.12,97.2,Severe
06-09-2022,122.1,246.5,122.7,147.1,72.5,12.3,7.58,2.2,133.8,11.15,3.98,8.7,371.4,Very Poor
07-09-2022,298.6,35.3,170.6,48.5,135.0,33.7,2.4,39.7,196.5,10.18,12.94,2.02,317.8,Moderate
08-09-2022,37.6,382.5,196.4,34.3,247.8,26.2,9.44,5.8,189.7,16.68,18.95,4.49,467.9,Moderate
09-09-2022,142.0,505.3,48.1,18.0,103.1,46.8,7.11,74.9,89.5,1.86,25.42,2.25,285.3,Very Poor
10-09-2022,318.0,499.5,190.4,120.8,72.5,25.4,0.49,44.4,43.0,19.01,4.32,6.15,54.1,Satisfactory
11-09-2022,463.9,545.2,132.5,65.7,4.9,3.8,2.14,80.9,158.4,19.05,8.4,1.08,99.3,Moderate
12-09-2022,26.6,27.2,155.0,44.4,250.0,44.4,7.29,23.4,79.5,8.28,8.84,1.15,158.5,Satisfactory
13-09-2022,176.5,202.7,110.5,20.0,13.0,23.9,1.79,12.6,118.7,16.59,9.43,7.64,386.4,Severe
14-09-2022,268.1,422.4,104.7,130.7,25.8,32.1,7.65,73.1,51.7,17.69,25.36,1.31,229.3,Very Poor
15-09-2022,54.9,94.6,14.0,6.3,107.4,27.5,4.95,48.0,16.1,2.75,28.02,7.09,137.9,Good
16-09-2022,252.9,398.6,105.6,118.0,164.8,19.1,8.26,89.0,51.2,14.25,5.86,3.41,337.3,Severe
17-09-2022,352.0,150.2,129.0,58.3,5.5,10.1,9.3,57.1,93.9,8.35,24.39,2.46,404.8,Satisfactory
18-09-2022,182.8,111.6,131.8,94.9,123.1,18.3,4.62,24.8,41.2,17.75,9.11,9.47,264.2,Poor
19-09-2022,399.9,427.6,88.5,133.2,68.7,41.5,5.3,70.3,61.1,14.1,2.44,7.46,259.9,Severe
20-09-2022,243.7,165.9,131.1,141.0,139.1,8.2,6.87,13.0,177.6,1.34,22.24,5.94,457.2,Very Poor
21-09-2022,319.2,379.0,96.8,81.8,124.0,17.3,2.28,76.2,111.8,15.38,6.09,1.12,436.8,Moderate
22-09-2022,224.7,252.8,180.7,136.7,225.8,6.6,6.73,44.9,138.5,2.89,9.02,7.12,27.7,Moderate
23-09-2022,269.7,598.1,159.1,122.3,41.1,27.8,5.13,37.1,68.4,0.07,18.16,3.09,70.9,Severe
24-09-2022,339.4,471.2,91.8,96.7,142.3,45.9,7.72,89.1,36.8,16.97,4.99,4.15,210.2,Moderate
25-09-2022,282.7,589.3,62.8,101.1,168.5,30.6,4.4,56.2,43.9,6.18,1.4,7.59,369.1,Very Poor
26-09-2022,133.4,513.2,23.8,82.4,26.8,5.8,1.2,66.8,60.6,4.07,0.52,2.53,302.5,Poor
27-09-2022,355.5,138.8,155.3,132.8,207.1,20.4,0.84,58.2,11.6,6.25,6.85,6.98,453.9,Very Poor
28-09-2022,242.5,375.2,124.1,39.8,185.4,25.8,3.7,14.6,64.7,17.06,22.16,9.14,275.6,Moderate
29-09-2022,222.9,17.3,21.6,11.9,217.8,32.8,4.41,78.3,40.5,7.07,3.0,6.91,491.1,Satisfactory
30-09-2022,446.7,363.1,185.7,51.7,56.7,6.0,9.3,63.2,192.5,2.83,25.12,6.1,95.3,Severe
01-10-2022,313.7,34.2,174.4,70.2,98.7,49.2,1.92,17.3,148.7,13.72,16.21,5.05,275.9,Good
02-10-2022,215.1,224.4,199.2,29.6,208.6,18.3,4.28,25.5,89.3,16.04,3.0,1.03,205.9,Severe
03-10-2022,364.5,269.1,165.9,91.3,212.1,33.6,6.69,90.5,31.2,18.36,22.4,7.4,5.6,Very Poor
04-10-2022,415.5,419.0,164.4,28.6,199.0,19.4,0.95,6.3,146.1,19.02,28.28,6.92,153.9,Poor
05-10-2022,387.8,482.3,171.8,16.9,84.4,33.3,0.74,9.7,37.1,19.44,23.24,2.37,20.7,Very Poor
06-10-2022,56.8,26.9,190.7,10.1,92.6,34.6,7.73,56.9,86.3,12.18,27.94,3.31,229.0,Good
07-10-2022,376.8,246.0,68.3,61.6,174.1,48.6,1.55,42.6,3.9,14.1,5.93,3.5,442.3,Moderate
08-10-2022,474.1,518.3,128.0,112.8,239.8,6.5,0.36,28.5,52.0,9.64,4.57,0.86,426.7,Severe
09-10-2022,447.1,490.6,199.7,115.2,200.0,1.0,7.8,62.0,171.3,3.8,27.18,0.32,160.4,Poor
10-10-2022,145.8,291.4,104.2,132.2,185.6,31.6,2.11,52.2,157.4,2.9,28.64,7.09,489.4,Moderate
11-10-2022,217.8,392.1,67.7,54.1,224.3,42.2,6.04,95.5,191.0,14.0,5.38,0.99,85.9,Severe
12-10-2022,106.0,101.3,157.6,111.6,49.4,0.9,2.11,37.3,109.8,7.94,26.39,6.59,233.2,Good
13-10-2022,217.6,232.6,51.0,62.5,193.4,27.6,5.94,91.0,67.8,12.25,27.01,8.95,443.3,Satisfactory
14-10-2022,412.3,175.1,87.6,106.5,183.5,9.3,7.41,55.0,190.5,15.07,0.52,3.37,446.9,Severe
15-10-2022,23.6,191.8,78.7,109.1,28.9,18.9,3.07,17.5,47.9,4.14,24.59,1.45,438.5,Poor
16-10-2022,153.0,503.2,53.4,119.0,11.6,37.5,9.65,14.6,68.6,14.25,18.39,6.82,159.4,Good
17-10-2022,295.6,203.2,153.1,16.4,78.9,5.6,2.61,100.0,127.4,11.92,3.98,3.59,248.5,Very Poor
18-10-2022,138.7,351.0,62.6,14.9,125.3,33.8,8.18,35.9,54.8,16.14,4.46,5.92,101.5,Good
19-10-2022,249.4,266.5,8.9,94.8,199.2,32.0,0.71,21.7,76.0,0.12,5.73,0.87,412.0,Satisfactory
20-10-2022,391.7,492.6,121.9,109.0,138.0,14.2,4.43,56.1,152.5,9.29,6.74,5.61,243.2,Moderate
21-10-2022,83.9,488.6,107.0,97.9,17.9,14.7,0.03,17.0,172.8,13.5,21.52,3.72,413.0,Poor
22-10-2022,485.5,174.9,169.8,56.3,89.0,30.6,4.85,83.3,115.3,6.64,28.87,1.75,445.0,Satisfactory
23-10-2022,343.3,448.7,197.7,33.2,32.7,12.6,5.32,76.1,183.4,1.71,15.18,5.75,97.4,Very Poor
24-10-2022,392.8,58.1,6.7,109.3,135.4,49.4,4.88,66.6,35.3,2.94,1.53,9.61,379.0,Moderate
25-10-2022,485.2,574.1,62.7,60.4,226.3,2.2,5.78,10.9,64.4,16.97,16.6,7.28,272.4,Very Poor
26-10-2022,134.7,141.9,59.8,69.3,112.7,2.3,7.11,77.5,35.9,3.59,1.43,0.73,445.6,Moderate
27-10-2022,328.2,599.9,136.7,9.6,102.7,32.4,7.06,67.9,18.9,9.75,3.17,1.24,249.4,Very Poor
28-10-2022,393.6,488.7,33.2,99.9,197.8,9.9,6.91,32.4,143.8,13.25,7.65,8.51,298.2,Very Poor
29-10-2022,84.1,190.1,18.6,149.2,237.7,38.1,3.36,28.4,68.0,8.82,17.44,3.61,384.9,Satisfactory
30-10-2022,45.1,297.8,188.2,22.6,249.9,39.9,6.42,52.6,18.8,2.73,28.04,3.44,171.7,Poor
31-10-2022,22.9,506.0,162.9,0.9,58.7,3.7,1.76,79.2,141.4,15.61,10.66,8.11,167.2,Severe
01-11-2022,384.6,182.5,110.1,51.9,186.7,42.5,8.95,6.9,155.7,9.28,8.66,3.76,347.6,Severe
02-11-2022,253.4,480.5,44.7,30.9,198.7,46.5,0.57,71.3,8.9,7.72,12.13,7.08,147.1,Poor
03-11-2022,236.5,586.2,182.5,121.2,107.6,40.3,7.39,67.7,92.0,5.6,15.96,1.14,292.3,Very Poor
04-11-2022,110.2,37.6,23.1,91.0,24.7,49.4,7.66,2.0,71.0,18.37,23.57,9.04,410.0,Severe
05-11-2022,60.0,499.5,93.9,120.8,38.3,37.1,8.08,61.9,76.3,8.1,1.88,5.69,310.6,Very Poor
06-11-2022,98.9,591.9,170.3,101.9,245.2,19.5,9.92,96.8,98.6,10.26,7.08,1.11,134.5,Poor
07-11-2022,164.7,35.7,162.8,23.4,42.0,28.3,2.65,42.7,124.7,7.57,15.22,8.25,260.5,Satisfactory
08-11-2022,12.8,522.1,15.1,37.0,235.5,45.1,1.17,58.7,177.6,16.86,16.47,2.74,418.3,Poor
09-11-2022,4.9,34.4,86.4,82.6,241.1,13.9,3.06,27.1,170.9,7.31,2.06,6.96,85.9,Poor
10-11-2022,149.0,333.5,95.8,35.4,77.2,20.4,7.21,97.0,105.9,16.15,22.1,0.58,348.1,Severe
11-11-2022,384.4,584.8,170.6,107.0,245.3,8.7,0.98,71.8,198.0,15.42,19.01,1.08,20.4,Satisfactory
12-11-2022,35.5,38.2,171.8,149.8,143.7,14.7,1.71,53.4,39.4,1.78,10.52,8.79,355.4,Severe
13-11-2022,249.1,310.8,117.8,139.5,192.2,25.2,8.1,16.6,44.4,11.84,4.76,4.79,168.5,Good
14-11-2022,211.4,144.9,79.5,21.6,28.7,45.6,1.64,3.1,121.9,16.1,16.4,4.6,265.5,Satisfactory
15-11-2022,204.2,208.6,110.6,41.2,65.7,1.0,5.41,88.1,152.5,15.58,25.75,1.67,370.2,Moderate
16-11-2022,214.1,424.5,94.9,28.0,98.7,22.1,3.35,90.7,193.8,3.57,16.04,9.61,144.4,Severe
17-11-2022,327.0,217.5,160.9,12.9,34.8,30.5,6.49,97.4,60.2,14.21,12.85,1.52,207.9,Satisfactory
18-11-2022,386.8,252.0,27.8,92.5,163.0,28.2,6.53,20.8,124.1,2.27,29.52,9.63,371.5,Satisfactory
19-11-2022,47.3,120.0,24.3,29.4,29.9,43.1,2.07,9.8,162.8,5.36,22.76,1.85,364.7,Satisfactory
20-11-2022,448.6,240.9,53.6,49.3,206.0,23.4,5.73,63.8,194.3,16.83,24.79,2.96,156.7,Poor
21-11-2022,265.5,46.2,13.7,66.4,60.8,7.0,4.82,17.6,7.8,4.59,2.77,0.38,436.4,Poor
22-11-2022,470.1,300.7,94.1,110.6,218.6,2.7,5.61,48.2,28.1,18.54,0.98,8.07,260.8,Satisfactory
23-11-2022,490.7,283.5,140.9,43.6,81.2,20.8,8.47,26.5,97.4,1.5,14.35,7.91,217.4,Poor
24-11-2022,238.3,422.4,197.4,114.4,212.6,18.2,1.33,13.5,42.3,8.72,28.07,6.62,465.7,Moderate
25-11-2022,307.6,239.1,72.2,11.3,195.3,33.6,4.57,13.7,114.0,5.72,18.48,8.52,362.9,Moderate
26-11-2022,118.7,265.2,190.2,11.6,99.3,49.5,2.05,83.4,175.9,14.97,17.11,1.9,0.5,Satisfactory
27-11-2022,432.8,77.7,85.0,106.5,20.0,3.9,3.89,46.7,106.7,4.74,14.38,2.79,343.7,Severe
28-11-2022,344.4,548.0,124.6,13.5,50.2,27.1,0.35,54.1,78.6,5.12,12.6,7.93,146.0,Very Poor
29-11-2022,1.4,510.5,113.7,2.4,93.0,48.9,8.25,29.3,198.8,0.57,24.94,3.39,44.0,Very Poor
30-11-2022,144.7,590.2,138.3,118.3,242.5,8.8,0.95,13.9,38.3,0.45,28.05,7.13,138.9,Severe
01-12-2022,60.5,555.0,85.6,4.5,204.6,16.0,2.44,10.8,167.9,8.14,28.98,7.63,49.7,Moderate
02-12-2022,127.7,466.2,72.5,66.2,124.8,36.3,4.21,15.2,139.0,19.8,14.77,5.12,309.5,Poor
03-12-2022,444.2,411.7,190.4,56.4,25.4,39.6,7.3,64.2,193.5,8.23,14.07,4.42,67.0,Severe
04-12-2022,178.6,463.1,187.7,89.9,7.5,36.1,4.9,74.9,112.0,18.77,2.24,6.64,12.5,Satisfactory
05-12-2022,73.4,519.1,147.6,146.4,209.1,40.4,9.72,81.6,161.7,16.84,25.95,9.97,459.8,Severe
06-12-2022,323.4,478.1,169.8,113.5,197.4,27.1,1.85,45.8,152.3,8.41,17.5,1.75,26.0,Severe
07-12-2022,401.8,11.6,46.9,97.8,166.4,17.7,8.69,21.3,133.8,18.64,8.51,3.87,183.3,Satisfactory
08-12-2022,244.4,393.1,169.6,8.2,83.2,24.4,3.15,51.5,164.7,8.91,25.48,2.46,105.9,Poor
09-12-2022,224.2,278.5,107.9,59.3,219.5,49.2,4.58,38.2,136.2,1.25,6.03,6.13,276.1,Good
10-12-2022,433.3,466.0,134.1,5.9,210.1,30.4,2.84,66.6,6.4,13.25,9.16,0.02,353.3,Very Poor
11-12-2022,196.2,182.2,0.6,44.6,41.0,35.3,1.14,98.6,45.3,18.7,8.24,4.3,128.3,Moderate
12-12-2022,3.8,180.4,91.1,134.7,104.2,43.4,5.62,5.7,47.6,4.69,10.14,7.6,488.4,Satisfactory
13-12-2022,238.9,372.8,107.6,68.6,159.5,43.8,5.5,36.3,98.7,0.18,9.69,3.68,489.6,Severe
14-12-2022,217.3,582.4,5.7,118.8,241.0,34.7,7.6,66.6,133.6,11.42,15.7,5.8,133.2,Very Poor
15-12-2022,443.8,145.4,49.5,46.1,211.2,31.2,1.73,61.0,2.3,8.46,25.21,1.34,93.8,Moderate
16-12-2022,28.7,493.0,73.5,51.3,84.1,13.0,8.7,72.0,35.0,1.63,25.59,6.5,482.2,Poor
17-12-2022,149.4,211.7,30.1,59.2,23.2,13.8,7.93,54.5,135.8,2.48,29.12,4.89,17.0,Satisfactory
18-12-2022,387.0,33.8,101.8,3.6,238.9,31.8,5.0,43.3,160.3,9.24,13.18,6.28,82.5,Moderate
19-12-2022,178.9,409.5,151.1,144.6,84.7,41.9,9.79,32.4,150.7,7.11,29.39,1.71,197.8,Good
20-12-2022,408.5,226.8,143.4,101.3,44.5,3.7,9.73,87.4,198.2,14.7,7.97,8.34,59.5,Good
21-12-2022,418.4,4.1,65.3,122.4,229.2,40.7,5.51,53.7,71.6,13.3,16.09,6.63,343.9,Very Poor
22-12-2022,401.5,205.9,140.3,107.9,154.0,24.0,2.82,72.0,156.9,8.12,26.28,7.86,207.9,Severe
23-12-2022,402.7,260.2,48.7,73.4,212.6,32.2,4.76,15.9,87.2,17.78,26.63,9.5,326.4,Good
24-12-2022,78.3,535.5,112.4,24.4,139.2,15.1,3.23,74.2,28.2,19.39,3.17,5.76,334.8,Good
25-12-2022,61.6,466.7,148.5,130.5,26.6,2.9,6.65,76.1,140.2,2.51,14.02,2.66,124.6,Very Poor
26-12-2022,292.6,296.2,127.8,97.5,197.6,48.4,8.29,16.1,85.4,0.05,19.25,0.61,405.9,Very Poor
27-12-2022,62.5,101.1,147.2,52.7,73.4,18.3,8.94,31.3,174.9,12.6,29.57,3.87,202.6,Moderate
28-12-2022,460.0,34.4,181.5,142.9,171.6,26.7,8.62,92.3,87.8,7.32,20.91,6.52,169.9,Satisfactory
29-12-2022,258.6,525.9,0.0,86.7,58.9,33.2,8.3,3.7,119.5,2.35,13.6,8.4,82.0,Very Poor
30-12-2022,74.7,334.0,92.4,102.7,179.3,10.7,3.83,79.2,131.7,17.54,0.56,3.77,483.5,Satisfactory
31-12-2022,47.9,512.5,141.8,26.4,124.0,43.2,6.97,88.7,27.4,3.64,23.65,9.0,494.9,Poor
01-01-2023,437.7,202.2,140.4,91.3,135.0,6.0,9.62,36.8,78.6,6.49,22.85,6.21,241.2,Poor
02-01-2023,196.4,435.5,65.2,83.6,163.0,44.1,7.07,44.7,119.4,12.24,19.95,3.62,58.8,Satisfactory
03-01-2023,387.4,539.2,120.7,79.0,34.9,3.0,5.45,93.7,149.6,1.07,29.3,2.55,491.1,Poor
04-01-2023,434.0,57.0,31.4,6.5,96.1,37.0,9.23,67.2,183.2,13.35,26.38,3.82,162.6,Very Poor
05-01-2023,103.2,361.9,17.3,33.7,181.7,28.5,8.68,82.4,159.4,8.04,17.07,7.19,182.2,Good
06-01-2023,214.7,270.8,84.1,118.9,155.1,25.0,8.11,18.9,170.1,14.81,3.3,0.1,209.8,Good
07-01-2023,243.3,118.4,132.1,10.4,87.2,8.2,7.44,21.8,177.5,11.14,29.55,1.41,294.0,Good
08-01-2023,122.2,395.6,104.1,56.5,186.0,44.9,4.27,15.7,102.0,15.42,27.88,4.36,66.4,Poor
09-01-2023,218.9,370.5,87.0,134.5,80.4,25.3,5.83,19.3,106.6,0.92,16.07,6.69,49.5,Moderate
10-01-2023,140.2,439.8,160.2,57.2,37.1,44.6,9.39,12.6,195.8,9.31,14.15,4.06,457.8,Very Poor
11-01-2023,90.2,341.7,186.2,90.1,133.4,46.3,8.41,52.6,70.6,19.92,20.08,1.08,305.4,Good
12-01-2023,289.9,215.4,28.7,125.5,86.9,11.8,9.94,69.7,197.8,15.92,25.18,5.38,499.8,Severe
13-01-2023,396.4,191.6,197.7,135.9,19.0,23.2,6.02,62.1,28.7,15.45,1.32,6.18,174.0,Very Poor
14-01-2023,178.9,59.5,161.0,103.1,116.0,27.4,5.56,86.5,85.4,8.06,0.31,1.18,488.5,Very Poor
15-01-2023,11.2,287.1,10.0,44.6,211.5,32.5,9.61,25.1,102.6,4.95,23.78,0.33,332.6,Satisfactory
16-01-2023,469.3,266.6,181.5,6.9,219.6,0.8,2.4,19.9,56.6,11.62,5.16,9.38,335.7,Satisfactory
17-01-2023,298.4,44.9,35.2,129.9,19.7,2.5,5.26,38.6,138.2,6.66,5.96,5.4,109.8,Poor
18-01-2023,414.1,424.6,120.5,92.8,217.5,0.7,6.76,53.8,27.0,12.42,6.02,2.62,259.0,Poor
19-01-2023,307.9,243.0,180.6,110.9,185.8,43.6,6.27,47.2,170.2,4.34,14.94,7.79,86.3,Severe
20-01-2023,230.0,202.2,17.7,1.1,120.2,33.2,3.65,50.3,158.1,8.11,28.05,5.23,450.1,Moderate
21-01-2023,226.2,299.8,49.2,10.7,176.1,41.7,0.95,55.0,134.3,15.86,23.99,2.11,154.2,Moderate
22-01-2023,354.8,53.2,6.6,42.4,75.9,23.0,8.65,61.3,145.6,8.5,6.71,8.26,252.7,Good
23-01-2023,460.0,339.8,12.5,1.2,52.9,20.5,6.09,85.3,140.2,5.95,13.38,9.27,455.3,Poor
24-01-2023,305.3,246.0,73.7,39.8,192.8,12.8,4.59,3.5,61.9,17.33,24.59,2.63,162.8,Very Poor
25-01-2023,482.2,568.6,173.8,85.9,54.7,35.8,8.42,42.1,95.4,6.56,8.41,5.73,232.2,Very Poor
26-01-2023,321.4,509.8,81.3,144.8,241.3,24.8,2.59,93.3,29.4,11.51,15.91,2.35,206.0,Very Poor
27-01-2023,433.2,425.5,30.7,79.0,24.0,25.6,1.94,4.0,131.9,14.33,1.31,7.71,288.0,Poor
28-01-2023,43.0,24.7,149.2,57.2,46.4,44.8,6.9,70.5,183.0,16.79,0.5,8.44,279.5,Severe
29-01-2023,278.6,566.1,118.3,78.3,33.2,27.3,5.64,54.3,46.8,0.15,24.28,2.76,426.5,Very Poor
30-01-2023,498.4,336.5,165.8,98.0,24.8,13.9,8.47,73.9,39.4,10.81,16.77,8.11,206.7,Very Poor
31-01-2023,226.8,327.8,1.9,98.6,8.5,41.1,9.34,92.3,36.1,8.21,27.37,8.82,66.3,Severe
01-02-2023,468.6,371.4,154.7,144.7,102.3,23.4,1.75,44.7,96.9,18.83,11.26,2.66,451.2,Poor
02-02-2023,267.2,304.2,91.7,52.5,245.8,3.7,8.5,58.4,18.8,19.82,7.42,0.5,444.9,Moderate
03-02-2023,9.8,274.6,80.7,84.3,199.2,14.8,1.3,65.8,178.0,5.36,16.12,5.29,409.4,Moderate
04-02-2023,441.4,454.2,73.4,64.2,173.2,33.6,6.82,74.2,166.1,19.85,27.19,2.95,65.0,Very Poor
05-02-2023,458.9,327.2,9.9,32.7,125.1,3.8,9.28,95.4,125.1,13.67,5.48,0.59,407.9,Poor
06-02-2023,131.9,157.2,49.3,143.8,15.7,5.0,5.29,94.2,48.5,8.64,23.2,4.74,240.8,Severe
07-02-2023,298.4,577.3,52.8,68.7,71.8,43.1,1.77,65.5,128.3,12.85,26.76,5.12,280.1,Moderate
08-02-2023,318.2,392.2,20.7,138.0,204.2,44.5,3.95,30.4,58.9,14.76,5.38,3.49,156.3,Good
09-02-2023,316.6,289.5,34.0,51.5,124.9,26.8,5.51,8.9,200.0,10.86,5.0,7.14,374.9,Poor
10-02-2023,11.7,307.3,177.3,116.9,47.5,47.7,4.83,48.1,127.2,18.19,3.24,2.25,213.0,Very Poor
11-02-2023,8.9,364.7,62.2,129.1,223.0,25.6,0.23,55.8,123.0,9.1,9.5,4.98,438.3,Very Poor
12-02-2023,350.8,58.4,133.0,64.8,15.1,29.0,0.11,63.4,109.1,16.1,16.28,2.31,100.2,Poor
13-02-2023,285.1,554.7,31.9,90.4,19.7,3.8,0.35,74.3,126.3,15.41,9.26,9.49,192.2,Moderate
14-02-2023,463.1,399.7,156.1,3.6,230.3,19.6,1.51,98.2,113.2,3.98,15.29,2.19,355.5,Good
15-02-2023,112.8,104.8,60.5,109.1,112.5,14.7,2.94,9.6,64.9,0.18,8.31,3.33,195.5,Poor
16-02-2023,430.1,36.1,37.5,45.5,35.6,45.7,3.72,55.9,23.9,2.45,1.28,9.64,369.1,Severe
17-02-2023,104.5,486.6,25.0,47.7,241.3,12.8,0.89,59.9,198.3,19.43,29.29,1.79,248.9,Severe
18-02-2023,342.3,6.3,116.8,31.4,56.3,3.8,0.52,80.9,126.0,2.42,1.76,1.09,121.0,Severe
19-02-2023,494.7,165.8,185.0,94.5,31.5,11.3,8.97,56.2,99.9,17.01,17.6,3.26,354.7,Very Poor
20-02-2023,384.1,478.6,12.1,50.6,36.4,30.3,5.98,50.5,65.8,9.26,14.84,3.04,147.0,Satisfactory
21-02-2023,480.5,326.7,120.0,26.5,99.8,32.0,4.27,35.7,188.9,19.13,10.8,0.06,349.2,Moderate
22-02-2023,326.5,411.7,28.6,58.5,190.8,6.7,0.23,23.9,9.5,15.57,3.84,7.53,386.9,Satisfactory
23-02-2023,332.3,196.2,56.4,140.6,141.7,45.1,0.3,40.3,162.0,4.42,12.3,0.26,131.8,Good
24-02-2023,118.0,46.4,71.9,128.6,186.1,38.5,8.89,50.9,53.9,13.88,27.16,3.6,138.3,Poor
25-02-2023,261.9,396.6,87.6,44.6,201.9,14.1,3.96,81.1,15.1,9.41,9.41,9.86,186.3,Satisfactory
26-02-2023,480.7,324.2,54.9,59.9,21.9,13.8,7.84,44.8,42.5,15.77,3.84,0.32,325.3,Moderate
27-02-2023,102.8,406.1,33.6,139.3,100.0,46.4,8.79,88.4,50.6,3.18,7.91,3.68,471.5,Moderate
28-02-2023,271.9,329.3,14.3,30.9,124.0,39.1,7.1,14.4,24.0,1.42,12.07,0.99,176.6,Good
01-03-2023,119.1,421.5,190.1,135.6,165.8,12.6,3.05,74.0,145.8,6.8,9.25,1.95,200.6,Moderate
02-03-2023,493.8,31.5,31.6,43.6,93.7,32.0,4.7,41.1,121.6,14.49,2.31,6.6,246.2,Good
03-03-2023,73.1,251.5,118.9,26.4,247.8,3.2,5.1,52.3,82.1,18.0,12.0,2.94,466.9,Poor
04-03-2023,60.2,147.0,179.8,103.2,180.3,18.7,4.52,21.5,72.3,5.6,0.93,3.06,261.0,Very Poor
05-03-2023,198.1,594.7,159.9,130.5,104.3,6.2,4.02,15.5,150.2,8.88,11.92,9.56,142.4,Satisfactory
06-03-2023,325.1,249.8,21.4,88.9,82.1,24.5,1.68,7.0,110.0,14.26,23.13,4.59,160.1,Poor
07-03-2023,491.5,528.6,124.4,16.7,95.4,26.4,6.26,9.3,34.9,2.37,22.11,5.78,61.0,Satisfactory
08-03-2023,291.8,402.1,191.9,28.9,201.8,0.1,5.75,54.5,130.8,0.02,27.85,7.45,156.2,Very Poor
09-03-2023,13.2,433.8,8.0,47.8,62.1,4.2,2.29,99.9,94.8,9.12,14.45,4.51,72.3,Satisfactory
10-03-2023,306.5,374.8,100.0,78.6,158.5,10.6,2.9,56.8,126.9,3.36,6.57,8.35,461.9,Poor
11-03-2023,366.2,502.0,23.1,73.8,61.0,50.0,6.47,91.2,37.0,7.49,16.57,4.38,122.2,Moderate
12-03-2023,223.5,582.3,47.5,98.1,21.9,16.5,6.4,13.2,131.3,12.24,12.17,2.55,149.2,Severe
13-03-2023,464.2,10.4,165.2,137.1,197.7,26.3,0.12,13.1,72.5,2.97,17.16,9.24,102.4,Satisfactory
14-03-2023,397.3,465.1,61.3,143.7,174.3,9.3,1.48,83.7,41.1,2.53,25.98,7.84,208.2,Moderate
15-03-2023,328.9,137.0,95.7,92.8,186.3,36.2,7.2,44.1,61.9,7.87,25.38,9.89,296.7,Satisfactory
16-03-2023,87.4,428.7,10.7,40.9,49.9,43.2,0.84,5.4,61.4,5.02,2.2,2.14,462.9,Satisfactory
17-03-2023,499.6,50.4,182.4,100.3,76.6,33.7,9.53,54.6,199.8,5.53,25.3,9.93,464.9,Very Poor
18-03-2023,454.0,63.0,12.8,94.4,147.8,29.8,6.02,80.3,28.7,10.87,24.02,2.74,176.6,Satisfactory
19-03-2023,186.5,351.3,89.1,92.7,86.0,35.3,1.66,45.5,130.9,11.74,18.67,5.19,19.0,Very Poor
20-03-2023,71.0,162.0,147.3,28.5,52.4,17.6,7.93,63.8,139.1,6.04,8.8,1.08,370.7,Moderate
21-03-2023,320.3,338.2,60.7,104.8,76.6,9.3,6.75,42.7,91.6,6.13,8.62,7.13,137.5,Good
22-03-2023,95.8,214.1,44.5,133.8,222.6,13.6,4.1,32.3,182.3,6.74,27.89,4.08,342.5,Very Poor
23-03-2023,387.4,398.0,75.3,48.6,225.7,20.1,2.12,50.4,64.5,19.28,25.4,2.27,485.5,Poor
24-03-2023,439.4,156.4,8.9,23.7,87.7,28.2,9.94,33.4,107.7,17.56,14.13,0.32,168.2,Moderate
25-03-2023,58.0,279.7,124.6,67.2,179.8,12.1,0.82,26.5,88.4,7.74,5.57,2.42,367.1,Satisfactory
26-03-2023,443.2,37.8,177.3,25.6,247.5,45.3,7.6,34.5,74.9,7.21,26.28,2.54,195.9,Satisfactory
27-03-2023,482.6,218.4,33.1,42.8,181.1,29.3,7.62,80.8,74.1,15.68,4.47,9.53,119.2,Very Poor
28-03-2023,440.2,574.6,11.6,72.6,54.9,33.3,6.06,87.3,91.0,19.05,29.48,1.49,227.7,Good
29-03-2023,234.4,553.9,5.1,83.9,94.3,16.2,8.67,14.3,19.0,15.66,14.84,1.02,106.4,Severe
30-03-2023,254.9,301.7,114.6,44.2,5.4,36.8,3.21,39.7,174.1,11.89,15.94,4.38,19.7,Satisfactory
31-03-2023,88.8,119.4,127.9,75.2,83.9,34.0,7.85,12.9,88.6,12.14,1.16,8.65,485.0,Poor
01-04-2023,316.8,529.3,131.5,107.7,98.2,19.0,2.57,90.6,127.7,6.28,3.57,9.78,371.1,Poor
02-04-2023,434.4,565.1,80.2,68.7,171.3,7.8,1.85,97.3,102.4,14.15,25.51,6.97,64.5,Moderate
03-04-2023,281.8,400.0,179.9,94.9,4.8,12.5,8.74,6.8,93.5,1.52,2.67,0.56,109.6,Good
04-04-2023,68.4,96.7,31.6,149.8,211.4,35.6,2.73,70.0,147.2,1.52,19.72,8.72,303.4,Satisfactory
05-04-2023,178.4,366.3,181.8,68.6,230.1,40.2,5.23,99.1,47.9,10.39,7.11,6.42,305.8,Moderate
06-04-2023,273.5,526.6,138.5,27.2,132.5,42.5,7.57,60.6,192.2,7.69,26.22,5.23,462.0,Satisfactory
07-04-2023,239.0,363.6,91.2,17.3,2.1,47.6,8.37,59.7,178.2,11.47,26.51,4.62,94.3,Good
08-04-2023,346.5,20.8,50.6,105.6,197.5,12.5,7.25,92.9,103.5,5.56,21.45,2.39,325.5,Good
09-04-2023,286.9,393.9,17.1,138.6,145.2,25.9,3.35,15.8,192.1,10.24,7.03,3.23,68.0,Poor
10-04-2023,241.7,280.9,142.8,84.3,215.1,12.7,9.41,82.4,65.7,6.88,21.88,5.13,133.1,Severe
11-04-2023,132.5,388.7,16.3,136.8,98.9,0.8,9.14,32.2,198.6,11.04,27.51,4.54,189.8,Poor
12-04-2023,107.3,254.6,25.0,99.4,209.3,18.8,9.43,96.4,49.2,9.92,24.01,3.94,493.8,Very Poor
13-04-2023,303.2,10.7,156.7,89.8,179.2,21.8,6.73,77.3,142.0,0.27,27.31,4.51,159.0,Moderate
14-04-2023,167.1,31.7,158.6,136.1,86.6,0.1,5.67,80.2,125.7,19.6,6.3,0.47,385.1,Very Poor
15-04-2023,161.0,554.7,123.6,138.1,4.4,36.7,2.17,88.8,102.5,5.6,3.25,7.36,343.8,Moderate
16-04-2023,172.0,566.2,175.9,120.0,52.8,48.5,8.81,62.1,118.4,12.66,16.12,7.83,356.0,Good
17-04-2023,360.7,40.0,150.6,25.0,230.9,47.2,6.05,17.2,102.3,1.94,15.02,0.99,202.0,Moderate
18-04-2023,407.6,203.4,65.4,66.7,219.2,22.4,7.25,19.2,183.2,2.03,26.04,6.45,74.0,Moderate
19-04-2023,160.0,299.1,145.0,41.4,83.3,16.6,5.81,75.9,114.7,5.58,27.42,0.97,249.5,Moderate
20-04-2023,152.6,95.8,70.6,114.2,149.2,43.0,9.07,36.4,186.9,6.77,14.35,2.81,158.9,Severe
21-04-2023,458.1,370.1,48.2,37.0,97.3,27.0,1.13,23.3,164.7,14.0,7.34,5.72,89.0,Very Poor
22-04-2023,249.0,533.3,170.1,108.4,33.6,36.1,2.86,38.7,101.3,18.84,7.81,3.16,157.3,Satisfactory
23-04-2023,313.7,394.1,92.1,107.0,225.4,7.6,1.5,71.4,184.4,2.05,3.62,1.63,81.4,Good
24-04-2023,144.3,403.8,121.2,62.2,239.9,4.6,3.61,69.7,44.7,18.62,1.02,6.97,325.2,Moderate
25-04-2023,106.9,533.2,189.4,96.3,97.7,44.3,1.76,62.3,43.2,8.15,2.63,2.03,0.1,Poor
26-04-2023,220.0,520.7,150.6,25.2,212.5,26.8,0.95,79.5,89.2,7.99,22.59,6.58,107.3,Severe
27-04-2023,33.2,412.9,133.5,78.3,80.1,9.3,7.04,12.8,164.0,8.58,22.39,7.3,399.3,Satisfactory
28-04-2023,236.6,86.7,70.4,83.3,87.9,28.1,6.19,50.2,68.5,10.87,20.95,9.25,410.0,Good
29-04-2023,34.8,320.0,46.7,46.9,35.5,36.3,2.45,23.5,166.4,2.73,29.61,2.7,73.9,Very Poor
30-04-2023,331.0,138.3,173.3,131.5,1.4,37.6,4.16,27.0,186.9,3.73,22.45,4.0,402.9,Moderate
01-05-2023,234.5,105.0,22.9,33.0,89.6,32.4,8.36,69.4,39.6,4.44,3.83,7.25,199.7,Very Poor
02-05-2023,40.7,306.6,90.4,5.2,140.9,45.7,1.93,43.5,114.0,4.61,20.64,4.5,337.9,Good
03-05-2023,89.8,597.9,106.0,23.0,30.3,26.7,8.1,4.6,113.6,2.69,28.8,9.28,258.7,Poor
04-05-2023,369.7,207.5,19.4,131.8,80.9,7.8,9.26,2.4,62.9,12.51,23.58,5.74,86.4,Moderate
05-05-2023,338.3,41.1,194.2,30.8,144.6,37.0,9.47,2.6,57.3,10.34,19.98,7.95,176.3,Satisfactory
06-05-2023,460.3,513.0,23.5,36.8,181.4,28.3,8.37,28.7,129.9,15.12,2.66,1.71,455.9,Moderate
07-05-2023,429.1,373.9,39.5,59.1,205.9,47.3,9.35,59.1,3.3,10.67,16.01,4.45,297.9,Satisfactory
08-05-2023,279.3,486.1,166.9,139.5,188.4,23.9,7.26,50.3,141.3,10.43,9.19,0.66,146.9,Satisfactory
09-05-2023,62.6,71.5,119.0,135.6,95.3,26.5,1.38,80.3,199.2,4.12,24.88,2.24,17.1,Severe
10-05-2023,44.1,98.4,8.3,18.6,213.2,35.6,1.79,83.3,103.2,15.08,14.02,2.46,360.7,Satisfactory
11-05-2023,311.7,190.4,192.7,18.3,62.6,19.3,3.28,49.9,17.4,5.89,2.83,0.87,23.8,Satisfactory
12-05-2023,101.6,280.1,12.2,95.8,80.3,32.9,4.48,43.9,18.9,18.11,10.46,5.87,308.8,Poor
13-05-2023,388.2,117.9,18.7,127.0,196.6,24.8,3.7,81.4,95.5,2.94,23.78,1.76,188.8,Poor
14-05-2023,140.7,93.2,192.7,21.3,221.5,11.0,4.44,41.6,139.4,12.23,29.86,9.48,283.6,Moderate
15-05-2023,5.0,182.1,44.1,79.1,118.3,32.8,5.74,43.7,198.5,12.53,27.86,7.29,292.1,Moderate
16-05-2023,278.0,286.9,93.2,85.6,218.8,46.5,2.64,92.8,76.5,9.27,21.19,2.38,193.7,Moderate
17-05-2023,365.1,197.1,116.5,146.9,107.8,7.2,3.92,44.1,75.3,9.97,10.7,4.1,204.0,Satisfactory
18-05-2023,188.6,231.3,51.7,41.0,88.8,26.3,0.75,63.8,173.4,10.83,10.78,2.76,422.6,Very Poor
19-05-2023,206.2,229.7,91.8,66.7,129.3,14.6,7.28,46.6,40.3,1.42,10.58,3.74,20.5,Severe
20-05-2023,16.8,318.4,70.6,73.8,10.9,12.1,4.13,99.3,141.8,11.82,1.35,8.73,192.4,Moderate
21-05-2023,494.1,556.8,120.0,112.5,236.9,45.1,3.83,70.6,135.9,15.48,18.04,1.06,0.9,Good
22-05-2023,391.2,508.7,155.0,61.3,218.7,41.1,6.69,82.3,134.5,4.01,1.32,5.56,126.6,Poor
23-05-2023,343.0,153.0,133.9,45.6,208.6,40.8,5.67,14.5,95.9,13.1,2.0,1.11,250.2,Good
24-05-2023,326.7,47.1,148.0,107.0,249.3,18.7,3.99,32.3,70.8,0.25,29.69,0.64,34.6,Satisfactory
25-05-2023,219.8,557.5,85.9,117.9,84.2,32.9,9.52,44.5,147.2,6.68,18.38,1.21,461.7,Satisfactory
26-05-2023,202.2,583.8,59.7,131.8,33.5,32.7,3.3,75.1,81.8,14.24,11.89,0.58,324.3,Poor
27-05-2023,69.5,304.4,130.8,83.7,76.9,13.4,6.96,9.1,53.3,15.82,4.65,5.27,71.2,Good
28-05-2023,323.2,379.0,147.9,58.8,62.9,28.6,4.03,41.1,102.2,7.36,25.56,8.79,381.5,Very Poor
29-05-2023,78.6,504.3,63.7,144.4,167.3,46.4,5.69,25.7,159.7,5.57,28.34,2.54,392.7,Moderate
30-05-2023,391.9,451.2,37.0,9.9,213.1,45.2,8.41,82.4,125.7,2.14,4.52,9.5,427.6,Very Poor
31-05-2023,28.8,318.8,15.7,106.3,124.5,24.4,0.88,47.4,165.4,1.13,0.87,8.1,94.0,Very Poor
01-06-2023,214.4,498.5,78.4,116.8,90.0,25.2,6.94,98.5,181.4,5.31,22.5,3.54,408.1,Severe
02-06-2023,272.3,127.7,95.7,149.8,44.1,42.8,0.4,39.8,163.8,10.2,16.25,3.85,227.2,Good
03-06-2023,350.3,429.6,164.9,93.3,24.7,35.2,2.5,11.0,96.0,19.75,18.91,1.82,325.5,Satisfactory
04-06-2023,472.3,48.6,128.1,29.0,126.4,34.7,0.35,24.0,74.8,19.36,22.3,0.75,177.7,Satisfactory
05-06-2023,19.7,342.4,113.8,101.6,96.2,49.2,6.88,79.1,100.3,5.08,17.9,0.32,476.9,Satisfactory
06-06-2023,479.3,241.1,6.6,100.4,34.0,30.0,1.83,60.8,149.0,10.85,12.89,0.87,191.8,Satisfactory
07-06-2023,61.8,19.4,94.2,22.4,146.4,48.8,8.83,49.3,124.4,9.62,6.54,4.22,117.3,Satisfactory
08-06-2023,113.9,530.7,17.4,50.3,128.9,24.6,1.05,95.3,9.2,11.05,0.81,3.91,489.8,Good
09-06-2023,165.0,431.6,134.3,101.9,208.0,19.7,4.92,70.2,115.2,3.42,1.78,5.37,52.1,Moderate
10-06-2023,259.5,18.3,117.6,62.1,205.3,18.5,2.79,96.9,86.8,7.81,27.79,4.65,475.7,Severe
11-06-2023,434.1,206.2,14.6,144.9,37.5,15.9,7.45,79.5,8.0,9.26,5.24,3.69,116.6,Moderate
12-06-2023,465.6,555.6,54.9,111.2,170.4,23.8,1.72,65.1,193.0,7.4,18.37,7.62,428.8,Good
13-06-2023,469.9,507.7,79.0,85.0,154.2,19.1,4.37,43.3,95.6,14.27,0.7,0.22,204.4,Moderate
14-06-2023,67.1,307.9,124.9,108.7,207.3,6.5,2.5,22.8,63.2,11.68,3.35,1.86,333.7,Poor
15-06-2023,286.7,564.3,135.3,80.6,88.0,27.7,7.27,37.6,13.6,13.94,21.53,0.54,42.6,Satisfactory
16-06-2023,379.0,151.4,120.1,107.4,56.5,4.9,5.19,9.2,84.7,7.49,25.0,7.24,429.2,Poor
17-06-2023,170.5,398.3,139.6,74.4,169.7,40.5,9.87,11.7,184.4,1.17,16.39,6.68,352.4,Severe
18-06-2023,322.3,534.9,20.0,66.1,237.5,29.6,0.24,74.0,38.7,16.12,3.2,2.45,137.4,Satisfactory
19-06-2023,363.6,212.6,68.3,26.2,111.9,28.7,7.23,3.1,142.1,5.84,5.47,4.5,318.2,Moderate
20-06-2023,156.5,124.3,32.9,79.6,194.3,24.1,8.37,51.2,160.1,1.28,28.01,1.57,381.3,Good
21-06-2023,53.4,78.5,85.1,142.5,41.2,18.0,7.37,74.9,42.5,8.5,12.5,6.2,85.5,Satisfactory
22-06-2023,206.9,150.3,137.2,57.3,8.3,0.1,6.19,27.4,194.1,15.42,16.29,6.9,330.0,Poor
23-06-2023,200.8,561.0,128.1,127.4,215.0,16.2,3.58,91.9,166.9,0.68,12.15,2.58,234.6,Poor
24-06-2023,444.2,401.8,81.1,86.6,123.4,49.6,6.06,52.5,12.4,3.42,7.37,3.38,11.8,Very Poor
25-06-2023,203.3,7.0,62.4,37.3,179.2,22.0,4.45,88.3,51.7,4.78,11.74,9.36,214.5,Moderate
26-06-2023,379.4,135.7,48.8,40.2,200.8,39.1,7.78,59.2,79.2,11.6,0.79,6.02,421.2,Very Poor
27-06-2023,46.8,73.9,56.2,129.2,133.6,40.9,4.73,50.4,8.1,15.91,6.58,8.82,213.5,Poor
28-06-2023,309.1,1.7,76.4,45.5,231.3,44.7,3.65,60.9,182.5,0.89,16.73,9.24,90.0,Good
29-06-2023,348.1,521.3,126.3,39.7,77.9,28.8,3.96,49.2,138.2,0.5,21.69,2.59,435.2,Severe
30-06-2023,442.9,243.6,88.2,127.0,168.4,47.9,1.59,86.4,189.8,5.96,8.31,1.93,97.2,Good
01-07-2023,135.2,527.5,159.0,19.5,151.9,45.5,7.94,12.2,177.1,18.74,9.54,8.18,133.1,Severe
02-07-2023,399.5,382.8,196.0,138.7,99.1,5.7,2.73,25.2,129.4,12.64,15.62,8.14,83.3,Very Poor
03-07-2023,28.3,4.8,141.0,54.3,111.7,24.0,9.05,24.0,143.7,14.99,4.26,1.43,222.1,Severe
04-07-2023,22.3,411.7,89.3,57.0,136.2,43.9,0.97,28.0,179.2,14.05,25.54,4.84,142.6,Satisfactory
05-07-2023,427.8,417.0,155.0,85.0,124.5,6.2,8.58,26.7,41.2,11.65,8.87,8.69,301.0,Severe
06-07-2023,328.8,304.6,30.7,34.6,130.8,31.7,5.49,13.2,17.1,11.76,6.42,0.14,269.4,Very Poor
07-07-2023,412.0,243.1,97.4,117.1,79.0,21.7,9.44,20.5,43.0,2.26,17.4,7.23,79.7,Poor
08-07-2023,225.3,293.6,155.1,46.4,212.8,30.9,2.87,33.4,10.2,5.23,10.5,3.11,388.4,Good
09-07-2023,39.5,184.5,29.7,121.9,0.2,49.3,9.53,46.2,36.1,8.48,1.69,8.75,137.3,Satisfactory
10-07-2023,187.3,412.0,84.2,25.3,56.9,5.6,1.04,20.6,107.8,15.33,22.66,0.09,195.6,Good
11-07-2023,310.4,464.2,19.2,149.9,147.5,33.3,4.69,1.3,178.6,19.79,24.55,4.97,194.6,Good
12-07-2023,215.2,206.4,32.3,124.9,229.9,14.7,2.8,42.5,156.7,16.78,6.36,1.79,434.6,Poor
13-07-2023,446.9,12.5,59.3,137.8,200.3,2.3,0.03,2.5,178.3,13.22,24.28,2.33,188.3,Good
14-07-2023,415.5,113.1,42.0,84.8,63.7,20.8,1.24,62.4,134.1,12.59,22.33,2.68,107.1,Good
15-07-2023,432.7,179.9,56.1,75.0,64.5,13.7,3.92,33.7,129.4,17.73,0.6,4.67,291.5,Satisfactory
16-07-2023,330.5,255.9,1.7,122.1,55.7,7.1,5.1,74.2,100.4,5.96,21.19,2.78,125.0,Severe
17-07-2023,163.5,257.9,105.0,0.8,60.2,38.1,0.67,22.7,49.0,5.2,17.58,6.57,312.8,Very Poor
18-07-2023,255.1,275.0,10.9,26.5,105.6,10.9,1.39,57.6,121.7,13.77,23.59,5.96,65.5,Good
19-07-2023,367.8,1.1,127.6,147.6,119.8,42.3,0.29,59.8,122.4,4.99,6.43,2.87,88.3,Poor
20-07-2023,307.8,504.0,22.7,62.7,228.5,4.3,3.43,43.4,111.9,18.66,23.84,2.65,353.3,Poor
21-07-2023,134.1,435.3,72.6,119.3,129.1,18.2,4.31,29.5,12.4,6.78,4.09,6.48,155.2,Good
22-07-2023,14.3,125.3,194.1,70.2,92.9,48.1,0.99,46.9,40.0,6.12,3.11,0.0,200.3,Very Poor
23-07-2023,358.0,557.8,164.6,81.4,42.1,48.8,2.39,41.8,22.8,10.34,29.26,3.29,371.9,Poor
24-07-2023,156.7,430.4,193.5,105.3,60.5,48.2,4.57,68.0,60.2,1.05,19.56,5.43,251.8,Moderate
25-07-2023,94.6,63.9,159.8,71.7,99.6,32.6,5.71,10.8,74.7,18.58,17.3,1.98,471.4,Good
26-07-2023,139.3,422.7,11.2,33.5,91.3,36.8,6.32,54.6,117.8,3.35,17.24,1.09,75.9,Satisfactory
27-07-2023,13.5,119.1,16.3,118.9,55.5,20.3,3.48,92.4,196.2,10.71,6.05,4.97,145.5,Good
28-07-2023,337.1,105.4,12.6,123.7,68.2,24.4,4.52,47.7,137.7,0.43,28.45,7.23,36.4,Good
29-07-2023,269.5,329.0,74.7,5.8,99.5,13.9,1.85,74.8,43.4,13.72,17.85,5.76,454.5,Poor
30-07-2023,109.1,545.6,102.6,82.1,216.3,50.0,6.41,41.5,22.1,14.68,0.01,7.75,278.5,Good
31-07-2023,222.3,457.2,54.8,1.0,229.0,46.1,0.86,90.2,9.9,18.07,3.63,2.53,400.5,Very Poor
01-08-2023,429.1,291.1,121.7,132.0,3.1,26.4,7.54,8.0,19.4,5.52,7.39,2.47,395.1,Poor
02-08-2023,443.7,387.5,199.7,27.2,60.8,2.0,0.41,51.2,28.5,11.59,16.14,5.59,316.9,Poor
03-08-2023,463.0,245.2,144.1,9.7,184.2,35.6,4.17,34.8,7.8,8.63,2.01,1.78,461.0,Good
04-08-2023,51.1,39.2,38.0,134.5,175.8,44.0,7.95,96.7,118.9,9.1,26.81,1.32,197.8,Moderate
05-08-2023,377.9,406.6,194.4,84.4,163.0,38.0,6.95,46.2,84.5,0.5,6.52,7.8,349.6,Severe
06-08-2023,140.7,62.7,152.1,67.8,75.4,34.9,0.82,60.7,33.4,13.78,7.32,7.36,265.2,Very Poor
07-08-2023,450.8,127.8,68.2,60.3,100.8,2.9,3.64,17.4,78.6,12.16,3.91,7.07,313.0,Poor
08-08-2023,335.2,447.6,114.9,131.9,245.2,32.7,6.54,59.4,175.2,7.62,19.45,2.03,10.7,Poor
09-08-2023,453.0,320.0,145.4,21.5,220.8,36.5,8.86,59.9,50.2,3.87,3.41,8.57,293.1,Satisfactory
10-08-2023,51.1,421.4,178.1,108.7,160.1,11.6,4.32,16.9,0.8,0.58,18.08,0.82,295.3,Moderate
11-08-2023,268.2,206.4,68.8,25.7,73.5,12.0,5.02,28.1,53.8,2.61,16.58,6.48,121.8,Severe
12-08-2023,160.9,118.8,166.9,46.4,247.2,1.5,0.3,68.4,133.2,14.86,20.99,8.18,478.2,Severe
13-08-2023,496.5,468.5,117.6,88.1,100.9,11.6,2.65,21.4,182.8,2.5,2.69,5.7,433.7,Satisfactory
14-08-2023,217.9,415.2,78.3,108.7,218.5,24.6,3.77,19.3,139.1,16.86,6.5,0.05,394.1,Satisfactory
15-08-2023,63.3,399.0,139.7,92.0,187.4,4.9,9.22,37.8,159.9,2.13,2.92,1.26,33.7,Good
16-08-2023,198.0,147.8,164.8,48.0,192.4,13.8,0.31,80.4,179.2,8.53,17.79,7.17,36.4,Good
17-08-2023,20.2,514.5,39.6,26.3,208.9,13.2,9.17,40.3,73.8,14.79,10.78,7.72,71.1,Severe
18-08-2023,102.2,420.5,101.1,101.3,56.1,38.3,8.74,79.6,99.6,3.44,8.51,0.89,302.1,Satisfactory
19-08-2023,169.9,8.4,41.3,20.8,13.5,45.3,3.39,74.3,112.1,15.81,1.56,6.33,415.9,Good
20-08-2023,424.9,10.1,48.6,1.4,118.6,16.0,2.89,59.8,192.0,6.85,0.3,1.23,59.2,Severe
21-08-2023,444.7,25.3,108.0,46.7,197.7,6.7,2.66,6.9,123.2,19.45,6.64,8.19,139.7,Good
22-08-2023,210.7,329.5,6.7,43.0,162.4,29.6,2.23,5.9,157.6,9.15,1.81,3.1,174.7,Good
23-08-2023,76.5,382.2,57.9,37.2,20.2,11.8,2.6,81.9,81.8,3.63,16.43,3.02,286.0,Moderate
24-08-2023,446.4,574.8,83.1,10.0,55.8,42.9,3.79,56.6,98.7,9.53,11.57,9.45,290.1,Severe
25-08-2023,82.5,104.5,5.6,13.9,79.4,30.1,4.62,5.4,106.6,16.22,14.36,5.89,211.9,Good
26-08-2023,68.8,593.9,1.9,71.7,57.6,10.6,7.85,73.5,138.5,10.65,27.02,5.11,7.1,Very Poor
27-08-2023,198.3,209.2,74.2,39.3,179.9,24.6,7.76,7.6,22.1,8.45,18.61,9.21,320.1,Severe
28-08-2023,159.6,162.5,160.3,65.9,160.5,35.0,9.77,73.0,105.2,12.44,27.68,9.71,73.4,Good
29-08-2023,94.1,381.9,24.5,91.4,166.9,1.2,4.74,20.9,72.9,3.56,1.21,2.65,443.6,Severe
30-08-2023,381.2,166.7,139.0,83.0,174.2,32.7,3.71,3.6,20.8,5.52,5.7,4.62,423.9,Very Poor
31-08-2023,112.7,111.6,73.9,129.7,201.5,29.3,2.16,93.6,184.8,17.52,16.33,3.94,264.3,Good
01-09-2023,448.6,41.0,46.4,134.7,141.6,17.5,4.54,70.1,187.3,4.69,14.88,6.73,378.6,Poor
02-09-2023,88.9,325.7,120.7,36.0,55.2,33.9,0.97,44.7,110.5,10.68,13.32,1.34,400.2,Satisfactory
03-09-2023,53.3,450.9,67.0,127.4,160.5,2.8,7.72,21.5,146.4,8.2,20.41,3.08,392.7,Good
04-09-2023,129.3,51.0,157.7,96.3,247.8,26.8,3.06,26.9,51.6,15.79,4.2,6.19,480.1,Good
05-09-2023,34.3,399.7,48.6,51.0,0.3,15.7,0.66,46.0,77.9,18.42,3.17,2.46,17.7,Very Poor
06-09-2023,343.7,21.2,115.0,96.8,106.6,24.0,7.29,75.1,24.2,11.69,22.71,0.85,373.9,Satisfactory
07-09-2023,131.7,139.5,80.4,143.9,123.6,48.0,3.22,87.9,86.2,8.91,13.41,3.77,77.1,Good
08-09-2023,183.7,317.7,127.1,100.2,148.8,30.6,9.37,55.0,134.1,5.91,1.57,9.76,298.4,Poor
09-09-2023,200.5,150.1,8.5,83.4,213.8,18.1,2.65,73.9,27.7,19.97,15.25,2.89,97.2,Moderate
10-09-2023,402.8,564.8,58.1,84.9,123.5,28.4,8.64,46.1,188.8,11.44,27.42,7.2,209.4,Good
11-09-2023,172.5,89.0,124.2,101.9,203.1,19.3,5.92,81.9,19.8,11.62,27.36,7.04,278.1,Moderate
12-09-2023,115.2,469.8,85.7,78.7,50.1,21.3,1.48,87.8,27.5,3.04,6.66,4.09,232.2,Poor
13-09-2023,254.7,418.4,73.2,57.2,221.7,41.0,1.38,77.1,100.1,6.45,21.62,3.17,2.8,Very Poor
14-09-2023,205.0,562.4,122.4,89.7,16.6,34.4,6.31,96.5,185.7,14.45,26.78,6.42,435.1,Very Poor
15-09-2023,56.0,313.1,164.2,70.1,71.0,30.9,8.7,65.6,178.9,6.24,2.8,5.18,284.8,Satisfactory
16-09-2023,48.6,27.1,126.6,0.2,214.1,6.0,1.27,98.8,125.7,19.93,2.97,6.58,65.9,Satisfactory
17-09-2023,42.4,242.8,19.9,2.9,232.8,45.5,5.47,63.3,114.5,19.79,16.93,0.98,379.2,Severe
18-09-2023,60.1,546.3,96.0,79.3,53.7,42.2,9.98,61.2,4.5,19.49,16.49,0.47,348.2,Poor
19-09-2023,60.6,266.0,41.7,92.2,98.5,7.3,3.78,23.1,20.3,12.83,16.49,0.03,257.1,Satisfactory
20-09-2023,21.7,345.2,197.5,56.1,14.8,13.6,2.12,51.8,49.6,5.97,17.26,2.68,205.1,Satisfactory
21-09-2023,482.2,89.7,24.1,144.9,180.7,15.1,8.15,46.6,152.6,7.28,11.67,9.02,398.8,Poor
22-09-2023,185.2,252.4,79.2,129.5,220.1,37.2,1.11,74.0,103.7,7.43,12.15,6.63,243.7,Good
23-09-2023,92.5,81.2,1.2,102.7,19.4,21.1,3.24,55.6,193.5,19.08,26.02,0.28,22.9,Very Poor
24-09-2023,86.0,372.1,47.9,70.7,78.8,29.7,8.2,20.3,180.4,6.0,6.44,0.41,154.4,Good
25-09-2023,437.2,217.0,133.0,86.5,230.7,19.4,8.41,20.3,111.4,1.6,27.39,8.47,372.7,Satisfactory
26-09-2023,288.9,313.4,95.7,106.4,185.3,27.7,2.77,85.5,98.6,6.66,1.83,2.89,77.4,Moderate
27-09-2023,135.2,309.7,100.0,26.1,190.3,8.6,3.74,95.2,5.6,14.82,26.2,6.93,194.5,Very Poor
28-09-2023,99.6,187.3,91.9,56.9,204.7,9.5,7.23,48.6,132.6,0.33,12.87,6.34,238.7,Moderate
29-09-2023,267.1,45.2,15.9,56.5,27.5,6.4,5.76,77.8,115.7,2.2,17.48,5.08,379.9,Severe
30-09-2023,101.5,271.3,140.3,105.2,48.4,34.4,6.57,10.3,2.0,11.32,9.85,6.71,268.9,Satisfactory
01-10-2023,225.2,307.1,143.8,15.4,138.2,30.3,9.06,8.3,29.5,1.72,18.84,3.93,152.1,Satisfactory
02-10-2023,393.9,196.9,117.6,102.4,187.6,19.4,6.31,66.8,109.6,6.46,14.68,5.44,478.0,Severe
03-10-2023,119.1,385.9,165.2,38.1,134.2,35.8,6.56,56.1,199.7,5.15,12.36,2.74,372.3,Severe
04-10-2023,487.5,310.1,91.0,70.1,24.8,26.6,4.76,81.4,52.9,11.0,20.38,4.89,430.6,Moderate
05-10-2023,408.6,319.0,17.0,135.2,24.3,20.3,6.08,98.3,1.5,2.13,17.14,4.21,321.1,Severe
06-10-2023,381.1,394.0,172.4,93.0,9.4,36.1,3.43,12.9,196.6,12.14,0.76,0.97,335.1,Very Poor
07-10-2023,64.9,328.7,166.8,106.6,199.9,19.2,3.23,33.0,147.8,8.25,17.15,0.17,63.6,Satisfactory
08-10-2023,495.6,405.9,54.8,130.9,90.7,31.4,5.97,42.4,45.9,17.4,8.49,7.17,366.6,Severe
09-10-2023,256.3,581.5,76.9,27.6,124.7,38.7,3.59,28.8,127.6,6.35,19.52,1.66,129.5,Very Poor
10-10-2023,470.5,547.1,174.7,11.6,15.7,1.5,0.61,57.1,32.9,6.35,3.94,9.15,364.0,Moderate
11-10-2023,17.4,75.3,153.0,3.0,138.3,34.8,5.95,64.8,3.8,3.37,28.5,4.7,53.6,Satisfactory
12-10-2023,32.3,594.0,135.7,84.9,55.4,39.2,0.66,81.8,125.7,4.02,24.77,1.59,252.9,Moderate
13-10-2023,331.7,94.4,172.6,97.1,222.8,32.1,2.3,77.7,197.9,15.43,13.71,1.34,393.0,Good
14-10-2023,363.8,229.0,70.2,87.0,228.2,40.5,2.33,17.4,103.2,16.18,6.85,8.76,79.8,Very Poor
15-10-2023,25.1,334.7,45.9,112.4,141.7,5.0,4.59,26.7,161.5,16.74,7.41,6.46,132.0,Severe
16-10-2023,140.4,582.1,121.0,1.7,241.2,11.0,6.65,80.9,123.5,0.91,5.29,9.72,54.1,Severe
17-10-2023,168.8,464.6,80.5,112.1,45.1,39.3,4.2,96.1,153.1,12.68,12.83,7.45,95.4,Poor
18-10-2023,491.5,535.8,166.9,141.6,24.3,42.6,9.72,36.5,115.7,11.94,4.95,0.29,353.8,Satisfactory
19-10-2023,20.3,168.9,121.9,123.2,198.6,35.1,7.09,56.4,53.6,5.67,13.56,8.13,160.4,Severe
20-10-2023,382.9,423.6,105.2,42.5,157.9,5.2,1.74,36.5,67.6,13.27,28.42,3.07,86.3,Very Poor
21-10-2023,78.0,241.6,120.1,38.4,96.8,4.2,6.21,3.0,174.2,2.73,21.94,9.82,282.2,Very Poor
22-10-2023,218.1,124.4,168.7,37.4,195.5,7.6,8.8,8.3,13.7,12.85,29.2,0.63,187.6,Good
23-10-2023,269.0,341.2,177.9,148.4,79.3,15.2,6.27,61.0,60.9,5.75,12.15,5.84,403.8,Very Poor
24-10-2023,81.9,574.0,165.4,22.5,16.4,22.4,5.0,99.9,151.4,7.07,15.54,1.32,196.5,Good
25-10-2023,277.8,288.2,193.7,5.6,42.9,12.7,8.27,1.3,28.9,4.81,12.51,1.13,41.2,Severe
26-10-2023,306.6,41.3,185.2,5.6,232.7,27.0,3.57,95.1,4.1,5.35,3.46,2.74,222.0,Severe
27-10-2023,491.4,511.5,111.5,114.3,126.6,26.0,0.55,63.8,71.5,13.15,13.98,7.64,402.1,Satisfactory
28-10-2023,219.2,406.9,62.0,149.2,196.3,7.0,7.98,40.8,58.3,5.15,25.21,6.18,58.5,Very Poor
29-10-2023,169.7,2.5,47.0,144.8,19.2,10.3,7.51,26.7,6.4,13.64,12.86,7.67,456.8,Severe
30-10-2023,295.4,458.7,141.1,140.4,160.0,22.0,7.38,15.0,61.9,12.9,6.7,5.15,116.2,Moderate
31-10-2023,399.0,321.8,145.0,24.4,66.7,28.7,4.62,77.9,157.8,15.1,25.84,3.56,36.0,Poor
01-11-2023,496.5,211.4,48.1,90.1,229.1,35.4,3.74,77.5,108.9,4.94,11.92,2.31,227.7,Good
02-11-2023,346.6,28.9,95.6,123.3,124.0,14.7,7.2,50.3,137.5,11.85,24.88,0.64,299.8,Moderate
03-11-2023,368.1,574.7,56.2,77.1,87.3,21.9,5.41,43.5,65.0,19.22,29.63,3.85,451.5,Moderate
04-11-2023,308.1,124.9,180.8,81.0,139.3,19.4,0.93,74.1,163.9,5.29,29.34,8.65,447.7,Satisfactory
05-11-2023,265.4,573.4,74.2,69.8,156.1,11.3,1.52,62.7,150.1,17.62,16.43,3.55,382.1,Moderate
06-11-2023,220.7,221.1,125.7,30.7,170.2,45.8,7.19,81.0,163.0,17.38,9.43,3.42,160.7,Poor
07-11-2023,349.1,261.3,162.9,57.8,137.2,47.2,8.47,78.0,92.2,14.89,15.17,7.4,28.6,Very Poor
08-11-2023,438.4,265.9,32.7,23.6,73.8,16.8,8.45,74.6,168.7,13.7,6.37,1.37,299.3,Severe
09-11-2023,479.4,317.6,29.4,44.1,54.6,47.6,8.92,99.7,76.4,7.81,8.64,1.11,477.0,Poor
10-11-2023,169.3,67.9,127.4,26.3,141.7,30.9,3.54,23.9,108.3,15.39,0.18,8.58,386.4,Good
11-11-2023,483.4,450.7,59.3,100.3,245.0,45.9,7.54,64.0,149.7,2.79,10.66,0.22,147.4,Very Poor
12-11-2023,47.6,466.4,130.1,96.8,121.3,27.1,3.57,16.0,72.0,16.77,27.52,4.62,377.3,Poor
13-11-2023,231.7,222.7,175.9,79.5,127.4,26.3,5.93,91.4,67.2,12.62,4.59,2.66,221.2,Good
14-11-2023,347.6,53.8,147.7,18.5,221.4,47.7,3.24,53.5,101.1,8.25,14.48,7.09,362.8,Severe
15-11-2023,437.9,15.6,192.0,16.3,217.7,1.2,8.55,25.5,27.0,5.23,0.06,1.78,125.2,Severe
16-11-2023,350.5,29.2,194.9,138.9,188.8,39.7,9.27,33.5,187.0,8.67,26.12,9.62,124.5,Severe
17-11-2023,349.3,131.6,155.3,53.9,61.0,12.9,1.5,93.3,69.0,3.44,26.91,8.01,382.0,Moderate
18-11-2023,75.8,440.4,57.9,37.8,66.2,40.2,9.83,1.2,61.8,15.2,4.72,9.79,245.1,Very Poor
19-11-2023,100.8,557.0,142.5,47.9,131.7,37.2,3.95,13.6,174.1,3.49,18.16,4.94,177.0,Poor
20-11-2023,370.9,18.9,140.8,31.3,181.8,44.7,3.61,34.2,187.1,11.92,28.51,4.06,257.1,Poor
21-11-2023,248.8,333.0,176.4,70.4,23.0,7.9,8.83,51.4,98.6,4.19,13.38,4.76,44.3,Poor
22-11-2023,66.0,145.5,112.6,63.9,151.5,28.1,7.74,40.4,152.4,8.84,14.85,0.58,435.1,Satisfactory
23-11-2023,379.1,328.3,141.7,113.8,232.8,37.2,4.42,37.6,50.1,17.16,0.74,0.59,217.3,Good
24-11-2023,161.4,553.2,39.5,95.7,218.2,17.2,0.46,16.0,35.6,8.14,20.04,2.28,150.9,Poor
25-11-2023,233.2,103.3,43.4,60.1,57.4,40.5,2.22,83.0,15.4,11.39,4.88,6.52,265.6,Poor
26-11-2023,141.3,564.6,101.0,130.4,191.3,24.6,7.74,32.8,129.1,18.79,10.76,4.07,456.4,Good
27-11-2023,230.4,462.1,180.6,12.3,179.1,29.4,0.66,3.4,161.1,2.6,27.95,3.38,330.7,Satisfactory
28-11-2023,72.3,327.8,23.4,74.2,51.4,49.7,0.93,29.7,37.1,19.1,20.69,3.92,330.2,Satisfactory
29-11-2023,409.9,345.3,15.9,122.1,71.5,12.4,9.35,3.1,197.1,7.89,14.61,0.9,459.7,Poor
30-11-2023,163.1,56.9,123.4,112.9,161.1,34.6,5.02,53.1,118.6,8.49,25.91,0.52,322.3,Satisfactory
01-12-2023,373.6,478.0,149.1,8.4,70.3,19.4,2.28,46.8,85.9,3.15,3.42,5.55,24.9,Poor
02-12-2023,368.1,353.6,9.2,148.6,122.6,25.8,3.62,85.6,79.6,12.32,23.82,1.31,317.0,Severe
03-12-2023,166.3,470.2,53.2,58.8,186.2,20.4,1.47,17.4,43.6,17.78,21.7,4.99,202.8,Good
04-12-2023,354.9,540.6,57.4,77.4,81.8,42.0,7.56,4.7,146.3,0.08,21.12,6.32,388.1,Poor
05-12-2023,151.8,236.0,147.9,95.8,39.7,22.0,8.76,38.3,145.7,14.34,16.39,3.63,178.8,Moderate
06-12-2023,137.9,201.6,183.0,18.5,118.2,27.0,1.33,27.4,149.4,4.38,29.34,8.33,430.4,Poor
07-12-2023,376.1,331.6,23.1,126.1,202.6,45.7,6.0,79.3,178.4,11.85,20.01,4.09,130.3,Severe
08-12-2023,56.8,20.8,179.0,38.3,23.3,27.0,6.16,18.5,86.1,9.95,10.87,8.72,253.7,Severe
09-12-2023,225.3,371.6,37.1,25.0,117.6,28.3,5.11,2.5,109.8,17.82,23.68,1.12,290.7,Poor
10-12-2023,484.2,116.0,122.7,131.7,16.9,32.5,0.02,1.7,107.5,14.45,22.11,5.63,38.9,Poor
11-12-2023,224.6,560.7,43.9,40.7,137.8,25.7,4.32,84.0,147.4,19.91,21.0,9.7,174.6,Very Poor
12-12-2023,289.0,117.8,42.6,138.1,66.7,31.1,5.7,36.9,189.5,17.48,18.15,8.85,496.5,Very Poor
13-12-2023,40.4,57.3,52.6,73.2,58.8,0.7,0.29,38.9,7.1,1.55,10.91,8.48,469.8,Poor
14-12-2023,10.9,440.8,5.0,133.5,207.5,41.6,3.17,62.6,195.9,12.22,12.1,8.51,258.9,Moderate
15-12-2023,224.0,382.8,192.8,54.0,91.4,7.1,0.47,73.9,135.6,7.38,29.15,2.75,269.1,Good
16-12-2023,159.2,590.3,86.4,92.3,161.7,33.1,7.94,49.3,73.3,7.91,17.82,6.11,124.6,Poor
17-12-2023,4.4,179.2,178.4,92.6,65.7,36.3,9.49,32.9,21.4,13.2,9.32,9.92,425.5,Moderate
18-12-2023,53.8,283.1,29.0,118.4,22.3,11.8,7.57,76.3,7.6,3.59,16.04,4.58,280.1,Satisfactory
19-12-2023,482.4,402.3,18.8,66.9,30.0,40.5,1.36,41.8,110.5,17.59,10.24,4.64,441.8,Very Poor
20-12-2023,143.2,89.6,117.9,123.8,164.4,23.4,4.77,84.0,7.6,6.93,7.78,7.33,485.2,Very Poor
21-12-2023,232.9,156.4,82.6,114.1,165.2,26.7,8.61,85.8,41.0,10.0,24.87,4.14,337.9,Poor
22-12-2023,213.5,424.4,149.8,32.1,150.7,10.3,6.06,95.0,57.8,2.59,2.47,3.58,264.5,Good
23-12-2023,417.7,113.5,90.9,16.3,17.7,36.5,7.18,97.2,97.7,8.32,9.86,9.43,74.8,Good
24-12-2023,351.1,225.1,198.8,31.4,115.8,47.6,4.97,11.3,196.9,2.74,6.03,8.22,46.1,Very Poor
25-12-2023,50.3,171.2,89.5,79.9,59.1,37.8,9.16,72.9,99.2,2.66,13.75,5.29,466.9,Severe
26-12-2023,236.5,176.4,130.0,63.3,13.9,11.4,4.55,5.9,186.4,3.3,21.31,8.95,483.5,Poor
27-12-2023,406.9,588.9,55.6,14.6,78.3,23.2,1.79,81.5,99.9,7.26,28.55,3.73,260.5,Satisfactory
28-12-2023,172.3,201.7,173.1,21.1,59.9,21.8,2.93,83.4,193.0,14.18,13.97,4.05,386.0,Very Poor
29-12-2023,307.5,406.6,171.4,57.6,13.2,2.8,5.51,12.7,8.8,18.33,22.95,6.49,60.5,Very Poor
30-12-2023,176.8,152.9,145.4,82.2,220.1,43.3,1.01,95.3,127.8,10.88,12.46,4.65,460.8,Poor
31-12-2023,151.9,237.1,68.3,113.4,186.4,8.1,2.17,96.8,194.2,12.1,10.81,4.1,36.6,Satisfactory
01-01-2024,76.7,9.1,183.6,78.6,43.0,6.4,6.44,17.5,66.6,6.16,26.3,0.13,450.4,Moderate
02-01-2024,493.4,419.7,138.1,136.3,193.4,49.5,1.2,54.9,8.8,8.32,26.8,8.55,133.3,Severe
03-01-2024,389.1,392.0,22.7,87.4,156.9,34.1,5.9,94.7,173.5,12.12,14.01,2.36,179.1,Poor
04-01-2024,226.7,165.3,25.6,137.3,84.0,1.4,7.21,87.4,135.1,0.02,9.56,6.58,402.9,Moderate
05-01-2024,198.9,100.3,135.3,82.9,165.6,9.6,1.98,79.2,55.4,9.94,14.39,5.04,142.1,Poor
06-01-2024,211.4,336.0,57.5,149.6,126.5,15.0,6.22,29.2,108.0,15.6,11.2,7.05,489.7,Poor
07-01-2024,13.7,299.8,69.4,94.9,133.7,48.2,2.84,55.3,49.4,12.67,8.11,6.95,152.9,Very Poor
08-01-2024,126.1,146.7,67.6,92.8,249.5,39.9,5.33,67.7,95.3,9.72,5.14,2.56,174.5,Very Poor
09-01-2024,16.2,379.8,186.7,57.0,222.8,21.2,6.56,82.7,170.3,4.22,17.42,1.47,298.8,Severe
10-01-2024,54.5,137.8,173.2,86.4,170.4,18.3,5.73,20.9,90.3,6.74,5.76,4.26,117.1,Satisfactory
11-01-2024,494.0,181.5,33.6,58.3,200.9,49.7,8.66,7.2,156.3,19.39,16.5,5.57,6.3,Satisfactory
12-01-2024,245.4,139.5,135.4,65.5,8.5,20.1,7.34,87.1,94.1,8.19,4.86,6.68,277.0,Good
13-01-2024,361.4,450.6,137.8,139.0,32.1,25.4,0.72,76.5,129.0,0.23,18.88,6.12,430.4,Poor
14-01-2024,205.1,191.6,37.2,58.4,191.1,10.6,4.89,86.9,169.6,15.43,18.88,6.74,380.3,Poor
15-01-2024,344.5,499.6,78.8,46.1,69.5,45.3,2.84,48.8,78.0,17.28,8.51,9.2,123.0,Very Poor
16-01-2024,447.0,510.6,14.4,106.2,34.7,14.1,5.84,39.3,136.5,4.7,11.39,8.43,69.8,Moderate
17-01-2024,25.3,77.9,91.7,4.8,160.4,9.1,1.14,64.7,48.9,18.44,22.79,7.77,446.7,Satisfactory
18-01-2024,499.3,101.4,66.4,38.0,205.5,13.8,6.57,55.9,193.2,15.87,19.93,0.94,374.8,Poor
19-01-2024,148.9,216.6,152.8,101.6,70.0,45.0,3.93,12.7,199.0,6.49,24.76,0.41,233.6,Moderate
20-01-2024,215.1,110.7,194.2,132.5,132.5,15.4,1.3,61.1,121.6,1.36,18.34,9.05,11.8,Poor
21-01-2024,286.0,424.7,81.7,48.1,58.9,1.8,4.51,94.9,7.3,13.95,1.12,7.87,173.0,Poor
22-01-2024,157.3,119.8,129.7,58.0,51.4,7.5,6.05,58.0,7.5,13.13,25.47,1.24,226.6,Moderate
23-01-2024,88.3,434.7,128.9,18.3,37.3,11.3,6.82,85.0,132.2,9.53,15.05,0.24,34.5,Poor
24-01-2024,233.0,448.5,42.9,35.8,245.0,29.8,3.67,62.2,82.9,2.26,18.58,6.87,455.0,Very Poor
25-01-2024,95.0,296.7,160.0,62.6,129.5,15.9,5.68,9.2,5.0,3.67,26.01,5.21,254.0,Moderate
26-01-2024,70.1,61.2,93.4,58.2,235.9,21.6,0.59,87.8,172.5,2.25,26.66,2.32,176.0,Satisfactory
27-01-2024,424.2,107.9,194.0,123.6,165.7,1.0,8.18,82.3,174.2,7.07,3.94,8.83,390.5,Moderate
28-01-2024,83.5,60.5,36.7,99.7,22.5,22.9,2.91,39.8,92.3,15.54,16.23,1.91,98.1,Satisfactory
29-01-2024,365.4,476.0,164.2,149.5,59.6,1.4,9.65,35.2,93.4,2.2,13.99,2.73,251.8,Good
30-01-2024,331.2,228.9,84.9,126.1,244.2,26.9,7.71,84.8,0.6,10.24,7.44,8.05,382.3,Satisfactory
31-01-2024,284.7,192.7,179.7,94.8,225.8,27.1,1.92,7.3,57.3,11.33,24.94,2.99,47.4,Severe
01-02-2024,234.2,411.2,52.4,111.6,136.8,18.7,0.72,80.3,186.8,8.83,14.85,1.67,484.9,Good
02-02-2024,260.0,168.0,3.4,8.4,185.4,10.8,2.57,86.1,149.7,4.24,17.42,6.87,295.3,Severe
03-02-2024,175.5,558.0,87.6,74.2,219.4,2.0,0.57,68.8,16.5,10.7,15.97,5.09,21.6,Severe
04-02-2024,224.6,295.6,40.0,102.8,56.9,18.3,0.96,85.5,188.5,11.55,25.61,7.81,392.6,Good
05-02-2024,15.8,327.2,114.8,27.8,53.7,9.8,3.72,74.9,102.6,19.16,27.55,6.47,279.5,Very Poor
06-02-2024,81.5,18.9,68.6,140.2,26.9,5.5,1.79,22.3,67.8,11.35,4.23,7.14,424.3,Satisfactory
07-02-2024,286.9,88.2,25.9,128.4,168.5,11.0,9.1,38.7,25.8,10.29,16.49,5.25,176.2,Good
08-02-2024,7.2,489.0,19.6,96.7,72.1,15.8,4.01,68.0,189.8,16.83,2.51,8.16,172.5,Good
09-02-2024,28.6,139.3,126.3,11.5,102.8,6.7,1.67,67.5,166.7,19.7,7.41,6.87,141.6,Severe
10-02-2024,171.4,512.0,63.6,106.8,148.6,40.7,9.17,90.7,11.7,14.49,18.24,1.91,22.5,Very Poor
11-02-2024,14.4,229.9,199.2,31.9,158.7,24.3,5.4,41.4,53.8,9.03,13.48,2.12,277.6,Severe
12-02-2024,407.0,250.9,103.2,114.1,73.5,15.0,5.08,67.5,4.8,4.61,10.72,2.53,211.4,Moderate
13-02-2024,471.0,110.7,9.2,5.2,238.0,5.6,6.83,14.6,186.4,16.2,22.74,9.3,424.1,Severe
14-02-2024,388.6,322.6,26.6,40.8,63.5,26.6,3.85,11.8,165.2,8.18,6.69,1.37,478.3,Poor
15-02-2024,483.9,8.6,74.9,93.5,37.7,41.9,8.45,64.8,50.2,11.74,15.0,9.21,29.0,Poor
16-02-2024,93.3,438.4,27.0,71.1,151.1,11.6,5.57,89.1,146.2,18.15,22.99,4.69,157.2,Severe
17-02-2024,50.2,578.3,127.9,135.8,115.1,14.2,3.59,81.8,1.8,4.45,14.97,9.38,273.8,Poor
18-02-2024,54.2,2.8,197.3,144.1,62.5,40.8,3.36,57.8,115.2,15.07,18.04,0.01,122.5,Severe
19-02-2024,475.2,582.1,73.1,82.9,168.8,33.4,5.76,82.6,109.9,6.74,18.68,3.27,228.0,Moderate
20-02-2024,241.7,24.3,4.0,47.3,240.0,37.9,2.0,4.9,4.9,16.28,13.46,8.45,141.6,Good
21-02-2024,138.4,562.4,170.8,87.8,113.7,3.9,1.24,65.0,10.0,8.88,10.0,6.8,36.2,Severe
22-02-2024,243.2,84.5,112.5,12.5,249.9,19.5,8.47,73.1,36.3,15.98,3.03,6.13,482.1,Very Poor
23-02-2024,365.4,396.1,22.0,41.4,14.0,5.6,6.68,50.7,154.0,13.72,9.7,0.94,314.3,Severe
24-02-2024,456.1,120.2,32.0,142.9,229.9,15.9,0.26,13.4,54.8,9.3,14.37,9.71,266.9,Poor
25-02-2024,395.7,543.2,33.9,114.3,81.6,14.2,8.21,90.1,197.0,3.42,27.78,7.88,200.4,Poor
26-02-2024,275.9,338.7,42.8,67.9,187.0,3.0,8.08,44.7,100.9,0.72,8.24,9.53,383.7,Satisfactory
27-02-2024,344.8,26.1,43.0,132.9,108.1,47.3,9.95,31.7,50.6,3.47,25.87,6.29,367.4,Moderate
28-02-2024,229.4,138.6,147.4,144.5,165.0,29.6,0.87,86.3,195.8,12.92,15.5,1.13,258.7,Very Poor
29-02-2024,122.2,292.0,101.6,90.8,111.2,2.3,2.63,80.1,196.8,18.68,27.3,0.33,72.8,Very Poor
01-03-2024,157.0,533.6,38.7,116.2,213.1,10.8,4.08,99.7,137.8,6.9,14.73,3.84,129.0,Severe
02-03-2024,348.2,58.1,85.9,82.9,8.7,4.1,1.88,80.4,159.4,12.84,22.63,6.66,218.9,Poor
03-03-2024,164.9,63.2,2.9,91.7,67.4,29.7,8.21,82.6,131.1,7.18,26.46,4.28,415.8,Severe
04-03-2024,362.7,552.9,132.0,95.8,189.0,33.8,4.88,22.7,181.9,10.78,20.91,2.62,48.4,Satisfactory
05-03-2024,271.0,124.6,45.9,84.6,233.3,12.3,3.62,48.5,160.7,12.64,24.0,7.12,99.8,Good
06-03-2024,96.6,17.3,188.7,105.2,131.9,29.2,1.41,72.2,126.2,17.95,15.55,0.28,35.4,Severe
07-03-2024,148.3,373.9,5.6,80.3,32.7,18.2,8.42,19.3,158.6,2.41,20.39,1.07,122.7,Severe
08-03-2024,340.3,115.7,39.4,122.9,179.6,48.6,6.69,51.0,8.7,6.61,26.68,4.53,260.5,Good
09-03-2024,432.7,376.0,22.1,32.1,195.1,41.7,2.96,87.1,183.9,7.27,12.63,8.28,481.8,Good
10-03-2024,378.5,132.9,179.6,103.0,64.2,7.2,5.93,66.3,167.7,3.77,9.08,4.81,294.5,Good
11-03-2024,238.0,97.1,144.1,83.5,32.6,18.1,0.83,90.1,189.9,4.0,24.46,7.62,192.4,Poor
12-03-2024,395.1,17.0,151.0,41.1,115.7,40.2,6.66,32.3,99.5,9.45,10.51,3.03,82.3,Good
13-03-2024,217.9,408.0,15.3,138.3,18.9,9.4,5.23,64.1,118.9,19.1,21.9,8.99,233.2,Satisfactory
14-03-2024,413.8,169.7,115.8,62.9,156.6,19.3,5.32,33.7,135.7,16.26,9.36,3.05,486.0,Satisfactory
15-03-2024,216.0,536.1,199.9,71.9,98.2,49.0,5.85,43.0,91.1,13.41,0.11,7.59,134.2,Severe
16-03-2024,443.6,234.0,117.3,95.0,102.3,5.2,3.11,19.5,126.7,2.84,11.71,4.03,159.1,Satisfactory
17-03-2024,487.3,204.1,192.9,140.4,240.9,14.5,8.31,72.1,33.8,16.66,24.28,8.99,144.7,Moderate
18-03-2024,114.1,33.5,120.7,83.5,247.7,19.5,7.1,82.4,103.2,14.48,1.79,7.74,280.6,Poor
19-03-2024,431.8,296.7,86.9,10.3,117.3,45.4,3.38,81.0,163.6,8.63,24.62,1.3,103.8,Very Poor
20-03-2024,176.6,58.4,141.3,137.8,204.9,33.7,6.88,0.0,56.0,15.62,1.32,4.2,238.3,Good
21-03-2024,131.1,139.2,92.3,148.2,62.1,31.7,6.0,99.2,139.5,5.36,22.36,0.08,453.4,Severe
22-03-2024,178.6,485.9,48.0,59.1,226.7,27.2,1.08,37.8,191.5,11.67,4.55,5.46,304.7,Moderate
23-03-2024,255.5,7.2,176.6,69.1,42.1,3.4,5.8,88.9,50.1,19.24,27.5,8.95,17.7,Good
24-03-2024,15.4,44.9,13.0,85.3,206.8,31.1,6.24,69.9,151.5,7.56,29.12,1.81,135.2,Good
25-03-2024,348.4,184.8,65.3,31.0,139.7,46.6,3.8,39.4,144.2,6.28,6.89,1.31,137.9,Very Poor
26-03-2024,378.7,362.9,77.4,64.8,54.2,22.7,4.1,54.9,118.6,12.51,12.22,2.28,19.0,Very Poor
27-03-2024,106.4,374.6,73.2,3.9,237.2,4.9,6.36,37.1,161.5,3.33,25.17,6.84,228.6,Good
28-03-2024,269.6,532.6,52.8,44.4,73.5,39.4,8.04,62.9,103.9,3.13,21.77,4.77,208.0,Moderate
29-03-2024,82.3,247.1,156.6,90.7,238.9,24.1,6.87,45.0,73.7,8.33,3.72,4.97,348.0,Very Poor
30-03-2024,172.2,550.6,0.8,113.5,102.7,43.8,4.38,41.4,40.5,14.66,11.09,1.76,43.8,Very Poor
31-03-2024,283.4,165.9,147.7,13.7,21.4,32.3,8.49,22.8,26.8,7.57,5.45,9.27,434.7,Moderate
01-04-2024,53.5,524.8,76.5,121.4,183.4,17.2,6.67,24.5,44.5,19.01,22.45,8.77,25.6,Very Poor
02-04-2024,145.4,326.1,104.5,7.8,231.4,14.4,9.58,89.1,17.3,9.64,25.43,6.75,126.0,Very Poor
03-04-2024,449.4,269.6,179.6,102.1,161.4,11.3,7.92,91.1,182.2,11.39,18.05,4.46,419.9,Very Poor
04-04-2024,117.1,302.8,124.4,134.4,15.9,30.4,3.84,59.7,104.4,6.55,22.74,0.7,156.8,Very Poor
05-04-2024,277.7,492.9,145.0,149.6,23.6,35.4,3.18,33.9,178.7,14.96,13.71,8.23,361.9,Good
06-04-2024,272.1,550.0,72.3,70.0,49.6,1.8,4.7,83.5,160.2,12.27,12.0,3.93,338.9,Very Poor
07-04-2024,427.1,185.1,116.9,90.4,209.8,37.2,9.37,9.9,31.9,7.19,0.91,8.56,475.9,Very Poor
08-04-2024,66.7,403.5,110.2,19.3,166.6,10.9,4.41,50.2,135.0,19.71,20.69,0.39,207.1,Good
09-04-2024,346.6,588.7,30.6,31.0,168.4,0.7,9.31,85.5,104.4,6.86,26.22,2.69,202.6,Satisfactory
10-04-2024,291.9,542.5,67.4,52.0,63.3,1.7,8.92,21.3,87.2,8.49,24.07,3.8,86.4,Severe
11-04-2024,20.3,469.5,55.5,137.5,102.7,33.1,4.34,67.6,94.4,3.39,21.33,3.49,496.3,Good
12-04-2024,132.1,237.3,140.6,41.0,218.7,0.1,8.96,2.7,73.0,15.91,17.18,5.16,252.3,Severe
13-04-2024,45.5,529.2,152.7,67.5,101.4,27.9,8.38,77.8,61.4,10.92,23.12,9.64,63.0,Moderate
14-04-2024,350.2,535.4,37.1,81.1,181.8,5.1,4.96,82.9,164.0,15.46,26.24,8.76,352.7,Severe
15-04-2024,17.3,97.2,93.8,118.2,9.8,33.2,5.79,86.0,164.7,11.0,6.5,5.16,342.4,Severe
16-04-2024,184.6,541.3,161.6,123.0,35.4,14.7,5.69,87.0,114.1,14.03,28.5,2.31,232.9,Moderate
17-04-2024,298.2,405.6,123.7,88.8,42.1,39.5,1.2,42.6,172.5,15.92,6.38,3.08,256.2,Very Poor
18-04-2024,142.6,293.6,72.8,10.6,94.4,26.1,1.72,66.0,28.0,1.58,15.76,2.47,180.7,Good
19-04-2024,75.1,511.4,69.5,127.4,37.6,17.4,7.95,55.2,121.3,18.29,14.13,2.07,62.3,Moderate
20-04-2024,104.1,260.9,99.8,84.7,186.7,29.7,2.09,5.9,153.0,2.57,6.72,6.8,154.6,Moderate
21-04-2024,14.9,517.0,5.6,54.1,177.2,30.4,9.33,4.9,28.4,17.78,1.44,4.59,380.6,Severe
22-04-2024,121.8,546.6,194.6,118.1,123.8,38.4,9.4,54.3,109.5,5.96,1.69,4.5,10.5,Severe
23-04-2024,300.2,272.3,89.8,140.8,240.8,40.0,1.91,82.3,80.3,8.21,20.19,5.91,461.5,Very Poor
24-04-2024,314.6,294.3,110.0,82.1,225.9,3.6,9.32,53.9,91.2,11.73,1.98,3.1,283.9,Severe
25-04-2024,470.6,95.0,91.6,62.8,27.7,32.2,6.51,64.4,43.3,15.72,22.06,3.39,369.1,Satisfactory
26-04-2024,273.0,580.3,186.8,124.2,36.7,49.7,6.53,22.4,122.3,7.95,24.99,9.39,107.1,Severe
27-04-2024,48.0,333.3,67.3,106.9,65.7,22.9,7.1,33.0,9.7,19.23,25.48,9.33,468.1,Good
28-04-2024,73.5,158.9,53.0,50.2,238.2,29.8,2.98,64.7,47.2,15.37,4.35,5.6,103.4,Very Poor
29-04-2024,237.6,159.5,6.2,66.1,198.5,24.1,7.02,44.6,106.0,16.1,12.52,4.14,358.0,Poor
30-04-2024,398.5,271.2,24.8,109.4,71.3,22.7,6.88,33.1,46.0,9.69,10.41,4.25,329.9,Moderate
01-05-2024,210.3,139.4,38.4,1.9,216.4,29.5,3.97,67.3,17.7,18.57,29.43,6.26,7.6,Good
02-05-2024,365.6,423.0,160.9,65.8,75.5,12.6,0.61,54.6,153.9,9.53,21.85,5.2,414.0,Moderate
03-05-2024,262.6,26.0,199.5,114.5,74.5,24.5,2.74,48.6,28.0,15.02,26.29,8.0,303.4,Severe
04-05-2024,381.1,132.0,61.3,0.1,242.9,32.5,3.4,23.7,1.0,4.92,28.72,5.91,462.0,Satisfactory
05-05-2024,231.4,506.1,120.8,34.4,140.6,14.8,0.43,82.4,28.0,8.96,8.73,9.29,214.1,Poor
06-05-2024,432.9,188.9,189.2,59.9,146.7,44.2,4.45,47.8,41.1,18.78,9.42,1.44,51.2,Very Poor
07-05-2024,168.5,564.5,102.1,11.8,219.9,23.1,3.46,50.8,68.7,19.73,22.87,2.85,119.1,Good
08-05-2024,393.4,149.2,170.1,73.6,91.5,6.7,3.5,28.0,124.0,3.15,24.62,1.36,1.5,Severe
09-05-2024,222.0,401.9,69.8,98.9,15.0,49.5,7.36,29.6,193.9,8.22,29.95,3.25,178.1,Severe
10-05-2024,250.7,74.9,126.5,27.3,67.1,4.1,6.41,85.1,134.2,13.07,1.67,8.74,63.1,Moderate
11-05-2024,179.4,75.3,110.0,118.3,197.3,18.4,7.31,38.9,187.0,13.27,21.74,5.61,319.3,Good
12-05-2024,227.8,134.9,199.9,7.7,197.1,43.3,2.99,10.0,12.2,16.26,28.29,1.76,159.4,Satisfactory
13-05-2024,456.8,194.5,174.0,87.3,73.5,41.4,6.28,25.5,46.5,19.09,14.93,7.99,285.5,Poor
14-05-2024,174.6,179.3,143.0,48.0,228.3,28.7,5.04,86.5,78.7,3.5,17.37,3.71,368.3,Severe
15-05-2024,378.0,421.6,118.8,123.0,124.9,8.9,8.38,50.2,96.5,9.69,4.36,4.61,455.7,Moderate
16-05-2024,81.1,23.7,100.5,78.8,50.5,49.8,2.75,73.7,98.5,8.54,2.63,9.96,87.7,Good
17-05-2024,258.3,451.6,113.5,130.7,91.0,17.3,6.65,84.4,30.3,12.64,24.04,4.31,124.2,Severe
18-05-2024,91.2,10.6,173.9,34.4,237.0,40.7,1.92,54.5,10.4,2.04,20.5,9.43,84.4,Very Poor
19-05-2024,207.5,350.5,20.5,63.7,234.0,31.8,6.28,92.3,97.9,3.48,4.96,4.01,29.0,Satisfactory
20-05-2024,194.8,325.5,14.5,11.1,42.9,7.5,1.07,78.5,0.2,10.68,21.32,6.09,308.7,Satisfactory
21-05-2024,78.2,591.4,180.0,121.0,20.9,10.6,3.78,24.2,4.3,0.11,12.45,4.62,250.7,Good
22-05-2024,9.5,458.2,90.3,69.5,188.2,35.5,2.43,32.8,122.1,0.91,22.9,1.44,8.2,Severe
23-05-2024,113.0,134.5,118.0,44.7,193.5,19.9,1.68,54.1,92.6,10.24,19.02,3.04,418.1,Poor
24-05-2024,187.1,295.2,22.9,19.7,238.5,34.4,1.74,86.8,152.0,9.53,23.52,2.26,199.3,Satisfactory
25-05-2024,321.2,289.7,29.9,137.8,201.1,32.5,9.68,38.5,62.9,3.64,27.57,6.89,494.5,Very Poor
26-05-2024,304.2,324.7,10.0,106.8,5.3,13.7,0.99,35.4,122.0,8.41,9.83,7.59,78.0,Good
27-05-2024,467.5,398.8,19.6,147.9,224.3,22.4,1.31,38.0,112.8,8.27,9.93,9.82,472.9,Poor
28-05-2024,125.0,433.4,135.0,131.4,23.0,41.7,0.41,79.2,94.6,19.26,4.35,0.34,356.8,Good
29-05-2024,357.6,338.6,75.7,92.5,212.6,42.5,9.56,80.2,73.6,18.52,26.83,7.49,187.1,Good
30-05-2024,423.7,374.6,33.3,0.4,113.1,34.2,5.73,92.5,67.0,15.98,26.42,3.88,217.3,Severe
31-05-2024,274.7,298.2,80.8,78.3,249.4,34.6,6.33,42.0,188.3,0.16,5.78,9.25,255.4,Satisfactory
01-06-2024,481.3,431.5,43.3,70.7,175.2,31.7,4.09,25.1,166.3,9.52,10.87,2.29,463.8,Severe
02-06-2024,423.3,105.8,191.7,121.8,112.6,39.7,8.95,53.3,138.9,10.88,13.21,3.11,262.7,Severe
03-06-2024,269.6,575.0,28.1,34.6,80.0,34.7,0.48,66.9,51.4,11.47,8.05,7.42,36.4,Poor
04-06-2024,121.4,507.0,178.4,103.1,231.2,44.3,3.52,6.3,43.0,5.9,14.14,8.17,196.2,Severe
05-06-2024,38.0,106.9,57.5,22.2,159.8,20.7,8.48,4.3,36.4,19.01,16.99,4.83,423.0,Poor
06-06-2024,394.4,293.7,133.4,29.2,13.6,18.9,6.45,19.8,13.2,11.24,5.51,9.18,360.5,Good
07-06-2024,333.8,148.4,36.2,87.5,152.5,29.8,9.33,7.1,166.5,19.81,23.83,8.01,14.1,Satisfactory
08-06-2024,269.7,128.1,70.0,85.6,11.5,40.9,8.35,76.6,1.0,18.57,10.42,8.7,176.0,Severe
09-06-2024,137.1,181.9,114.9,142.8,32.3,26.7,8.87,49.9,197.8,7.05,17.73,1.39,240.6,Good
10-06-2024,428.4,120.6,170.0,30.6,105.8,27.0,3.85,22.6,171.4,13.15,27.94,3.04,60.4,Moderate
11-06-2024,341.6,128.3,121.7,114.7,222.2,32.6,5.83,96.6,170.5,7.68,19.94,5.15,235.5,Very Poor
12-06-2024,149.5,39.0,26.3,3.0,46.5,44.2,5.33,3.5,71.6,13.0,5.83,7.6,192.5,Moderate
13-06-2024,470.3,335.5,56.5,22.9,161.5,2.1,6.98,64.4,182.2,6.88,14.38,9.29,402.1,Severe
14-06-2024,302.4,256.0,177.7,24.6,151.5,5.6,4.93,54.1,17.3,7.98,23.34,7.87,423.1,Satisfactory
15-06-2024,374.5,154.4,179.2,72.4,47.7,36.6,5.79,63.6,22.0,0.84,1.78,1.56,94.0,Satisfactory
16-06-2024,373.4,189.5,189.8,80.3,121.4,21.0,4.57,27.3,131.1,0.38,8.23,1.01,210.3,Very Poor
17-06-2024,368.2,251.4,80.7,129.6,202.3,1.0,6.2,16.3,74.3,12.58,23.04,3.55,480.5,Moderate
18-06-2024,118.1,327.9,87.0,128.4,7.8,12.9,3.93,49.8,69.2,18.33,12.06,1.6,273.1,Satisfactory
19-06-2024,147.8,144.3,68.0,148.0,81.0,3.0,3.06,16.9,53.6,3.41,6.24,7.34,269.3,Severe
20-06-2024,98.7,420.3,119.5,52.7,176.5,14.0,7.79,3.6,174.4,11.25,5.18,6.25,295.6,Good
21-06-2024,109.1,138.9,3.0,96.2,17.5,16.2,9.5,92.2,34.0,19.7,20.42,1.59,310.2,Satisfactory
22-06-2024,84.9,568.4,22.1,15.2,117.6,28.5,2.82,82.5,137.1,11.21,17.32,1.21,141.0,Severe
23-06-2024,386.3,286.4,147.3,48.2,91.4,29.1,8.61,81.9,67.1,9.82,24.98,5.29,257.0,Moderate
24-06-2024,303.0,147.6,60.3,140.8,168.8,17.1,2.24,38.0,148.4,8.35,26.13,1.8,391.6,Good
25-06-2024,213.9,366.5,141.6,114.2,212.9,29.4,1.35,11.0,105.0,14.69,9.82,5.58,242.6,Poor
26-06-2024,392.1,545.7,125.9,90.0,112.2,22.6,1.59,74.5,38.7,16.18,22.66,0.67,355.4,Very Poor
27-06-2024,402.8,220.7,64.7,66.6,124.1,1.7,0.44,49.1,70.0,7.6,23.0,1.18,468.8,Good
28-06-2024,394.2,432.1,15.2,127.4,69.9,38.6,6.38,23.8,25.7,6.47,29.64,0.76,371.5,Severe
29-06-2024,337.9,597.0,16.7,41.6,222.4,34.4,4.92,76.4,40.6,1.98,3.18,5.99,151.5,Moderate
30-06-2024,191.2,62.8,41.8,20.0,128.8,20.9,8.05,94.8,76.1,5.02,15.93,9.22,219.4,Satisfactory
01-07-2024,168.7,419.0,68.1,27.2,67.7,23.8,4.62,12.9,188.1,12.97,10.31,1.67,19.4,Poor
02-07-2024,41.2,46.8,121.6,35.5,38.7,47.7,1.05,36.7,43.5,4.82,6.32,0.45,11.5,Severe
03-07-2024,329.6,120.3,146.6,79.1,109.1,43.2,2.93,39.4,94.8,0.34,27.77,2.08,105.7,Satisfactory
04-07-2024,258.7,10.6,159.6,108.3,68.1,6.9,8.55,44.5,189.2,8.38,16.35,7.1,134.7,Moderate
05-07-2024,286.3,183.3,191.8,118.0,204.7,15.3,3.53,98.5,113.8,3.73,22.11,2.61,68.1,Severe
06-07-2024,97.4,123.5,138.8,23.0,214.3,44.4,1.89,32.4,72.8,17.2,16.02,3.79,86.3,Good
07-07-2024,255.0,427.2,113.2,11.4,122.7,29.0,0.08,26.1,45.6,14.08,17.0,6.43,426.5,Poor
08-07-2024,134.0,445.4,108.8,79.3,103.7,10.9,0.11,66.0,71.7,8.02,7.05,5.5,465.7,Very Poor
09-07-2024,398.9,535.5,59.8,72.9,240.3,3.3,5.6,44.0,161.7,1.92,23.97,8.38,347.6,Moderate
10-07-2024,486.5,502.4,182.6,59.8,158.1,33.7,0.42,57.3,113.5,18.0,27.69,0.61,424.8,Severe
11-07-2024,206.9,59.9,91.5,131.6,37.4,39.6,6.15,37.9,141.2,10.87,4.13,8.96,182.4,Very Poor
12-07-2024,235.2,470.8,150.3,40.9,123.0,17.9,5.04,36.0,52.2,16.62,22.77,0.86,232.3,Poor
13-07-2024,191.0,503.9,93.3,40.7,133.1,28.2,9.87,55.3,185.8,3.22,3.08,8.74,396.5,Poor
14-07-2024,198.4,496.9,110.4,92.2,134.3,12.2,4.47,85.9,2.4,15.17,12.69,0.82,402.2,Severe
15-07-2024,1.7,597.1,133.9,115.3,64.2,19.5,6.89,65.0,54.2,11.66,11.11,1.48,98.1,Very Poor
16-07-2024,381.8,283.2,165.7,27.2,191.4,1.6,3.4,76.8,185.4,8.48,2.5,5.25,438.7,Good
17-07-2024,236.7,478.4,145.0,140.5,15.8,43.9,7.79,17.3,103.5,12.25,5.11,6.86,429.4,Severe
18-07-2024,468.6,337.3,12.7,5.3,191.4,21.7,6.11,3.0,117.0,12.14,1.98,3.89,410.7,Very Poor
19-07-2024,392.6,41.7,101.1,99.9,200.4,41.9,2.88,55.9,154.1,13.76,21.82,5.43,351.4,Severe
20-07-2024,138.0,523.2,101.7,121.1,105.4,11.0,3.62,8.1,116.0,2.77,13.82,4.26,337.1,Poor
21-07-2024,268.8,134.9,161.5,119.8,134.1,36.8,0.35,81.7,146.6,10.94,23.29,7.33,140.4,Moderate
22-07-2024,177.5,281.7,79.7,103.9,10.1,48.2,4.78,42.0,114.3,10.88,10.41,3.42,478.3,Moderate
23-07-2024,46.6,416.5,151.9,61.6,98.5,20.7,9.75,88.9,6.2,0.61,20.79,5.01,64.3,Severe
24-07-2024,6.4,556.3,118.9,62.8,177.5,36.6,8.46,93.0,15.7,9.9,25.34,1.91,144.9,Very Poor
25-07-2024,208.0,145.4,188.8,35.9,1.0,37.5,3.17,25.7,28.9,2.56,10.23,4.72,143.4,Satisfactory
26-07-2024,45.8,239.6,90.7,149.7,116.8,34.6,3.17,10.9,6.2,10.39,11.59,4.57,187.0,Very Poor
27-07-2024,79.0,446.4,111.7,131.7,188.6,47.4,7.77,76.6,73.4,6.85,18.67,4.88,432.5,Satisfactory
28-07-2024,492.5,317.8,38.2,42.0,79.6,21.6,1.7,25.4,35.1,1.64,25.05,5.41,333.9,Very Poor
29-07-2024,483.3,254.6,89.6,48.6,142.7,43.1,1.97,49.7,114.0,17.71,6.94,5.8,487.8,Severe
30-07-2024,324.1,369.2,194.9,62.4,128.9,46.0,3.75,23.0,93.7,4.53,17.86,2.74,73.5,Good
31-07-2024,452.6,90.2,108.5,21.0,53.9,25.4,5.76,72.8,197.8,17.2,3.08,5.74,65.3,Severe
01-08-2024,110.0,510.6,174.5,70.8,205.1,12.0,4.56,10.2,182.2,7.44,26.51,2.9,198.6,Severe
02-08-2024,347.4,434.7,173.8,57.2,105.8,14.4,1.93,47.0,107.8,13.13,4.36,6.99,432.6,Good
03-08-2024,259.0,277.2,69.1,11.8,44.5,6.0,5.85,63.5,59.5,11.4,27.16,5.12,309.0,Moderate
04-08-2024,189.3,5.0,168.5,97.9,149.6,15.1,9.16,43.8,114.8,18.69,12.1,4.66,135.6,Good
05-08-2024,157.1,23.5,4.2,147.5,190.2,1.3,1.7,57.1,146.8,19.41,27.39,9.32,97.5,Severe
06-08-2024,1.1,520.9,151.8,124.4,117.2,46.7,5.93,29.9,176.8,1.83,11.13,6.16,403.7,Severe
07-08-2024,150.7,465.9,84.1,87.0,216.6,20.3,8.45,28.7,45.6,11.42,7.35,9.09,408.9,Good
08-08-2024,447.4,230.7,181.0,87.0,183.1,43.4,8.58,41.8,134.0,12.47,4.08,5.88,140.4,Poor
09-08-2024,241.6,563.3,45.3,54.1,237.5,16.0,3.35,0.1,62.8,10.49,12.48,4.9,55.9,Very Poor
10-08-2024,280.1,467.0,113.8,60.7,156.3,18.5,3.58,27.3,78.5,17.36,14.68,4.57,325.7,Satisfactory
11-08-2024,412.2,294.7,132.5,79.0,220.5,19.3,2.32,47.2,48.6,2.85,17.65,1.76,74.6,Very Poor
12-08-2024,224.5,4.0,170.4,75.7,90.0,36.0,0.16,3.3,105.0,5.84,20.15,2.53,48.9,Good
13-08-2024,165.9,403.8,74.1,25.5,29.1,18.0,7.1,86.5,150.9,10.95,27.26,7.99,497.8,Poor
14-08-2024,86.3,597.3,133.2,142.6,106.1,28.8,9.83,7.4,104.6,4.3,13.68,6.39,149.6,Satisfactory
15-08-2024,129.9,429.1,184.4,94.4,162.9,18.4,9.48,90.6,15.9,18.82,24.4,8.41,124.9,Satisfactory
16-08-2024,254.0,386.4,44.0,60.3,5.6,43.2,8.43,62.3,123.2,8.98,29.36,6.6,330.1,Severe
17-08-2024,256.4,357.0,145.7,122.0,208.3,11.4,0.59,57.8,127.3,19.01,7.07,2.7,417.2,Severe
18-08-2024,201.2,587.9,23.7,3.1,141.2,23.5,2.61,17.7,50.8,14.02,26.4,0.97,449.5,Poor
19-08-2024,256.9,426.7,169.8,15.0,56.8,23.5,4.89,43.3,17.0,9.43,9.27,6.07,230.8,Moderate
20-08-2024,367.5,334.5,59.0,116.0,2.4,12.1,6.2,43.3,166.1,10.83,1.29,7.84,357.9,Very Poor
21-08-2024,111.8,504.9,155.9,106.4,160.8,16.4,0.05,51.5,12.6,11.71,20.47,2.79,393.8,Severe
22-08-2024,276.3,509.8,97.7,105.4,179.6,3.5,8.25,79.9,85.3,9.75,29.93,5.36,35.6,Moderate
23-08-2024,336.8,438.0,160.1,128.5,112.2,16.6,5.73,77.1,2.9,18.3,11.82,3.68,241.4,Poor
24-08-2024,251.3,169.2,31.2,2.9,12.5,5.0,5.12,56.6,69.3,10.49,27.08,5.18,332.2,Very Poor
25-08-2024,441.2,263.8,69.1,15.2,204.0,25.2,7.19,56.0,179.6,15.53,10.35,9.87,112.1,Good
26-08-2024,340.0,410.8,64.2,140.8,200.2,32.3,7.53,68.2,50.1,3.21,27.8,3.04,142.7,Severe
27-08-2024,474.3,177.9,172.4,142.3,180.0,47.2,3.03,72.9,68.6,12.51,9.8,4.51,27.1,Very Poor
28-08-2024,491.9,51.1,12.9,120.0,4.6,16.0,6.31,96.1,134.7,0.04,16.84,4.39,324.7,Satisfactory
29-08-2024,247.6,425.7,110.8,60.4,248.0,11.6,3.28,52.3,80.7,19.7,2.93,4.27,128.8,Severe
30-08-2024,400.8,25.0,139.8,69.2,147.3,40.8,9.08,4.4,71.2,12.58,23.94,8.76,99.4,Good
31-08-2024,484.2,349.0,148.5,62.7,203.5,41.7,7.09,41.0,20.3,9.55,19.32,9.65,319.7,Severe
01-09-2024,90.7,519.6,164.8,14.5,8.1,39.0,3.22,77.6,191.2,19.87,2.51,3.08,229.0,Good
02-09-2024,318.1,0.1,11.7,136.2,173.3,36.1,4.92,45.2,70.9,6.77,22.58,0.47,394.1,Satisfactory
03-09-2024,450.4,232.0,163.0,18.3,8.4,19.2,7.27,75.0,85.7,2.49,3.12,1.72,33.5,Good
04-09-2024,35.1,364.7,188.9,66.2,222.5,3.8,5.86,2.5,40.7,8.94,20.16,9.95,164.6,Poor
05-09-2024,239.1,309.1,82.8,44.3,191.7,31.0,2.94,9.3,111.1,19.18,15.89,1.98,242.3,Good
06-09-2024,468.2,237.5,114.9,140.8,242.6,27.8,2.47,84.4,117.4,0.56,2.4,6.27,311.1,Good
07-09-2024,60.0,303.7,22.0,99.6,176.0,1.6,8.23,22.4,83.5,12.06,11.61,3.39,175.7,Moderate
08-09-2024,73.5,22.6,85.8,68.5,151.6,36.9,5.74,8.2,107.2,7.33,17.78,9.16,307.6,Very Poor
09-09-2024,106.2,368.5,49.5,149.5,124.0,18.1,4.37,98.9,46.6,13.6,25.44,1.65,207.3,Satisfactory
10-09-2024,199.8,257.4,0.4,110.5,112.1,29.4,3.42,51.9,15.6,6.08,13.96,1.3,111.7,Severe
11-09-2024,147.9,557.9,158.0,1.1,136.7,41.4,0.81,75.2,167.4,4.46,26.1,2.0,410.9,Poor
12-09-2024,494.8,426.5,38.0,89.7,154.4,18.7,7.15,41.3,42.8,9.27,29.08,1.41,470.0,Poor
13-09-2024,157.0,399.2,120.9,82.2,76.7,15.7,2.16,84.5,121.3,7.79,13.1,9.66,374.4,Satisfactory
14-09-2024,313.7,198.4,33.0,109.7,129.7,29.5,7.89,45.4,48.9,15.58,17.17,7.26,127.4,Moderate
15-09-2024,217.0,366.7,189.9,83.1,170.1,20.5,9.81,89.1,53.6,10.22,17.88,7.68,475.2,Severe
16-09-2024,373.2,455.0,26.2,80.5,229.9,45.8,5.68,10.1,44.3,13.08,15.47,7.21,81.2,Very Poor
17-09-2024,58.1,206.7,141.6,107.5,184.5,5.7,4.24,72.5,125.5,0.06,4.02,6.33,473.2,Severe
18-09-2024,110.0,402.0,185.8,145.6,232.2,0.5,2.36,13.2,28.8,1.51,25.32,2.59,78.1,Poor
19-09-2024,39.8,1.6,142.4,112.5,214.5,10.5,4.34,93.1,10.2,11.9,16.33,5.33,329.6,Good
20-09-2024,222.1,322.6,147.4,106.8,143.2,20.4,4.45,3.9,23.1,3.07,1.32,4.6,241.0,Satisfactory
21-09-2024,80.4,126.4,128.8,46.8,59.1,1.8,0.59,63.1,198.5,2.89,19.33,2.28,227.5,Good
22-09-2024,466.7,349.1,39.0,16.5,249.4,7.9,3.23,38.7,57.6,17.8,1.88,8.77,69.1,Moderate
23-09-2024,255.7,334.3,106.5,4.2,181.4,48.2,6.74,4.9,78.4,11.68,16.93,2.34,24.4,Poor
24-09-2024,278.5,508.8,90.4,7.2,5.1,46.0,1.98,88.8,13.2,0.83,6.59,9.01,359.8,Severe
25-09-2024,250.5,34.8,145.0,50.2,75.8,9.1,5.33,51.4,1.6,14.92,9.29,5.92,401.5,Moderate
26-09-2024,106.0,506.9,8.7,83.7,128.8,6.6,0.64,66.1,72.5,13.82,18.08,1.08,368.9,Moderate
27-09-2024,208.8,71.2,3.1,2.1,30.5,14.1,2.12,99.6,157.9,9.74,3.13,6.05,313.3,Moderate
28-09-2024,439.3,185.5,74.2,58.9,143.3,34.6,6.47,17.6,56.7,18.25,4.05,4.8,319.2,Good
29-09-2024,51.8,399.0,150.8,64.8,131.5,9.7,1.82,90.9,50.8,10.48,22.55,7.75,137.5,Satisfactory
30-09-2024,241.3,119.5,20.1,5.5,24.7,15.2,3.96,50.6,195.4,10.94,17.64,9.7,160.7,Satisfactory
01-10-2024,243.6,370.3,167.2,87.4,246.0,45.3,9.83,3.2,39.3,9.19,22.51,6.96,177.4,Severe
02-10-2024,402.4,500.9,97.2,54.9,132.7,24.3,7.99,77.4,28.4,15.59,13.9,6.9,108.2,Severe
03-10-2024,311.4,77.5,99.1,143.0,24.7,23.5,8.2,9.2,175.0,7.57,22.94,3.38,50.3,Satisfactory
04-10-2024,257.5,382.3,117.9,116.0,126.2,11.4,7.61,83.4,103.8,13.52,18.14,8.19,165.1,Severe
05-10-2024,391.9,535.2,191.2,82.3,135.0,4.3,5.03,96.8,122.2,7.24,10.66,5.93,356.7,Moderate
06-10-2024,274.3,469.1,154.8,48.8,107.4,10.4,6.44,3.9,129.3,11.12,16.97,2.65,294.1,Very Poor
07-10-2024,84.4,239.0,156.4,79.7,173.4,7.3,3.44,97.0,152.5,4.19,6.14,3.67,276.7,Good
08-10-2024,498.6,285.5,142.1,9.1,247.7,38.1,1.16,18.9,138.1,4.28,3.22,3.53,224.0,Poor
09-10-2024,384.8,336.1,153.1,8.9,142.6,36.1,7.96,95.1,199.4,14.11,17.74,4.44,486.3,Good
10-10-2024,448.9,430.4,116.2,113.2,176.5,25.5,5.28,26.8,10.8,18.15,1.91,6.25,452.4,Moderate
11-10-2024,282.0,175.8,154.4,100.3,28.7,47.5,9.1,26.0,27.8,8.12,20.33,5.33,102.7,Poor
12-10-2024,315.3,408.0,173.9,6.9,110.5,24.0,2.23,67.7,161.4,12.67,6.69,3.93,441.3,Very Poor
13-10-2024,298.4,507.1,79.0,94.7,122.0,26.9,6.21,78.6,33.5,18.56,9.51,6.9,305.4,Severe
14-10-2024,28.2,378.2,48.3,149.5,190.9,4.8,2.35,83.8,111.7,4.78,7.79,7.9,408.7,Satisfactory
15-10-2024,310.7,61.9,146.1,120.6,184.8,2.7,0.23,50.7,196.6,7.43,27.77,1.18,1.9,Poor
16-10-2024,245.8,321.7,52.9,55.4,247.1,10.1,5.22,13.4,26.7,12.88,12.4,8.41,395.9,Moderate
17-10-2024,386.7,41.9,131.7,132.0,95.8,48.6,8.33,64.9,28.1,16.03,7.8,0.66,484.2,Satisfactory
18-10-2024,288.7,505.2,137.2,17.1,172.4,36.8,3.11,56.3,66.7,12.73,26.52,8.93,98.0,Poor
19-10-2024,249.7,438.1,112.9,2.6,5.4,1.6,9.27,18.2,47.2,5.62,2.9,2.31,100.0,Severe
20-10-2024,312.2,5.5,191.5,36.0,0.4,23.1,4.79,46.3,142.1,13.38,20.06,3.01,457.4,Severe
21-10-2024,478.3,270.4,14.8,1.0,48.4,46.8,8.12,16.7,110.3,11.54,22.78,8.95,364.2,Poor
22-10-2024,351.1,465.4,59.5,118.2,172.2,36.5,9.07,25.8,31.9,2.02,7.7,9.07,249.5,Satisfactory
23-10-2024,430.4,25.3,96.6,42.0,231.6,24.1,6.46,72.9,114.7,15.84,16.79,3.5,476.1,Moderate
24-10-2024,302.5,521.4,65.8,30.5,76.4,23.6,6.84,65.2,136.6,5.15,18.31,8.19,426.1,Very Poor
25-10-2024,219.4,31.4,171.0,87.5,190.8,33.0,1.23,96.9,193.8,2.49,13.69,0.1,254.0,Satisfactory
26-10-2024,29.2,188.3,66.6,135.3,142.9,10.9,2.93,55.4,113.9,3.65,4.67,2.89,174.3,Severe
27-10-2024,386.1,146.0,74.5,1.3,90.6,18.5,1.69,16.6,6.0,2.19,16.67,4.79,341.9,Severe
28-10-2024,134.1,506.3,60.5,149.4,20.9,7.3,0.25,48.7,37.4,4.57,12.73,4.54,109.1,Very Poor
29-10-2024,137.3,280.7,97.6,28.9,66.5,11.5,3.51,53.0,138.0,1.5,20.58,8.61,440.3,Very Poor
30-10-2024,481.8,194.9,177.8,62.4,93.8,12.1,0.73,29.1,114.0,18.23,24.63,8.03,270.9,Very Poor
31-10-2024,139.3,536.4,79.4,121.9,113.2,29.2,2.08,48.6,141.8,0.11,28.51,0.36,316.0,Very Poor
01-11-2024,261.0,41.7,192.6,99.0,16.7,6.0,9.5,80.6,129.0,10.86,29.92,5.16,477.7,Satisfactory
02-11-2024,126.1,112.8,1.7,27.4,7.9,14.9,3.07,96.4,184.6,0.48,9.66,6.53,424.7,Satisfactory
03-11-2024,202.1,71.1,66.8,138.5,222.1,18.6,8.37,76.0,20.9,19.56,5.64,8.46,36.2,Moderate
04-11-2024,351.8,210.3,175.7,119.4,199.9,27.7,4.96,2.8,31.8,16.46,3.16,4.47,394.1,Good
05-11-2024,115.1,15.0,155.8,29.0,249.7,8.9,0.28,10.0,102.9,11.66,15.21,6.31,440.7,Severe
06-11-2024,279.1,261.9,165.6,36.7,225.6,19.3,3.01,31.9,54.0,7.63,15.97,7.82,0.4,Very Poor
07-11-2024,123.1,210.8,32.4,100.7,13.2,42.1,5.78,46.9,66.0,5.92,29.76,4.03,419.7,Satisfactory
08-11-2024,220.5,109.8,67.0,96.1,66.4,9.3,1.3,20.4,69.4,19.95,4.41,1.2,200.9,Good
09-11-2024,465.8,434.2,76.9,103.6,214.6,32.6,2.09,8.0,124.0,3.82,25.23,5.94,216.3,Very Poor
10-11-2024,444.6,397.0,100.4,78.2,8.9,5.3,1.84,81.0,35.5,6.23,18.44,7.72,484.3,Moderate
11-11-2024,499.9,73.4,49.6,128.4,223.6,40.0,8.54,57.4,136.9,2.05,9.55,5.73,316.8,Satisfactory
12-11-2024,205.3,481.9,45.3,147.9,100.0,5.6,9.37,24.6,118.4,11.0,13.34,0.1,236.4,Moderate
13-11-2024,349.7,87.0,51.2,145.1,147.0,36.5,6.13,66.2,77.8,1.96,15.5,0.26,110.6,Severe
14-11-2024,126.5,310.0,143.2,61.0,134.9,40.8,4.62,23.4,129.4,0.95,1.71,1.37,242.5,Satisfactory
15-11-2024,294.6,515.1,147.4,41.6,4.1,5.4,2.47,78.4,23.3,5.07,28.13,3.56,449.6,Poor
16-11-2024,18.6,499.1,125.7,85.9,110.2,30.6,5.86,4.3,163.6,10.65,15.0,9.67,169.0,Severe
17-11-2024,410.2,21.2,136.7,133.9,13.4,1.0,4.78,0.8,142.6,16.32,21.32,5.96,11.4,Satisfactory
18-11-2024,146.7,537.9,46.8,130.3,82.9,28.6,4.32,83.0,140.3,15.28,6.04,0.41,110.3,Severe
19-11-2024,179.1,284.6,194.2,116.6,38.8,14.7,9.15,38.5,90.9,8.94,6.9,4.02,254.6,Poor
20-11-2024,107.2,203.7,65.3,126.4,6.7,30.4,5.54,5.0,99.4,9.94,1.2,5.71,269.7,Satisfactory
21-11-2024,234.0,243.9,191.2,29.5,215.0,35.8,6.07,20.4,76.2,3.68,9.43,7.21,12.3,Good
22-11-2024,189.2,368.3,70.1,132.0,73.6,41.2,5.88,30.5,54.6,17.26,4.03,1.04,241.2,Severe
23-11-2024,140.4,122.5,39.3,34.0,73.8,12.5,3.49,21.2,173.2,2.98,12.45,1.38,21.5,Moderate
24-11-2024,31.3,146.6,123.5,113.4,145.6,23.6,3.85,52.1,13.7,13.27,1.46,0.66,116.9,Very Poor
25-11-2024,128.2,282.5,40.4,140.5,41.6,23.9,8.69,28.3,119.6,15.32,9.27,6.7,252.7,Very Poor
26-11-2024,122.8,298.5,9.5,89.7,120.2,28.0,7.78,54.1,55.2,6.7,4.46,7.67,493.8,Poor
27-11-2024,290.3,270.4,150.1,105.9,247.5,1.4,9.08,38.3,160.7,0.57,22.9,7.86,111.3,Severe
28-11-2024,21.4,164.7,82.7,48.8,95.3,12.3,3.34,94.0,47.2,9.74,3.12,6.64,153.1,Very Poor
29-11-2024,446.7,358.3,43.0,33.3,158.8,12.1,8.63,57.2,118.2,6.28,23.41,3.34,185.8,Good
30-11-2024,159.7,541.5,138.6,55.6,9.5,42.0,1.5,84.6,164.3,2.76,14.65,9.3,119.5,Good
01-12-2024,344.0,80.7,13.5,33.0,63.1,33.6,5.59,18.5,121.7,10.81,16.88,5.48,99.2,Moderate
02-12-2024,57.0,554.4,64.8,104.2,165.4,9.2,6.15,3.3,140.3,2.68,3.97,5.68,458.8,Severe
03-12-2024,23.0,563.9,172.8,37.3,27.8,1.8,5.0,55.4,24.1,15.49,1.89,7.97,91.0,Satisfactory
04-12-2024,415.7,414.7,27.1,63.3,200.1,6.8,1.53,92.1,196.8,11.05,23.44,7.81,187.0,Satisfactory
05-12-2024,391.7,489.2,43.5,70.5,124.3,4.6,3.29,59.8,66.5,14.23,24.81,4.86,163.0,Severe
06-12-2024,190.7,570.8,193.8,148.1,131.2,4.2,1.66,12.2,117.7,12.22,14.96,6.73,10.9,Satisfactory
07-12-2024,332.8,522.9,164.9,132.0,119.3,49.5,1.84,25.8,15.9,4.6,22.98,8.71,88.9,Satisfactory
08-12-2024,135.8,49.6,114.2,87.2,205.9,1.3,3.9,6.0,19.0,5.85,24.81,0.27,367.3,Satisfactory
09-12-2024,259.8,541.3,78.3,51.6,13.9,25.5,8.5,61.3,62.2,15.02,10.02,0.69,376.1,Very Poor
10-12-2024,177.6,104.3,165.5,136.5,77.2,1.0,1.5,67.3,8.3,7.2,21.97,3.98,105.5,Severe
11-12-2024,437.7,246.9,13.1,131.9,121.1,3.3,7.04,22.7,29.7,14.65,20.77,7.84,185.4,Moderate
12-12-2024,317.4,153.1,132.3,70.4,62.9,8.7,0.71,5.9,183.2,10.53,3.68,3.4,175.5,Moderate
13-12-2024,26.7,257.4,130.9,141.3,43.0,37.2,7.27,22.0,118.4,19.82,21.38,1.34,23.9,Satisfactory
14-12-2024,429.1,221.4,199.2,93.5,35.2,15.4,9.8,99.7,104.0,1.95,12.18,6.64,480.8,Poor
15-12-2024,259.3,40.7,185.4,89.8,101.6,17.6,9.74,9.6,89.2,19.07,19.9,4.93,36.5,Severe
16-12-2024,82.9,156.9,171.5,31.3,36.4,43.9,3.68,85.3,148.4,1.92,17.3,3.37,456.5,Poor
17-12-2024,277.1,368.7,154.0,140.3,5.5,27.8,4.09,91.9,141.5,13.38,5.04,9.86,236.4,Very Poor
18-12-2024,313.4,365.2,181.0,81.5,119.0,26.7,1.98,26.8,82.1,7.35,0.16,5.45,133.4,Moderate
19-12-2024,76.1,434.7,21.1,41.4,156.5,0.5,3.82,15.9,89.2,8.25,7.47,3.11,384.5,Satisfactory
20-12-2024,470.0,525.7,2.1,5.0,15.5,29.1,1.45,33.9,101.1,13.6,20.13,1.85,192.7,Good
21-12-2024,340.7,447.0,38.1,57.2,74.6,33.2,3.77,51.9,87.2,6.82,22.18,1.16,389.6,Moderate
22-12-2024,284.6,592.2,84.2,44.9,124.1,24.3,4.27,73.3,109.7,11.17,5.85,6.51,259.7,Good
23-12-2024,236.0,182.3,10.1,132.1,196.7,15.5,6.74,55.5,19.5,1.86,22.68,2.71,497.2,Good
24-12-2024,75.0,480.0,21.6,99.7,33.9,31.0,4.62,97.6,15.0,9.99,26.75,6.03,281.1,Moderate
25-12-2024,93.8,489.1,192.7,101.9,9.5,31.2,7.73,18.2,126.7,17.15,22.06,7.52,299.3,Moderate
26-12-2024,418.3,299.3,48.9,42.9,198.0,41.2,2.38,86.1,183.6,3.39,15.59,2.85,331.4,Poor
27-12-2024,262.4,277.7,21.7,28.6,69.2,2.6,4.75,63.5,77.8,17.97,0.65,0.69,164.3,Moderate
28-12-2024,355.7,540.7,85.3,94.7,237.7,24.9,7.56,77.6,120.9,11.06,15.25,7.69,82.7,Very Poor
29-12-2024,414.8,242.8,122.0,82.9,192.7,26.0,2.1,65.7,8.3,19.0,3.66,1.72,8.3,Satisfactory
30-12-2024,219.2,510.9,152.3,81.0,150.3,8.4,4.2,16.4,88.4,6.75,12.88,4.93,202.8,Poor
31-12-2024,121.9,100.0,37.7,118.5,224.8,32.6,9.89,16.9,62.6,15.21,4.98,7.06,309.5,Very Poor
